restaurant_name,city,location,cuisine,menu_items,dish_count,avg_price_inr,menu_text,city_norm,loc_norm,osm_competitors,district_population,latitude,longitude
Restaurant 1,Bangalore,Indiranagar,Beverage,Beverage 2,1,188.1,Beverage 2,bangalore,indiranagar,50,9621551,12.9762913,77.6404672
Restaurant 1,Bangalore,Jayanagar,Appetizer / Beverage / Dessert / Main Course / Snack,Main Dish 33; Snack 11; Appetizer 20; Dessert 14; Beverage 1; Main Dish 32,6,305.7,Main Dish 33; Snack 11; Appetizer 20; Dessert 14; Beverage 1; Main Dish 32,bangalore,jayanagar,40,9621551,12.9322731,77.5824229
Restaurant 1,Bangalore,Koramangala,Appetizer / Main Course / Snack,Appetizer 16; Main Dish 40; Snack 14,3,194.8,Appetizer 16; Main Dish 40; Snack 14,bangalore,koramangala,26,9621551,12.9387366,77.624081
Restaurant 1,Bangalore,Mg Road,Appetizer / Beverage / Main Course,Beverage 8; Main Dish 13; Appetizer 6; Main Dish 47,4,188.6,Beverage 8; Main Dish 13; Appetizer 6; Main Dish 47,bangalore,mg road,54,9621551,12.9785264,77.6067902
Restaurant 1,Bangalore,Whitefield,Main Course,Main Dish 11,1,317.4,Main Dish 11,bangalore,whitefield,19,9621551,12.9987428,77.7579489
Restaurant 1,Chennai,Adyar,Beverage,Beverage 13; Beverage 11,2,187.0,Beverage 13; Beverage 11,chennai,adyar,32,4646732,13.00945,80.2577791
Restaurant 1,Chennai,Anna Nagar,Appetizer / Main Course / Snack,Main Dish 28; Main Dish 23; Snack 2; Appetizer 10; Snack 3,5,241.1,Main Dish 28; Main Dish 23; Snack 2; Appetizer 10; Snack 3,chennai,anna nagar,50,4646732,13.091249,80.2073398
Restaurant 1,Chennai,Nungambakkam,Snack,Snack 4,1,85.5,Snack 4,chennai,nungambakkam,30,4646732,13.0650626,80.240487
Restaurant 1,Chennai,T. Nagar,Dessert / Main Course,Dessert 14; Dessert 5; Main Dish 32; Main Dish 21,4,305.0,Dessert 14; Dessert 5; Main Dish 32; Main Dish 21,chennai,t. nagar,34,4646732,13.0408289,80.231836
Restaurant 1,Mumbai,Bandra,Main Course,Main Dish 38,1,277.0,Main Dish 38,mumbai,bandra,35,12442373,19.0579792,72.8402203
Restaurant 1,Mumbai,Juhu,Appetizer / Main Course,Main Dish 5; Appetizer 17,2,268.5,Main Dish 5; Appetizer 17,mumbai,juhu,51,12442373,19.1100215,72.8275275
Restaurant 1,Mumbai,Powai,Dessert / Main Course,Dessert 20; Main Dish 22,2,348.5,Dessert 20; Main Dish 22,mumbai,powai,35,12442373,19.1217195,72.9073476
Restaurant 1,New Delhi,Connaught Place,Appetizer / Dessert / Main Course / Snack,Dessert 18; Snack 12; Main Dish 13; Appetizer 15; Appetizer 18; Dessert 14,6,267.9,Dessert 18; Snack 12; Main Dish 13; Appetizer 15; Appetizer 18; Dessert 14,new delhi,connaught place,14,5000000,28.6347695,77.2193804
Restaurant 1,New Delhi,Hauz Khas,Main Course,Main Dish 32; Main Dish 16,2,529.4,Main Dish 32; Main Dish 16,new delhi,hauz khas,33,5000000,28.5505971,77.2013448
Restaurant 1,New Delhi,Karol Bagh,Beverage / Main Course,Beverage 7; Main Dish 26,2,351.6,Beverage 7; Main Dish 26,new delhi,karol bagh,13,5000000,28.6569198,77.191078
Restaurant 1,New Delhi,Rajouri Garden,Appetizer / Dessert,Dessert 17; Appetizer 15,2,236.9,Dessert 17; Appetizer 15,new delhi,rajouri garden,35,5000000,28.6514714,77.1204602
Restaurant 1,New Delhi,Saket,Appetizer / Dessert / Main Course,Main Dish 1; Appetizer 7; Dessert 5; Main Dish 38,4,419.1,Main Dish 1; Appetizer 7; Dessert 5; Main Dish 38,new delhi,saket,55,5000000,28.5264897,77.209631
Restaurant 1,Pune,Aundh,Appetizer / Snack,Appetizer 4; Snack 12,2,149.4,Appetizer 4; Snack 12,pune,aundh,41,9429408,18.5648834,73.8101957
Restaurant 1,Pune,Hinjawadi,Appetizer,Appetizer 15,1,230.7,Appetizer 15,pune,hinjawadi,13,9429408,18.5957532,73.7382151
Restaurant 1,Pune,Kothrud,Appetizer / Beverage / Main Course,Main Dish 43; Appetizer 17; Beverage 18,3,310.2,Main Dish 43; Appetizer 17; Beverage 18,pune,kothrud,32,9429408,18.5102618,73.8056676
Restaurant 1,Pune,Viman Nagar,Snack,Snack 1,1,114.8,Snack 1,pune,viman nagar,44,9429408,18.5733877,73.9133336
Restaurant 10,Bangalore,Indiranagar,Beverage / Main Course,Beverage 10; Main Dish 38; Beverage 18; Main Dish 48,4,206.9,Beverage 10; Main Dish 38; Beverage 18; Main Dish 48,bangalore,indiranagar,50,9621551,12.9704893,77.6430341
Restaurant 10,Bangalore,Jayanagar,Beverage / Snack,Beverage 13; Snack 3,2,230.4,Beverage 13; Snack 3,bangalore,jayanagar,40,9621551,12.9264711,77.5849898
Restaurant 10,Bangalore,Koramangala,Beverage / Main Course,Main Dish 6; Main Dish 11; Beverage 2,3,539.2,Main Dish 6; Main Dish 11; Beverage 2,bangalore,koramangala,26,9621551,12.9329346,77.6266479
Restaurant 10,Bangalore,Mg Road,Appetizer / Beverage / Main Course,Main Dish 18; Beverage 13; Appetizer 5; Beverage 18; Main Dish 19,5,343.6,Main Dish 18; Beverage 13; Appetizer 5; Beverage 18; Main Dish 19,bangalore,mg road,54,9621551,12.9727244,77.6093571
Restaurant 10,Bangalore,Whitefield,Dessert / Main Course / Snack,Snack 7; Main Dish 33; Main Dish 24; Dessert 20; Main Dish 8,5,519.9,Snack 7; Main Dish 33; Main Dish 24; Dessert 20; Main Dish 8,bangalore,whitefield,19,9621551,12.9929408,77.7605158
Restaurant 10,Chennai,Adyar,Beverage / Main Course / Snack,Main Dish 5; Main Dish 22; Main Dish 36; Snack 12; Beverage 13; Beverage 9,6,361.7,Main Dish 5; Main Dish 22; Main Dish 36; Snack 12; Beverage 13; Beverage 9,chennai,adyar,32,4646732,13.003648,80.260346
Restaurant 10,Chennai,Anna Nagar,Appetizer / Dessert,Appetizer 7; Appetizer 14; Dessert 13,3,169.2,Appetizer 7; Appetizer 14; Dessert 13,chennai,anna nagar,50,4646732,13.085447,80.2099067
Restaurant 10,Chennai,Nungambakkam,Main Course,Main Dish 20,1,364.3,Main Dish 20,chennai,nungambakkam,30,4646732,13.0592606,80.2430539
Restaurant 10,Chennai,T. Nagar,Main Course,Main Dish 15; Main Dish 34,2,660.9,Main Dish 15; Main Dish 34,chennai,t. nagar,34,4646732,13.0350269,80.2344029
Restaurant 10,Chennai,Velachery,Main Course / Snack,Snack 12; Main Dish 38,2,235.9,Snack 12; Main Dish 38,chennai,velachery,22,4646732,12.9831655,80.2228506
Restaurant 10,Mumbai,Andheri,Dessert / Main Course,Main Dish 42; Dessert 20,2,536.7,Main Dish 42; Dessert 20,mumbai,andheri,22,12442373,19.1226976,72.8464205
Restaurant 10,Mumbai,Bandra,Appetizer,Appetizer 2,1,118.2,Appetizer 2,mumbai,bandra,35,12442373,19.0521772,72.8427872
Restaurant 10,Mumbai,Goregaon,Dessert / Main Course,Main Dish 3; Dessert 8,2,196.8,Main Dish 3; Dessert 8,mumbai,goregaon,47,12442373,19.1678688,72.8495492
Restaurant 10,Mumbai,Juhu,Main Course,Main Dish 45,1,655.1,Main Dish 45,mumbai,juhu,51,12442373,19.1042195,72.8300944
Restaurant 10,New Delhi,Connaught Place,Appetizer,Appetizer 10,1,234.8,Appetizer 10,new delhi,connaught place,14,5000000,28.6289675,77.2219473
Restaurant 10,New Delhi,Hauz Khas,Beverage / Main Course,Main Dish 29; Main Dish 42; Beverage 19,3,340.1,Main Dish 29; Main Dish 42; Beverage 19,new delhi,hauz khas,33,5000000,28.5447951,77.2039117
Restaurant 10,New Delhi,Karol Bagh,Main Course,Main Dish 10; Main Dish 14,2,364.4,Main Dish 10; Main Dish 14,new delhi,karol bagh,13,5000000,28.6511178,77.1936449
Restaurant 10,New Delhi,Rajouri Garden,Appetizer / Dessert / Main Course,Main Dish 30; Dessert 5; Main Dish 27; Appetizer 16; Dessert 10; Main Dish 26,6,351.5,Main Dish 30; Dessert 5; Main Dish 27; Appetizer 16; Dessert 10; Main Dish 26,new delhi,rajouri garden,35,5000000,28.6456694,77.1230271
Restaurant 10,New Delhi,Saket,Appetizer / Beverage / Dessert / Main Course / Snack,Beverage 2; Appetizer 7; Snack 11; Dessert 1; Main Dish 11; Main Dish 48,6,340.0,Beverage 2; Appetizer 7; Snack 11; Dessert 1; Main Dish 11; Main Dish 48,new delhi,saket,55,5000000,28.5206877,77.2121979
Restaurant 10,Pune,Aundh,Appetizer / Main Course,Main Dish 28; Appetizer 19,2,146.9,Main Dish 28; Appetizer 19,pune,aundh,41,9429408,18.5590814,73.8127626
Restaurant 10,Pune,Baner,Appetizer / Dessert,Dessert 10; Appetizer 9,2,241.4,Dessert 10; Appetizer 9,pune,baner,49,9429408,18.5619937,73.7845232
Restaurant 10,Pune,Viman Nagar,Main Course / Snack,Snack 11; Snack 13; Snack 10; Main Dish 25,4,161.6,Snack 11; Snack 13; Snack 10; Main Dish 25,pune,viman nagar,44,9429408,18.5675857,73.9159005
Restaurant 100,Bangalore,Indiranagar,Appetizer / Main Course / Snack,Main Dish 43; Appetizer 19; Snack 6,3,239.1,Main Dish 43; Appetizer 19; Snack 6,bangalore,indiranagar,50,9621551,12.9736934,77.6358848
Restaurant 100,Bangalore,Jayanagar,Main Course,Main Dish 50; Main Dish 19,2,431.1,Main Dish 50; Main Dish 19,bangalore,jayanagar,40,9621551,12.9296752,77.5778405
Restaurant 100,Bangalore,Koramangala,Dessert / Main Course,Dessert 9; Main Dish 16,2,333.6,Dessert 9; Main Dish 16,bangalore,koramangala,26,9621551,12.9361387,77.6194986
Restaurant 100,Bangalore,Mg Road,Appetizer / Beverage,Appetizer 2; Beverage 2,2,178.0,Appetizer 2; Beverage 2,bangalore,mg road,54,9621551,12.9759285,77.6022078
Restaurant 100,Bangalore,Whitefield,Beverage,Beverage 10,1,83.4,Beverage 10,bangalore,whitefield,19,9621551,12.9961449,77.7533665
Restaurant 100,Chennai,Adyar,Dessert,Dessert 8,1,220.9,Dessert 8,chennai,adyar,32,4646732,13.0068521,80.2531967
Restaurant 100,Chennai,Anna Nagar,Main Course,Main Dish 46; Main Dish 48,2,295.9,Main Dish 46; Main Dish 48,chennai,anna nagar,50,4646732,13.0886511,80.2027574
Restaurant 100,Chennai,Nungambakkam,Main Course,Main Dish 28,1,212.8,Main Dish 28,chennai,nungambakkam,30,4646732,13.0624647,80.2359046
Restaurant 100,Chennai,T. Nagar,Appetizer / Beverage / Dessert,Beverage 11; Dessert 18; Appetizer 2; Dessert 5,4,172.8,Beverage 11; Dessert 18; Appetizer 2; Dessert 5,chennai,t. nagar,34,4646732,13.038231,80.2272536
Restaurant 100,Chennai,Velachery,Dessert / Snack,Snack 8; Dessert 10,2,145.9,Snack 8; Dessert 10,chennai,velachery,22,4646732,12.9773635,80.2254175
Restaurant 100,Mumbai,Andheri,Dessert,Dessert 9,1,173.0,Dessert 9,mumbai,andheri,22,12442373,19.1168956,72.8489874
Restaurant 100,Mumbai,Bandra,Main Course,Main Dish 8,1,556.0,Main Dish 8,mumbai,bandra,35,12442373,19.0553813,72.8356379
Restaurant 100,Mumbai,Goregaon,Appetizer / Main Course,Main Dish 35; Appetizer 4,2,442.9,Main Dish 35; Appetizer 4,mumbai,goregaon,47,12442373,19.1620668,72.8521161
Restaurant 100,Mumbai,Juhu,Main Course,Main Dish 23; Main Dish 25,2,514.8,Main Dish 23; Main Dish 25,mumbai,juhu,51,12442373,19.1074236,72.8229451
Restaurant 100,Mumbai,Powai,Main Course,Main Dish 9,1,568.1,Main Dish 9,mumbai,powai,35,12442373,19.1159175,72.9099145
Restaurant 100,New Delhi,Connaught Place,Appetizer / Main Course / Snack,Appetizer 15; Snack 14; Main Dish 5,3,259.5,Appetizer 15; Snack 14; Main Dish 5,new delhi,connaught place,14,5000000,28.6321716,77.214798
Restaurant 100,New Delhi,Hauz Khas,Beverage / Dessert / Main Course,Main Dish 20; Beverage 12; Beverage 19; Dessert 6,4,357.9,Main Dish 20; Beverage 12; Beverage 19; Dessert 6,new delhi,hauz khas,33,5000000,28.5479992,77.1967624
Restaurant 100,New Delhi,Karol Bagh,Appetizer / Main Course,Main Dish 1; Appetizer 1; Main Dish 20,3,264.0,Main Dish 1; Appetizer 1; Main Dish 20,new delhi,karol bagh,13,5000000,28.6543219,77.1864956
Restaurant 100,New Delhi,Rajouri Garden,Appetizer / Dessert / Main Course,Dessert 3; Appetizer 7; Main Dish 38,3,358.6,Dessert 3; Appetizer 7; Main Dish 38,new delhi,rajouri garden,35,5000000,28.6488735,77.1158778
Restaurant 100,New Delhi,Saket,Main Course,Main Dish 48; Main Dish 35,2,413.1,Main Dish 48; Main Dish 35,new delhi,saket,55,5000000,28.5238918,77.2050486
Restaurant 100,Pune,Aundh,Appetizer / Main Course,Main Dish 1; Appetizer 20,2,456.5,Main Dish 1; Appetizer 20,pune,aundh,41,9429408,18.5622855,73.8056133
Restaurant 100,Pune,Hinjawadi,Beverage / Snack,Snack 3; Beverage 1,2,240.3,Snack 3; Beverage 1,pune,hinjawadi,13,9429408,18.5899512,73.740782
Restaurant 100,Pune,Kothrud,Main Course,Main Dish 44,1,545.4,Main Dish 44,pune,kothrud,32,9429408,18.5044598,73.8082345
Restaurant 100,Pune,Viman Nagar,Main Course / Snack,Main Dish 30; Snack 4,2,408.5,Main Dish 30; Snack 4,pune,viman nagar,44,9429408,18.5707898,73.9087512
Restaurant 101,Bangalore,Indiranagar,Beverage / Main Course / Snack,Snack 7; Main Dish 6; Beverage 5,3,323.4,Snack 7; Main Dish 6; Beverage 5,bangalore,indiranagar,50,9621551,12.9765769,77.6447526
Restaurant 101,Bangalore,Jayanagar,Beverage,Beverage 10; Beverage 1,2,180.1,Beverage 10; Beverage 1,bangalore,jayanagar,40,9621551,12.9325587,77.5867083
Restaurant 101,Bangalore,Koramangala,Beverage / Main Course,Beverage 17; Main Dish 42; Main Dish 41,3,513.2,Beverage 17; Main Dish 42; Main Dish 41,bangalore,koramangala,26,9621551,12.9390222,77.6283664
Restaurant 101,Bangalore,Mg Road,Appetizer / Dessert / Main Course / Snack,Snack 1; Appetizer 2; Dessert 4; Main Dish 21,4,253.5,Snack 1; Appetizer 2; Dessert 4; Main Dish 21,bangalore,mg road,54,9621551,12.978812,77.6110756
Restaurant 101,Bangalore,Whitefield,Appetizer / Beverage / Dessert / Main Course,Appetizer 18; Dessert 2; Beverage 16; Main Dish 28,4,231.3,Appetizer 18; Dessert 2; Beverage 16; Main Dish 28,bangalore,whitefield,19,9621551,12.9990284,77.7622343
Restaurant 101,Chennai,Anna Nagar,Appetizer / Dessert,Dessert 7; Dessert 9; Dessert 3; Appetizer 17,4,248.0,Dessert 7; Dessert 9; Dessert 3; Appetizer 17,chennai,anna nagar,50,4646732,13.0915346,80.2116252
Restaurant 101,Chennai,Nungambakkam,Appetizer / Beverage / Main Course,Main Dish 46; Appetizer 20; Beverage 17,3,234.5,Main Dish 46; Appetizer 20; Beverage 17,chennai,nungambakkam,30,4646732,13.0653482,80.2447724
Restaurant 101,Chennai,T. Nagar,Beverage / Dessert / Main Course,Beverage 15; Dessert 1; Main Dish 46,3,233.5,Beverage 15; Dessert 1; Main Dish 46,chennai,t. nagar,34,4646732,13.0411145,80.2361214
Restaurant 101,Chennai,Velachery,Main Course,Main Dish 45,1,569.5,Main Dish 45,chennai,velachery,22,4646732,12.9805676,80.2182682
Restaurant 101,Mumbai,Andheri,Main Course,Main Dish 11,1,413.6,Main Dish 11,mumbai,andheri,22,12442373,19.1200997,72.8418381
Restaurant 101,Mumbai,Juhu,Appetizer,Appetizer 7,1,107.8,Appetizer 7,mumbai,juhu,51,12442373,19.1103071,72.8318129
Restaurant 101,Mumbai,Powai,Appetizer / Snack,Appetizer 4; Snack 4,2,165.7,Appetizer 4; Snack 4,mumbai,powai,35,12442373,19.1191216,72.9027652
Restaurant 101,New Delhi,Connaught Place,Main Course,Main Dish 1; Main Dish 31,2,440.6,Main Dish 1; Main Dish 31,new delhi,connaught place,14,5000000,28.6350551,77.2236658
Restaurant 101,New Delhi,Hauz Khas,Appetizer / Snack,Appetizer 3; Snack 12,2,90.1,Appetizer 3; Snack 12,new delhi,hauz khas,33,5000000,28.5508827,77.2056302
Restaurant 101,New Delhi,Karol Bagh,Appetizer / Beverage / Main Course,Main Dish 41; Beverage 13; Appetizer 9,3,295.8,Main Dish 41; Beverage 13; Appetizer 9,new delhi,karol bagh,13,5000000,28.6572054,77.1953634
Restaurant 101,New Delhi,Rajouri Garden,Snack,Snack 6,1,157.6,Snack 6,new delhi,rajouri garden,35,5000000,28.651757,77.1247456
Restaurant 101,New Delhi,Saket,Appetizer / Snack,Snack 13; Appetizer 13,2,120.2,Snack 13; Appetizer 13,new delhi,saket,55,5000000,28.5267753,77.2139164
Restaurant 101,Pune,Aundh,Main Course,Main Dish 2,1,152.2,Main Dish 2,pune,aundh,41,9429408,18.565169,73.8144811
Restaurant 101,Pune,Baner,Main Course,Main Dish 31,1,618.8,Main Dish 31,pune,baner,49,9429408,18.5561917,73.7870901
Restaurant 101,Pune,Kothrud,Beverage / Dessert / Main Course,Main Dish 1; Dessert 9; Beverage 16; Dessert 1,4,329.4,Main Dish 1; Dessert 9; Beverage 16; Dessert 1,pune,kothrud,32,9429408,18.5076639,73.8010852
Restaurant 102,Bangalore,Indiranagar,Main Course,Main Dish 16,1,352.8,Main Dish 16,bangalore,indiranagar,50,9621551,12.9671861,77.6393874
Restaurant 102,Bangalore,Jayanagar,Main Course,Main Dish 44; Main Dish 37,2,392.9,Main Dish 44; Main Dish 37,bangalore,jayanagar,40,9621551,12.9231679,77.5813431
Restaurant 102,Bangalore,Koramangala,Beverage / Dessert / Main Course,Main Dish 40; Dessert 11; Main Dish 45; Beverage 17,4,421.6,Main Dish 40; Dessert 11; Main Dish 45; Beverage 17,bangalore,koramangala,26,9621551,12.9296314,77.6230012
Restaurant 102,Bangalore,Whitefield,Main Course / Snack,Snack 13; Main Dish 35,2,164.4,Snack 13; Main Dish 35,bangalore,whitefield,19,9621551,12.9896376,77.7568691
Restaurant 102,Chennai,Adyar,Appetizer / Dessert / Main Course,Dessert 4; Main Dish 14; Dessert 10; Appetizer 4,4,295.1,Dessert 4; Main Dish 14; Dessert 10; Appetizer 4,chennai,adyar,32,4646732,13.0097356,80.2620645
Restaurant 102,Chennai,Anna Nagar,Beverage,Beverage 18,1,243.1,Beverage 18,chennai,anna nagar,50,4646732,13.0821438,80.20626
Restaurant 102,Chennai,Nungambakkam,Beverage / Main Course,Beverage 13; Beverage 11; Beverage 19; Beverage 4; Main Dish 39,5,224.3,Beverage 13; Beverage 11; Beverage 19; Beverage 4; Main Dish 39,chennai,nungambakkam,30,4646732,13.0559574,80.2394072
Restaurant 102,Chennai,T. Nagar,Beverage / Main Course,Main Dish 33; Beverage 9,2,390.8,Main Dish 33; Beverage 9,chennai,t. nagar,34,4646732,13.0317237,80.2307562
Restaurant 102,Mumbai,Goregaon,Snack,Snack 9,1,117.9,Snack 9,mumbai,goregaon,47,12442373,19.1652709,72.8449668
Restaurant 102,Mumbai,Juhu,Main Course,Main Dish 48,1,291.3,Main Dish 48,mumbai,juhu,51,12442373,19.1009163,72.8264477
Restaurant 102,Mumbai,Powai,Main Course,Main Dish 48,1,196.7,Main Dish 48,mumbai,powai,35,12442373,19.1220051,72.911633
Restaurant 102,New Delhi,Connaught Place,Appetizer / Main Course / Snack,Appetizer 12; Snack 2; Snack 5; Main Dish 27,4,184.5,Appetizer 12; Snack 2; Snack 5; Main Dish 27,new delhi,connaught place,14,5000000,28.6256643,77.2183006
Restaurant 102,New Delhi,Karol Bagh,Appetizer / Main Course,Appetizer 2; Appetizer 11; Main Dish 48,3,159.4,Appetizer 2; Appetizer 11; Main Dish 48,new delhi,karol bagh,13,5000000,28.6478146,77.1899982
Restaurant 102,New Delhi,Rajouri Garden,Beverage / Main Course,Main Dish 49; Beverage 20,2,483.5,Main Dish 49; Beverage 20,new delhi,rajouri garden,35,5000000,28.6423662,77.1193804
Restaurant 102,New Delhi,Saket,Beverage / Snack,Beverage 17; Snack 13,2,159.0,Beverage 17; Snack 13,new delhi,saket,55,5000000,28.5173845,77.2085512
Restaurant 102,Pune,Aundh,Main Course / Snack,Main Dish 19; Main Dish 17; Snack 2; Main Dish 11,4,304.3,Main Dish 19; Main Dish 17; Snack 2; Main Dish 11,pune,aundh,41,9429408,18.5557782,73.8091159
Restaurant 102,Pune,Baner,Main Course,Main Dish 10,1,303.0,Main Dish 10,pune,baner,49,9429408,18.5593958,73.7799408
Restaurant 102,Pune,Kothrud,Dessert,Dessert 16,1,330.9,Dessert 16,pune,kothrud,32,9429408,18.5105474,73.809953
Restaurant 103,Bangalore,Indiranagar,Beverage / Main Course,Main Dish 40; Beverage 10,2,207.2,Main Dish 40; Beverage 10,bangalore,indiranagar,50,9621551,12.9791975,77.63671
Restaurant 103,Bangalore,Koramangala,Appetizer / Dessert / Main Course / Snack,Appetizer 8; Snack 6; Dessert 7; Dessert 6; Main Dish 11,5,178.0,Appetizer 8; Snack 6; Dessert 7; Dessert 6; Main Dish 11,bangalore,koramangala,26,9621551,12.9416428,77.6203238
Restaurant 103,Bangalore,Whitefield,Dessert / Main Course,Main Dish 15; Dessert 8,2,403.4,Main Dish 15; Dessert 8,bangalore,whitefield,19,9621551,13.001649,77.7541917
Restaurant 103,Chennai,Adyar,Beverage / Dessert / Main Course,Main Dish 23; Dessert 5; Beverage 11,3,268.6,Main Dish 23; Dessert 5; Beverage 11,chennai,adyar,32,4646732,13.0003448,80.2566993
Restaurant 103,Chennai,Anna Nagar,Main Course,Main Dish 8; Main Dish 45,2,341.3,Main Dish 8; Main Dish 45,chennai,anna nagar,50,4646732,13.0941552,80.2035826
Restaurant 103,Chennai,Nungambakkam,Snack,Snack 4; Snack 8,2,128.6,Snack 4; Snack 8,chennai,nungambakkam,30,4646732,13.0679688,80.2367298
Restaurant 103,Chennai,T. Nagar,Main Course,Main Dish 10; Main Dish 19; Main Dish 44,3,466.0,Main Dish 10; Main Dish 19; Main Dish 44,chennai,t. nagar,34,4646732,13.0437351,80.2280788
Restaurant 103,Chennai,Velachery,Appetizer / Beverage / Main Course / Snack,Appetizer 10; Snack 8; Appetizer 11; Beverage 10; Main Dish 35,5,144.8,Appetizer 10; Snack 8; Appetizer 11; Beverage 10; Main Dish 35,chennai,velachery,22,4646732,12.9834511,80.227136
Restaurant 103,Mumbai,Andheri,Dessert / Main Course,Main Dish 7; Dessert 1,2,584.3,Main Dish 7; Dessert 1,mumbai,andheri,22,12442373,19.1229832,72.8507059
Restaurant 103,Mumbai,Bandra,Main Course,Main Dish 45,1,336.1,Main Dish 45,mumbai,bandra,35,12442373,19.0582648,72.8445057
Restaurant 103,Mumbai,Goregaon,Beverage / Dessert,Dessert 11; Beverage 4,2,274.8,Dessert 11; Beverage 4,mumbai,goregaon,47,12442373,19.1681544,72.8538346
Restaurant 103,Mumbai,Juhu,Beverage / Main Course,Main Dish 26; Beverage 18,2,174.8,Main Dish 26; Beverage 18,mumbai,juhu,51,12442373,19.1129277,72.8237703
Restaurant 103,Mumbai,Powai,Appetizer / Beverage / Dessert,Appetizer 16; Beverage 10; Beverage 20; Dessert 10,4,177.1,Appetizer 16; Beverage 10; Beverage 20; Dessert 10,mumbai,powai,35,12442373,19.1126143,72.9062678
Restaurant 103,New Delhi,Connaught Place,Snack,Snack 5,1,104.7,Snack 5,new delhi,connaught place,14,5000000,28.6376757,77.2156232
Restaurant 103,New Delhi,Hauz Khas,Beverage / Main Course,Beverage 17; Main Dish 25,2,336.6,Beverage 17; Main Dish 25,new delhi,hauz khas,33,5000000,28.5414919,77.200265
Restaurant 103,New Delhi,Karol Bagh,Main Course,Main Dish 9,1,446.5,Main Dish 9,new delhi,karol bagh,13,5000000,28.659826,77.1873208
Restaurant 103,New Delhi,Rajouri Garden,Beverage / Dessert / Main Course,Beverage 10; Main Dish 14; Dessert 13,3,409.4,Beverage 10; Main Dish 14; Dessert 13,new delhi,rajouri garden,35,5000000,28.6543776,77.116703
Restaurant 103,Pune,Aundh,Main Course,Main Dish 27; Main Dish 2,2,289.2,Main Dish 27; Main Dish 2,pune,aundh,41,9429408,18.5677896,73.8064385
Restaurant 103,Pune,Baner,Main Course,Main Dish 46,1,338.0,Main Dish 46,pune,baner,49,9429408,18.5622793,73.7888086
Restaurant 103,Pune,Hinjawadi,Appetizer,Appetizer 20,1,159.9,Appetizer 20,pune,hinjawadi,13,9429408,18.5931553,73.7336327
Restaurant 103,Pune,Kothrud,Main Course,Main Dish 39; Main Dish 1; Main Dish 36,3,665.7,Main Dish 39; Main Dish 1; Main Dish 36,pune,kothrud,32,9429408,18.5011566,73.8045878
Restaurant 104,Bangalore,Indiranagar,Beverage,Beverage 8,1,138.7,Beverage 8,bangalore,indiranagar,50,9621551,12.9712665,77.6479998
Restaurant 104,Bangalore,Jayanagar,Appetizer / Dessert,Appetizer 5; Dessert 9; Dessert 16,3,165.3,Appetizer 5; Dessert 9; Dessert 16,bangalore,jayanagar,40,9621551,12.9351793,77.5786657
Restaurant 104,Bangalore,Koramangala,Dessert / Main Course,Dessert 9; Dessert 15; Main Dish 40,3,281.6,Dessert 9; Dessert 15; Main Dish 40,bangalore,koramangala,26,9621551,12.9337118,77.6316136
Restaurant 104,Bangalore,Mg Road,Beverage / Main Course,Beverage 13; Main Dish 43; Main Dish 17; Main Dish 36,4,490.1,Beverage 13; Main Dish 43; Main Dish 17; Main Dish 36,bangalore,mg road,54,9621551,12.9694212,77.6057104
Restaurant 104,Bangalore,Whitefield,Main Course,Main Dish 24,1,252.3,Main Dish 24,bangalore,whitefield,19,9621551,12.993718,77.7654815
Restaurant 104,Chennai,Adyar,Appetizer / Beverage / Main Course,Appetizer 11; Beverage 12; Main Dish 50; Appetizer 17,4,380.1,Appetizer 11; Beverage 12; Main Dish 50; Appetizer 17,chennai,adyar,32,4646732,13.0123562,80.2540219
Restaurant 104,Chennai,Anna Nagar,Dessert,Dessert 9,1,392.6,Dessert 9,chennai,anna nagar,50,4646732,13.0862242,80.2148724
Restaurant 104,Chennai,T. Nagar,Appetizer / Main Course,Appetizer 1; Main Dish 36,2,399.3,Appetizer 1; Main Dish 36,chennai,t. nagar,34,4646732,13.0358041,80.2393686
Restaurant 104,Chennai,Velachery,Appetizer / Main Course,Main Dish 1; Appetizer 16,2,222.0,Main Dish 1; Appetizer 16,chennai,velachery,22,4646732,12.9740603,80.2217708
Restaurant 104,Mumbai,Andheri,Beverage / Main Course,Beverage 19; Main Dish 23,2,251.4,Beverage 19; Main Dish 23,mumbai,andheri,22,12442373,19.1135924,72.8453407
Restaurant 104,Mumbai,Bandra,Appetizer / Beverage / Main Course,Appetizer 10; Main Dish 28; Beverage 3; Main Dish 29,4,308.2,Appetizer 10; Main Dish 28; Beverage 3; Main Dish 29,mumbai,bandra,35,12442373,19.048874,72.8391405
Restaurant 104,Mumbai,Goregaon,Appetizer / Snack,Snack 9; Appetizer 15; Snack 3,3,161.2,Snack 9; Appetizer 15; Snack 3,mumbai,goregaon,47,12442373,19.1587636,72.8484694
Restaurant 104,Mumbai,Juhu,Main Course / Snack,Main Dish 14; Snack 10,2,251.0,Main Dish 14; Snack 10,mumbai,juhu,51,12442373,19.1049967,72.8350601
Restaurant 104,Mumbai,Powai,Appetizer / Main Course,Appetizer 4; Main Dish 21,2,291.1,Appetizer 4; Main Dish 21,mumbai,powai,35,12442373,19.1246257,72.9035904
Restaurant 104,New Delhi,Connaught Place,Appetizer / Main Course,Main Dish 34; Appetizer 15,2,241.7,Main Dish 34; Appetizer 15,new delhi,connaught place,14,5000000,28.6297447,77.226913
Restaurant 104,New Delhi,Hauz Khas,Dessert / Main Course,Main Dish 1; Dessert 12,2,383.0,Main Dish 1; Dessert 12,new delhi,hauz khas,33,5000000,28.5535033,77.1975876
Restaurant 104,New Delhi,Karol Bagh,Beverage / Dessert,Beverage 5; Dessert 8,2,112.9,Beverage 5; Dessert 8,new delhi,karol bagh,13,5000000,28.651895,77.1986106
Restaurant 104,New Delhi,Rajouri Garden,Appetizer / Main Course / Snack,Snack 11; Main Dish 42; Snack 7; Appetizer 19,4,279.8,Snack 11; Main Dish 42; Snack 7; Appetizer 19,new delhi,rajouri garden,35,5000000,28.6464466,77.1279928
Restaurant 104,Pune,Baner,Main Course,Main Dish 30,1,186.9,Main Dish 30,pune,baner,49,9429408,18.5528885,73.7834434
Restaurant 104,Pune,Hinjawadi,Main Course,Main Dish 11,1,549.0,Main Dish 11,pune,hinjawadi,13,9429408,18.5960388,73.7425005
Restaurant 104,Pune,Kothrud,Beverage,Beverage 20,1,231.7,Beverage 20,pune,kothrud,32,9429408,18.513168,73.8019104
Restaurant 104,Pune,Viman Nagar,Appetizer / Main Course,Main Dish 33; Appetizer 20,2,177.9,Main Dish 33; Appetizer 20,pune,viman nagar,44,9429408,18.5736733,73.917619
Restaurant 105,Bangalore,Indiranagar,Appetizer / Main Course,Main Dish 5; Appetizer 8; Main Dish 2,3,534.5,Main Dish 5; Appetizer 8; Main Dish 2,bangalore,indiranagar,50,9621551,12.9693273,77.6328352
Restaurant 105,Bangalore,Jayanagar,Main Course,Main Dish 42; Main Dish 20,2,378.2,Main Dish 42; Main Dish 20,bangalore,jayanagar,40,9621551,12.9272483,77.5899555
Restaurant 105,Bangalore,Koramangala,Beverage / Main Course / Snack,Main Dish 26; Beverage 1; Main Dish 32; Snack 10; Beverage 5; Main Dish 27; Main Dish 50; Snack 7,8,261.0,Main Dish 26; Beverage 1; Main Dish 32; Snack 10; Beverage 5; Main Dish 27; Main Dish 50; Snack 7,bangalore,koramangala,26,9621551,12.9317726,77.616449
Restaurant 105,Bangalore,Mg Road,Appetizer / Main Course,Main Dish 39; Appetizer 10; Main Dish 46; Main Dish 15,4,497.7,Main Dish 39; Appetizer 10; Main Dish 46; Main Dish 15,bangalore,mg road,54,9621551,12.9814326,77.603033
Restaurant 105,Bangalore,Whitefield,Appetizer / Beverage / Main Course,Appetizer 20; Beverage 5; Main Dish 25,3,197.3,Appetizer 20; Beverage 5; Main Dish 25,bangalore,whitefield,19,9621551,12.9917788,77.7503169
Restaurant 105,Chennai,Adyar,Main Course / Snack,Snack 2; Main Dish 12,2,370.5,Snack 2; Main Dish 12,chennai,adyar,32,4646732,13.0044252,80.2653117
Restaurant 105,Chennai,Anna Nagar,Beverage / Dessert / Main Course,Main Dish 26; Dessert 9; Beverage 16,3,286.5,Main Dish 26; Dessert 9; Beverage 16,chennai,anna nagar,50,4646732,13.084285,80.1997078
Restaurant 105,Chennai,Nungambakkam,Appetizer / Main Course,Appetizer 5; Main Dish 3,2,189.6,Appetizer 5; Main Dish 3,chennai,nungambakkam,30,4646732,13.0600378,80.2480196
Restaurant 105,Chennai,T. Nagar,Appetizer / Dessert,Dessert 10; Dessert 4; Dessert 7; Appetizer 1,4,182.8,Dessert 10; Dessert 4; Dessert 7; Appetizer 1,chennai,t. nagar,34,4646732,13.0338649,80.224204
Restaurant 105,Chennai,Velachery,Appetizer / Beverage / Main Course,Beverage 18; Appetizer 18; Main Dish 16,3,1039.6,Beverage 18; Appetizer 18; Main Dish 16,chennai,velachery,22,4646732,12.9860717,80.2190934
Restaurant 105,Mumbai,Goregaon,Dessert / Main Course,Main Dish 15; Dessert 16,2,437.2,Main Dish 15; Dessert 16,mumbai,goregaon,47,12442373,19.170775,72.845792
Restaurant 105,Mumbai,Juhu,Main Course / Snack,Snack 6; Main Dish 9,2,245.9,Snack 6; Main Dish 9,mumbai,juhu,51,12442373,19.1030575,72.8198955
Restaurant 105,Mumbai,Powai,Appetizer,Appetizer 19,1,135.2,Appetizer 19,mumbai,powai,35,12442373,19.1166947,72.9148802
Restaurant 105,New Delhi,Connaught Place,Dessert / Main Course,Main Dish 33; Dessert 1,2,187.9,Main Dish 33; Dessert 1,new delhi,connaught place,14,5000000,28.6278055,77.2117484
Restaurant 105,New Delhi,Hauz Khas,Beverage / Main Course,Main Dish 30; Beverage 17; Main Dish 2,3,425.3,Main Dish 30; Beverage 17; Main Dish 2,new delhi,hauz khas,33,5000000,28.5455723,77.2088774
Restaurant 105,New Delhi,Karol Bagh,Beverage,Beverage 3,1,182.0,Beverage 3,new delhi,karol bagh,13,5000000,28.6499558,77.183446
Restaurant 105,New Delhi,Rajouri Garden,Dessert / Main Course,Main Dish 21; Main Dish 28; Dessert 17,3,357.5,Main Dish 21; Main Dish 28; Dessert 17,new delhi,rajouri garden,35,5000000,28.6445074,77.1128282
Restaurant 105,New Delhi,Saket,Appetizer / Dessert / Main Course,Dessert 2; Main Dish 13; Appetizer 1,3,297.5,Dessert 2; Main Dish 13; Appetizer 1,new delhi,saket,55,5000000,28.5293959,77.2058738
Restaurant 105,Pune,Aundh,Appetizer / Beverage / Main Course,Appetizer 12; Main Dish 40; Beverage 7; Main Dish 48,4,294.8,Appetizer 12; Main Dish 40; Beverage 7; Main Dish 48,pune,aundh,41,9429408,18.5598586,73.8177283
Restaurant 105,Pune,Viman Nagar,Beverage / Dessert,Dessert 16; Beverage 8,2,115.5,Dessert 16; Beverage 8,pune,viman nagar,44,9429408,18.5642825,73.9122538
Restaurant 106,Bangalore,Indiranagar,Dessert,Dessert 16,1,296.4,Dessert 16,bangalore,indiranagar,50,9621551,12.982121,77.6436915
Restaurant 106,Bangalore,Jayanagar,Appetizer / Main Course,Main Dish 31; Appetizer 3,2,422.2,Main Dish 31; Appetizer 3,bangalore,jayanagar,40,9621551,12.9253091,77.5747909
Restaurant 106,Bangalore,Koramangala,Beverage / Main Course,Beverage 1; Main Dish 44,2,296.1,Beverage 1; Main Dish 44,bangalore,koramangala,26,9621551,12.9445663,77.6273053
Restaurant 106,Bangalore,Mg Road,Appetizer / Dessert / Main Course,Dessert 12; Dessert 14; Main Dish 36; Appetizer 7,4,190.4,Dessert 12; Dessert 14; Main Dish 36; Appetizer 7,bangalore,mg road,54,9621551,12.9735016,77.6143228
Restaurant 106,Bangalore,Whitefield,Beverage / Main Course / Snack,Snack 13; Snack 1; Beverage 20; Main Dish 12,4,269.8,Snack 13; Snack 1; Beverage 20; Main Dish 12,bangalore,whitefield,19,9621551,13.0045725,77.7611732
Restaurant 106,Chennai,Adyar,Dessert / Snack,Dessert 2; Snack 5; Snack 13,3,149.0,Dessert 2; Snack 5; Snack 13,chennai,adyar,32,4646732,13.002486,80.2501471
Restaurant 106,Chennai,Anna Nagar,Dessert / Main Course,Main Dish 26; Dessert 14,2,383.1,Main Dish 26; Dessert 14,chennai,anna nagar,50,4646732,13.0970787,80.2105641
Restaurant 106,Chennai,Nungambakkam,Main Course / Snack,Main Dish 4; Snack 8,2,282.7,Main Dish 4; Snack 8,chennai,nungambakkam,30,4646732,13.0580986,80.232855
Restaurant 106,Chennai,T. Nagar,Main Course,Main Dish 38,1,539.0,Main Dish 38,chennai,t. nagar,34,4646732,13.0466586,80.2350603
Restaurant 106,Chennai,Velachery,Beverage / Dessert / Main Course,Dessert 16; Beverage 8; Main Dish 29; Dessert 10,4,258.2,Dessert 16; Beverage 8; Main Dish 29; Dessert 10,chennai,velachery,22,4646732,12.9781407,80.2303832
Restaurant 106,Mumbai,Andheri,Main Course,Main Dish 5,1,377.6,Main Dish 5,mumbai,andheri,22,12442373,19.1256038,72.8426633
Restaurant 106,Mumbai,Bandra,Dessert / Main Course / Snack,Snack 11; Dessert 14; Dessert 19; Main Dish 27,4,336.9,Snack 11; Dessert 14; Dessert 19; Main Dish 27,mumbai,bandra,35,12442373,19.0608854,72.8364631
Restaurant 106,Mumbai,Powai,Appetizer / Beverage / Main Course,Beverage 16; Appetizer 19; Main Dish 16,3,403.4,Beverage 16; Appetizer 19; Main Dish 16,mumbai,powai,35,12442373,19.1147555,72.8997156
Restaurant 106,New Delhi,Connaught Place,Dessert / Main Course,Main Dish 12; Main Dish 41; Dessert 16; Main Dish 1,4,318.6,Main Dish 12; Main Dish 41; Dessert 16; Main Dish 1,new delhi,connaught place,14,5000000,28.6405992,77.2226047
Restaurant 106,New Delhi,Karol Bagh,Main Course,Main Dish 43; Main Dish 17; Main Dish 32,3,514.6,Main Dish 43; Main Dish 17; Main Dish 32,new delhi,karol bagh,13,5000000,28.6627495,77.1943023
Restaurant 106,New Delhi,Rajouri Garden,Dessert / Main Course,Main Dish 32; Dessert 14; Main Dish 49; Main Dish 25,4,317.6,Main Dish 32; Dessert 14; Main Dish 49; Main Dish 25,new delhi,rajouri garden,35,5000000,28.6573011,77.1236845
Restaurant 106,New Delhi,Saket,Beverage / Main Course,Main Dish 37; Beverage 14,2,318.6,Main Dish 37; Beverage 14,new delhi,saket,55,5000000,28.5214649,77.2171636
Restaurant 106,Pune,Aundh,Main Course,Main Dish 29; Main Dish 12,2,604.1,Main Dish 29; Main Dish 12,pune,aundh,41,9429408,18.5579194,73.8025637
Restaurant 106,Pune,Baner,Beverage,Beverage 20,1,32.0,Beverage 20,pune,baner,49,9429408,18.5648999,73.780766
Restaurant 106,Pune,Hinjawadi,Main Course,Main Dish 19,1,234.4,Main Dish 19,pune,hinjawadi,13,9429408,18.586648,73.7371353
Restaurant 106,Pune,Viman Nagar,Dessert,Dessert 1,1,139.4,Dessert 1,pune,viman nagar,44,9429408,18.5762939,73.9095764
Restaurant 107,Bangalore,Indiranagar,Appetizer / Dessert,Dessert 4; Appetizer 15,2,230.2,Dessert 4; Appetizer 15,bangalore,indiranagar,50,9621551,12.9638631,77.6443593
Restaurant 107,Bangalore,Jayanagar,Beverage / Dessert / Main Course / Snack,Dessert 13; Main Dish 23; Dessert 12; Main Dish 6; Beverage 11; Snack 6,6,330.6,Dessert 13; Main Dish 23; Dessert 12; Main Dish 6; Beverage 11; Snack 6,bangalore,jayanagar,40,9621551,12.9381028,77.5856472
Restaurant 107,Bangalore,Koramangala,Main Course,Main Dish 47,1,201.7,Main Dish 47,bangalore,koramangala,26,9621551,12.9263084,77.6279731
Restaurant 107,Bangalore,Mg Road,Appetizer / Dessert,Appetizer 12; Dessert 6,2,175.5,Appetizer 12; Dessert 6,bangalore,mg road,54,9621551,12.9715624,77.5991582
Restaurant 107,Bangalore,Whitefield,Appetizer,Appetizer 1; Appetizer 9,2,133.8,Appetizer 1; Appetizer 9,bangalore,whitefield,19,9621551,12.9863146,77.761841
Restaurant 107,Chennai,Adyar,Appetizer / Dessert / Main Course,Dessert 5; Main Dish 33; Appetizer 19,3,338.2,Dessert 5; Main Dish 33; Appetizer 19,chennai,adyar,32,4646732,13.0152797,80.2610034
Restaurant 107,Chennai,Nungambakkam,Main Course / Snack,Snack 13; Main Dish 30,2,397.3,Snack 13; Main Dish 30,chennai,nungambakkam,30,4646732,13.0708923,80.2437113
Restaurant 107,Chennai,T. Nagar,Main Course,Main Dish 36,1,466.0,Main Dish 36,chennai,t. nagar,34,4646732,13.0284007,80.2357281
Restaurant 107,Chennai,Velachery,Main Course,Main Dish 4,1,332.5,Main Dish 4,chennai,velachery,22,4646732,12.9762015,80.2152186
Restaurant 107,Mumbai,Andheri,Dessert / Snack,Snack 14; Dessert 17,2,205.7,Snack 14; Dessert 17,mumbai,andheri,22,12442373,19.1176728,72.8539531
Restaurant 107,Mumbai,Bandra,Dessert,Dessert 1,1,370.9,Dessert 1,mumbai,bandra,35,12442373,19.0529544,72.8477529
Restaurant 107,Mumbai,Juhu,Appetizer,Appetizer 10,1,126.1,Appetizer 10,mumbai,juhu,51,12442373,19.1158512,72.8307518
Restaurant 107,New Delhi,Connaught Place,Main Course,Main Dish 46; Main Dish 1; Main Dish 22; Main Dish 16; Main Dish 30,5,474.5,Main Dish 46; Main Dish 1; Main Dish 22; Main Dish 16; Main Dish 30,new delhi,connaught place,14,5000000,28.6223413,77.2232725
Restaurant 107,New Delhi,Hauz Khas,Beverage / Dessert,Beverage 2; Dessert 18,2,150.3,Beverage 2; Dessert 18,new delhi,hauz khas,33,5000000,28.5436331,77.1937128
Restaurant 107,New Delhi,Karol Bagh,Main Course / Snack,Main Dish 18; Main Dish 35; Main Dish 21; Snack 8; Snack 9,5,247.6,Main Dish 18; Main Dish 35; Main Dish 21; Snack 8; Snack 9,new delhi,karol bagh,13,5000000,28.6444916,77.1949701
Restaurant 107,New Delhi,Rajouri Garden,Appetizer / Dessert / Main Course / Snack,Main Dish 28; Appetizer 14; Snack 8; Dessert 10,4,152.0,Main Dish 28; Appetizer 14; Snack 8; Dessert 10,new delhi,rajouri garden,35,5000000,28.6390432,77.1243523
Restaurant 107,New Delhi,Saket,Beverage / Snack,Snack 14; Beverage 13,2,133.5,Snack 14; Beverage 13,new delhi,saket,55,5000000,28.5195257,77.201999
Restaurant 107,Pune,Aundh,Main Course,Main Dish 22; Main Dish 43,2,499.2,Main Dish 22; Main Dish 43,pune,aundh,41,9429408,18.5707131,73.81342
Restaurant 107,Pune,Baner,Appetizer / Main Course,Main Dish 20; Appetizer 7,2,185.8,Main Dish 20; Appetizer 7,pune,baner,49,9429408,18.5569689,73.7920558
Restaurant 107,Pune,Hinjawadi,Appetizer / Snack,Snack 1; Appetizer 19,2,112.6,Snack 1; Appetizer 19,pune,hinjawadi,13,9429408,18.5986594,73.7344579
Restaurant 107,Pune,Kothrud,Appetizer / Beverage / Main Course / Snack,Beverage 4; Appetizer 16; Main Dish 7; Snack 5,4,164.0,Beverage 4; Appetizer 16; Main Dish 7; Snack 5,pune,kothrud,32,9429408,18.505237,73.8132002
Restaurant 107,Pune,Viman Nagar,Dessert,Dessert 18,1,181.4,Dessert 18,pune,viman nagar,44,9429408,18.5683629,73.9208662
Restaurant 108,Bangalore,Indiranagar,Main Course,Main Dish 44,1,206.4,Main Dish 44,bangalore,indiranagar,50,9621551,12.9779533,77.630504
Restaurant 108,Bangalore,Jayanagar,Appetizer / Main Course,Appetizer 4; Main Dish 15; Appetizer 3,3,284.4,Appetizer 4; Main Dish 15; Appetizer 3,bangalore,jayanagar,40,9621551,12.9198449,77.586315
Restaurant 108,Bangalore,Koramangala,Appetizer / Dessert,Dessert 4; Appetizer 18; Dessert 19,3,190.9,Dessert 4; Appetizer 18; Dessert 19,bangalore,koramangala,26,9621551,12.9403986,77.6141178
Restaurant 108,Bangalore,Mg Road,Main Course,Main Dish 4,1,447.8,Main Dish 4,bangalore,mg road,54,9621551,12.9843561,77.6100145
Restaurant 108,Bangalore,Whitefield,Appetizer,Appetizer 12,1,71.9,Appetizer 12,bangalore,whitefield,19,9621551,13.0004048,77.7479857
Restaurant 108,Chennai,Adyar,Appetizer / Beverage / Main Course,Main Dish 2; Beverage 11; Beverage 10; Appetizer 20,4,158.4,Main Dish 2; Beverage 11; Beverage 10; Appetizer 20,chennai,adyar,32,4646732,12.9970218,80.2616712
Restaurant 108,Chennai,Anna Nagar,Beverage / Dessert / Snack,Dessert 3; Dessert 8; Beverage 7; Snack 12,4,243.3,Dessert 3; Dessert 8; Beverage 7; Snack 12,chennai,anna nagar,50,4646732,13.0788208,80.2112319
Restaurant 108,Chennai,Nungambakkam,Dessert / Main Course,Dessert 13; Main Dish 24; Main Dish 1; Main Dish 28; Main Dish 38,5,375.2,Dessert 13; Main Dish 24; Main Dish 1; Main Dish 28; Main Dish 38,chennai,nungambakkam,30,4646732,13.0526344,80.2443791
Restaurant 108,Chennai,T. Nagar,Main Course,Main Dish 47; Main Dish 21; Main Dish 27,3,427.6,Main Dish 47; Main Dish 21; Main Dish 27,chennai,t. nagar,34,4646732,13.0424909,80.2218728
Restaurant 108,Mumbai,Andheri,Appetizer / Main Course,Appetizer 20; Main Dish 36,2,434.4,Appetizer 20; Main Dish 36,mumbai,andheri,22,12442373,19.1157336,72.8387885
Restaurant 108,Mumbai,Bandra,Main Course / Snack,Main Dish 31; Snack 11,2,189.9,Main Dish 31; Snack 11,mumbai,bandra,35,12442373,19.0510152,72.8325883
Restaurant 108,Mumbai,Goregaon,Appetizer / Main Course,Main Dish 15; Appetizer 3,2,411.5,Main Dish 15; Appetizer 3,mumbai,goregaon,47,12442373,19.162844,72.8570818
Restaurant 108,Mumbai,Juhu,Dessert / Main Course,Dessert 14; Main Dish 34,2,379.2,Dessert 14; Main Dish 34,mumbai,juhu,51,12442373,19.0975933,72.8314196
Restaurant 108,New Delhi,Connaught Place,Appetizer / Dessert,Dessert 14; Dessert 16; Appetizer 13,3,143.4,Dessert 14; Dessert 16; Appetizer 13,new delhi,connaught place,14,5000000,28.6364315,77.2094172
Restaurant 108,New Delhi,Karol Bagh,Appetizer,Appetizer 13,1,226.1,Appetizer 13,new delhi,karol bagh,13,5000000,28.6585818,77.1811148
Restaurant 108,New Delhi,Rajouri Garden,Appetizer / Beverage,Appetizer 3; Appetizer 20; Beverage 7,3,133.5,Appetizer 3; Appetizer 20; Beverage 7,new delhi,rajouri garden,35,5000000,28.6531334,77.110497
Restaurant 108,New Delhi,Saket,Main Course / Snack,Snack 6; Snack 14; Main Dish 3,3,311.2,Snack 6; Snack 14; Main Dish 3,new delhi,saket,55,5000000,28.5323194,77.2128553
Restaurant 108,Pune,Baner,Dessert,Dessert 6,1,341.3,Dessert 6,pune,baner,49,9429408,18.5550297,73.7768912
Restaurant 108,Pune,Kothrud,Main Course,Main Dish 31,1,525.6,Main Dish 31,pune,kothrud,32,9429408,18.5032978,73.7980356
Restaurant 108,Pune,Viman Nagar,Main Course,Main Dish 47,1,285.3,Main Dish 47,pune,viman nagar,44,9429408,18.5664237,73.9057016
Restaurant 109,Bangalore,Indiranagar,Appetizer / Main Course,Appetizer 7; Main Dish 27; Main Dish 37; Main Dish 43,4,393.7,Appetizer 7; Main Dish 27; Main Dish 37; Main Dish 43,bangalore,indiranagar,50,9621551,12.9768232,77.6517262
Restaurant 109,Bangalore,Jayanagar,Beverage,Beverage 7,1,286.0,Beverage 7,bangalore,jayanagar,40,9621551,12.9339351,77.5724597
Restaurant 109,Bangalore,Koramangala,Beverage / Main Course,Beverage 12; Main Dish 21,2,174.0,Beverage 12; Main Dish 21,bangalore,koramangala,26,9621551,12.9392685,77.63534
Restaurant 109,Bangalore,Mg Road,Beverage / Main Course,Main Dish 27; Beverage 3; Main Dish 19,3,332.4,Main Dish 27; Beverage 3; Main Dish 19,bangalore,mg road,54,9621551,12.9660982,77.6106823
Restaurant 109,Bangalore,Whitefield,Beverage / Main Course,Beverage 4; Main Dish 49; Main Dish 27,3,321.3,Beverage 4; Main Dish 49; Main Dish 27,bangalore,whitefield,19,9621551,12.9992747,77.7692079
Restaurant 109,Chennai,Adyar,Appetizer / Dessert / Main Course,Appetizer 12; Main Dish 40; Dessert 10,3,229.6,Appetizer 12; Main Dish 40; Dessert 10,chennai,adyar,32,4646732,13.011112,80.2478159
Restaurant 109,Chennai,Anna Nagar,Appetizer / Beverage,Appetizer 11; Beverage 13,2,129.1,Appetizer 11; Beverage 13,chennai,anna nagar,50,4646732,13.092911,80.1973766
Restaurant 109,Chennai,Nungambakkam,Appetizer / Main Course,Main Dish 25; Main Dish 16; Appetizer 5,3,330.8,Main Dish 25; Main Dish 16; Appetizer 5,chennai,nungambakkam,30,4646732,13.0667246,80.2305238
Restaurant 109,Chennai,T. Nagar,Main Course,Main Dish 34,1,467.1,Main Dish 34,chennai,t. nagar,34,4646732,13.0413608,80.243095
Restaurant 109,Chennai,Velachery,Dessert,Dessert 6,1,126.6,Dessert 6,chennai,velachery,22,4646732,12.9889952,80.2260749
Restaurant 109,Mumbai,Andheri,Main Course,Main Dish 7; Main Dish 39,2,556.0,Main Dish 7; Main Dish 39,mumbai,andheri,22,12442373,19.1285273,72.8496448
Restaurant 109,Mumbai,Bandra,Main Course,Main Dish 12,1,796.1,Main Dish 12,mumbai,bandra,35,12442373,19.0638089,72.8434446
Restaurant 109,Mumbai,Goregaon,Main Course,Main Dish 24,1,183.5,Main Dish 24,mumbai,goregaon,47,12442373,19.1609048,72.8419172
Restaurant 109,Mumbai,Juhu,Appetizer / Main Course,Main Dish 44; Appetizer 8,2,353.0,Main Dish 44; Appetizer 8,mumbai,juhu,51,12442373,19.1116835,72.8175643
Restaurant 109,Mumbai,Powai,Beverage / Main Course,Main Dish 37; Beverage 11,2,479.3,Main Dish 37; Beverage 11,mumbai,powai,35,12442373,19.1275492,72.9105719
Restaurant 109,New Delhi,Connaught Place,Main Course,Main Dish 33; Main Dish 23,2,205.3,Main Dish 33; Main Dish 23,new delhi,connaught place,14,5000000,28.6353014,77.2306394
Restaurant 109,New Delhi,Hauz Khas,Beverage / Main Course,Main Dish 17; Beverage 14,2,343.2,Main Dish 17; Beverage 14,new delhi,hauz khas,33,5000000,28.5564268,77.2045691
Restaurant 109,New Delhi,Karol Bagh,Beverage / Dessert,Dessert 1; Beverage 15,2,239.1,Dessert 1; Beverage 15,new delhi,karol bagh,13,5000000,28.6574517,77.202337
Restaurant 109,New Delhi,Rajouri Garden,Main Course,Main Dish 45; Main Dish 15; Main Dish 38; Main Dish 43,4,491.6,Main Dish 45; Main Dish 15; Main Dish 38; Main Dish 43,new delhi,rajouri garden,35,5000000,28.6520033,77.1317192
Restaurant 109,Pune,Aundh,Appetizer / Main Course,Main Dish 46; Appetizer 1; Appetizer 5,3,346.6,Main Dish 46; Appetizer 1; Appetizer 5,pune,aundh,41,9429408,18.5524552,73.8140878
Restaurant 109,Pune,Hinjawadi,Main Course,Main Dish 7,1,518.7,Main Dish 7,pune,hinjawadi,13,9429408,18.5907284,73.7457477
Restaurant 109,Pune,Kothrud,Dessert / Main Course,Dessert 3; Main Dish 18,2,262.2,Dessert 3; Main Dish 18,pune,kothrud,32,9429408,18.5160915,73.8088919
Restaurant 11,Bangalore,Jayanagar,Snack,Snack 9,1,112.5,Snack 9,bangalore,jayanagar,40,9621551,12.932805,77.5936819
Restaurant 11,Bangalore,Koramangala,Main Course,Main Dish 5,1,194.4,Main Dish 5,bangalore,koramangala,26,9621551,12.9248347,77.6177637
Restaurant 11,Bangalore,Whitefield,Appetizer,Appetizer 14,1,120.4,Appetizer 14,bangalore,whitefield,19,9621551,12.9848409,77.7516316
Restaurant 11,Chennai,Adyar,Dessert,Dessert 16,1,327.0,Dessert 16,chennai,adyar,32,4646732,13.0099819,80.2690381
Restaurant 11,Chennai,Nungambakkam,Main Course,Main Dish 16; Main Dish 39,2,239.1,Main Dish 16; Main Dish 39,chennai,nungambakkam,30,4646732,13.0655945,80.251746
Restaurant 11,Chennai,T. Nagar,Appetizer / Dessert / Main Course,Appetizer 15; Main Dish 41; Dessert 20,3,270.8,Appetizer 15; Main Dish 41; Dessert 20,chennai,t. nagar,34,4646732,13.026927,80.2255187
Restaurant 11,Chennai,Velachery,Main Course,Main Dish 3,1,737.9,Main Dish 3,chennai,velachery,22,4646732,12.9707373,80.2267427
Restaurant 11,Mumbai,Andheri,Main Course,Main Dish 13,1,211.6,Main Dish 13,mumbai,andheri,22,12442373,19.1102694,72.8503126
Restaurant 11,Mumbai,Goregaon,Beverage,Beverage 11,1,157.2,Beverage 11,mumbai,goregaon,47,12442373,19.1736985,72.8527735
Restaurant 11,Mumbai,Juhu,Dessert,Dessert 10,1,228.0,Dessert 10,mumbai,juhu,51,12442373,19.1105534,72.8387865
Restaurant 11,Mumbai,Powai,Main Course,Main Dish 41,1,687.4,Main Dish 41,mumbai,powai,35,12442373,19.1092913,72.9112397
Restaurant 11,New Delhi,Connaught Place,Appetizer / Main Course,Main Dish 39; Appetizer 3,2,237.4,Main Dish 39; Appetizer 3,new delhi,connaught place,14,5000000,28.6208676,77.2130631
Restaurant 11,New Delhi,Hauz Khas,Main Course,Main Dish 28,1,209.0,Main Dish 28,new delhi,hauz khas,33,5000000,28.5381689,77.2052369
Restaurant 11,New Delhi,Karol Bagh,Main Course,Main Dish 19,1,355.0,Main Dish 19,new delhi,karol bagh,13,5000000,28.6430179,77.1847607
Restaurant 11,New Delhi,Rajouri Garden,Appetizer / Dessert / Main Course,Dessert 7; Main Dish 41; Appetizer 1,3,268.9,Dessert 7; Main Dish 41; Appetizer 1,new delhi,rajouri garden,35,5000000,28.6375695,77.1141429
Restaurant 11,New Delhi,Saket,Main Course,Main Dish 29,1,172.4,Main Dish 29,new delhi,saket,55,5000000,28.5140615,77.2135231
Restaurant 11,Pune,Aundh,Dessert,Dessert 18,1,355.0,Dessert 18,pune,aundh,41,9429408,18.5665454,73.8002325
Restaurant 11,Pune,Baner,Appetizer / Beverage / Main Course,Beverage 2; Main Dish 6; Appetizer 15,3,329.5,Beverage 2; Main Dish 6; Appetizer 15,pune,baner,49,9429408,18.5678234,73.7877475
Restaurant 11,Pune,Hinjawadi,Dessert / Main Course / Snack,Snack 10; Dessert 4; Main Dish 13,3,373.1,Snack 10; Dessert 4; Main Dish 13,pune,hinjawadi,13,9429408,18.5887892,73.7305831
Restaurant 11,Pune,Kothrud,Appetizer,Appetizer 16,1,180.5,Appetizer 16,pune,kothrud,32,9429408,18.4978336,73.8095597
Restaurant 110,Bangalore,Jayanagar,Dessert,Dessert 17,1,194.1,Dessert 17,bangalore,jayanagar,40,9621551,12.9183712,77.5761056
Restaurant 110,Bangalore,Koramangala,Appetizer / Dessert,Dessert 15; Appetizer 18,2,292.9,Dessert 15; Appetizer 18,bangalore,koramangala,26,9621551,12.9488239,77.6212032
Restaurant 110,Bangalore,Mg Road,Main Course / Snack,Snack 11; Main Dish 27; Main Dish 28; Main Dish 10,4,296.7,Snack 11; Main Dish 27; Main Dish 28; Main Dish 10,bangalore,mg road,54,9621551,12.9801884,77.596827
Restaurant 110,Bangalore,Whitefield,Dessert / Main Course,Main Dish 39; Dessert 17,2,210.0,Main Dish 39; Dessert 17,bangalore,whitefield,19,9621551,13.0088301,77.7550711
Restaurant 110,Chennai,Adyar,Dessert / Main Course / Snack,Dessert 19; Snack 3; Main Dish 10,3,261.7,Dessert 19; Snack 3; Main Dish 10,chennai,adyar,32,4646732,12.9955481,80.2514618
Restaurant 110,Chennai,Anna Nagar,Beverage,Beverage 6,1,212.7,Beverage 6,chennai,anna nagar,50,4646732,13.0917809,80.2185988
Restaurant 110,Chennai,Nungambakkam,Beverage / Main Course,Main Dish 12; Beverage 14,2,505.1,Main Dish 12; Beverage 14,chennai,nungambakkam,30,4646732,13.0511607,80.2341697
Restaurant 110,Chennai,T. Nagar,Appetizer / Beverage / Main Course / Snack,Main Dish 34; Beverage 3; Snack 4; Appetizer 15; Main Dish 7,5,313.5,Main Dish 34; Beverage 3; Snack 4; Appetizer 15; Main Dish 7,chennai,t. nagar,34,4646732,13.0509162,80.2289582
Restaurant 110,Chennai,Velachery,Appetizer / Main Course,Main Dish 17; Main Dish 5; Appetizer 19,3,366.6,Main Dish 17; Main Dish 5; Appetizer 19,chennai,velachery,22,4646732,12.9848275,80.2128874
Restaurant 110,Mumbai,Andheri,Beverage,Beverage 14,1,83.3,Beverage 14,mumbai,andheri,22,12442373,19.1243596,72.8364573
Restaurant 110,Mumbai,Bandra,Appetizer,Appetizer 10,1,185.4,Appetizer 10,mumbai,bandra,35,12442373,19.045551,72.8441124
Restaurant 110,Mumbai,Juhu,Dessert / Main Course,Main Dish 20; Main Dish 29; Dessert 14,3,482.6,Main Dish 20; Main Dish 29; Dessert 14,mumbai,juhu,51,12442373,19.0961196,72.8212102
Restaurant 110,Mumbai,Powai,Main Course,Main Dish 14,1,770.6,Main Dish 14,mumbai,powai,35,12442373,19.1233815,72.8973844
Restaurant 110,New Delhi,Connaught Place,Beverage / Main Course,Beverage 7; Main Dish 5,2,155.3,Beverage 7; Main Dish 5,new delhi,connaught place,14,5000000,28.6448568,77.2165026
Restaurant 110,New Delhi,Hauz Khas,Appetizer / Snack,Snack 4; Appetizer 4,2,176.0,Snack 4; Appetizer 4,new delhi,hauz khas,33,5000000,28.5522591,77.1913816
Restaurant 110,New Delhi,Karol Bagh,Appetizer / Main Course,Main Dish 46; Appetizer 18; Appetizer 3,3,192.6,Main Dish 46; Appetizer 18; Appetizer 3,new delhi,karol bagh,13,5000000,28.6670071,77.1882002
Restaurant 110,New Delhi,Rajouri Garden,Appetizer / Main Course,Main Dish 32; Appetizer 2,2,290.6,Main Dish 32; Appetizer 2,new delhi,rajouri garden,35,5000000,28.6615587,77.1175824
Restaurant 110,New Delhi,Saket,Appetizer / Main Course / Snack,Snack 8; Main Dish 8; Appetizer 4,3,152.3,Snack 8; Main Dish 8; Appetizer 4,new delhi,saket,55,5000000,28.5281517,77.1996678
Restaurant 110,Pune,Hinjawadi,Main Course,Main Dish 28,1,343.6,Main Dish 28,pune,hinjawadi,13,9429408,18.6015829,73.7414394
Restaurant 110,Pune,Kothrud,Beverage / Dessert,Dessert 19; Beverage 2,2,240.6,Dessert 19; Beverage 2,pune,kothrud,32,9429408,18.5119238,73.7957044
Restaurant 111,Bangalore,Indiranagar,Beverage / Dessert,Beverage 2; Beverage 12; Dessert 6,3,203.6,Beverage 2; Beverage 12; Dessert 6,bangalore,indiranagar,50,9621551,12.9623894,77.6341499
Restaurant 111,Bangalore,Jayanagar,Snack,Snack 3; Snack 9,2,181.2,Snack 3; Snack 9,bangalore,jayanagar,40,9621551,12.9423604,77.5795451
Restaurant 111,Bangalore,Koramangala,Appetizer,Appetizer 13,1,87.0,Appetizer 13,bangalore,koramangala,26,9621551,12.9275703,77.6356979
Restaurant 111,Bangalore,Mg Road,Appetizer,Appetizer 11,1,121.9,Appetizer 11,bangalore,mg road,54,9621551,12.9790583,77.6180492
Restaurant 111,Bangalore,Whitefield,Main Course,Main Dish 16; Main Dish 9,2,657.6,Main Dish 16; Main Dish 9,bangalore,whitefield,19,9621551,12.9875765,77.7695658
Restaurant 111,Chennai,Adyar,Beverage,Beverage 17; Beverage 11,2,185.0,Beverage 17; Beverage 11,chennai,adyar,32,4646732,13.0195373,80.2549013
Restaurant 111,Chennai,Anna Nagar,Main Course,Main Dish 3; Main Dish 31; Main Dish 34,3,559.7,Main Dish 3; Main Dish 31; Main Dish 34,chennai,anna nagar,50,4646732,13.0773471,80.2010225
Restaurant 111,Chennai,Nungambakkam,Appetizer / Main Course,Main Dish 30; Main Dish 6; Appetizer 11; Main Dish 36,4,279.2,Main Dish 30; Main Dish 6; Appetizer 11; Main Dish 36,chennai,nungambakkam,30,4646732,13.0751499,80.2376092
Restaurant 111,Chennai,T. Nagar,Appetizer / Beverage,Beverage 14; Appetizer 1; Appetizer 13,3,147.7,Beverage 14; Appetizer 1; Appetizer 13,chennai,t. nagar,34,4646732,13.0296626,80.2434529
Restaurant 111,Chennai,Velachery,Appetizer / Beverage / Snack,Beverage 14; Appetizer 15; Snack 8,3,101.5,Beverage 14; Appetizer 15; Snack 8,chennai,velachery,22,4646732,12.9836974,80.2341096
Restaurant 111,Mumbai,Andheri,Beverage,Beverage 10,1,137.2,Beverage 10,mumbai,andheri,22,12442373,19.1232295,72.8576795
Restaurant 111,Mumbai,Bandra,Beverage,Beverage 10,1,217.1,Beverage 10,mumbai,bandra,35,12442373,19.0596412,72.8302571
Restaurant 111,Mumbai,Goregaon,Appetizer / Main Course,Appetizer 6; Main Dish 32,2,166.3,Appetizer 6; Main Dish 32,mumbai,goregaon,47,12442373,19.1554406,72.8534413
Restaurant 111,Mumbai,Juhu,Appetizer / Beverage / Main Course,Beverage 18; Main Dish 21; Appetizer 5,3,312.4,Beverage 18; Main Dish 21; Appetizer 5,mumbai,juhu,51,12442373,19.1201088,72.8246497
Restaurant 111,Mumbai,Powai,Main Course,Main Dish 23,1,635.9,Main Dish 23,mumbai,powai,35,12442373,19.1222514,72.9186066
Restaurant 111,New Delhi,Connaught Place,Beverage / Snack,Beverage 8; Snack 8; Snack 1,3,187.8,Beverage 8; Snack 8; Snack 1,new delhi,connaught place,14,5000000,28.6236032,77.2309973
Restaurant 111,New Delhi,Hauz Khas,Appetizer / Dessert / Main Course,Main Dish 8; Dessert 1; Appetizer 18,3,212.1,Main Dish 8; Dessert 1; Appetizer 18,new delhi,hauz khas,33,5000000,28.551129,77.2126038
Restaurant 111,New Delhi,Karol Bagh,Dessert / Main Course,Main Dish 37; Dessert 6,2,407.7,Main Dish 37; Dessert 6,new delhi,karol bagh,13,5000000,28.6457535,77.2026949
Restaurant 111,New Delhi,Rajouri Garden,Appetizer / Main Course,Appetizer 17; Main Dish 8,2,412.5,Appetizer 17; Main Dish 8,new delhi,rajouri garden,35,5000000,28.6403051,77.1320771
Restaurant 111,New Delhi,Saket,Appetizer / Beverage,Beverage 13; Appetizer 20; Beverage 11,3,126.6,Beverage 13; Appetizer 20; Beverage 11,new delhi,saket,55,5000000,28.5270216,77.22089
Restaurant 111,Pune,Kothrud,Beverage / Dessert / Main Course,Dessert 6; Beverage 14; Main Dish 37,3,313.1,Dessert 6; Beverage 14; Main Dish 37,pune,kothrud,32,9429408,18.5107937,73.8169266
Restaurant 111,Pune,Viman Nagar,Appetizer / Snack,Snack 14; Snack 7; Appetizer 6,3,71.7,Snack 14; Snack 7; Appetizer 6,pune,viman nagar,44,9429408,18.5792174,73.9165579
Restaurant 112,Bangalore,Indiranagar,Beverage / Main Course / Snack,Main Dish 17; Beverage 14; Main Dish 33; Snack 9,4,270.7,Main Dish 17; Beverage 14; Main Dish 33; Snack 9,bangalore,indiranagar,50,9621551,12.9863786,77.6375894
Restaurant 112,Bangalore,Jayanagar,Main Course,Main Dish 35; Main Dish 21,2,653.1,Main Dish 35; Main Dish 21,bangalore,jayanagar,40,9621551,12.9211068,77.5940398
Restaurant 112,Bangalore,Koramangala,Appetizer / Beverage / Main Course,Beverage 19; Appetizer 18; Main Dish 6; Main Dish 22; Main Dish 46,5,400.2,Beverage 19; Appetizer 18; Main Dish 6; Main Dish 22; Main Dish 46,bangalore,koramangala,26,9621551,12.9338082,77.6092055
Restaurant 112,Bangalore,Mg Road,Main Course / Snack,Snack 15; Snack 9; Main Dish 12; Snack 6,4,216.9,Snack 15; Snack 9; Main Dish 12; Snack 6,bangalore,mg road,54,9621551,12.9646245,77.6004729
Restaurant 112,Bangalore,Whitefield,Main Course,Main Dish 20,1,246.1,Main Dish 20,bangalore,whitefield,19,9621551,12.9938144,77.7430734
Restaurant 112,Chennai,Adyar,Main Course / Snack,Main Dish 42; Snack 9; Main Dish 26,3,535.5,Main Dish 42; Snack 9; Main Dish 26,chennai,adyar,32,4646732,12.9982837,80.269396
Restaurant 112,Chennai,Anna Nagar,Beverage / Main Course / Snack,Main Dish 41; Snack 13; Main Dish 29; Beverage 6; Main Dish 45,5,339.1,Main Dish 41; Snack 13; Main Dish 29; Beverage 6; Main Dish 45,chennai,anna nagar,50,4646732,13.1013363,80.204462
Restaurant 112,Chennai,Nungambakkam,Dessert / Main Course / Snack,Main Dish 43; Dessert 2; Snack 2,3,410.3,Main Dish 43; Dessert 2; Snack 2,chennai,nungambakkam,30,4646732,13.0538963,80.2521039
Restaurant 112,Chennai,T. Nagar,Main Course,Main Dish 30,1,779.3,Main Dish 30,chennai,t. nagar,34,4646732,13.0359005,80.2169605
Restaurant 112,Chennai,Velachery,Main Course,Main Dish 29,1,396.8,Main Dish 29,chennai,velachery,22,4646732,12.9692636,80.2165333
Restaurant 112,Mumbai,Andheri,Appetizer / Dessert / Main Course,Dessert 14; Appetizer 9; Main Dish 16,3,420.3,Dessert 14; Appetizer 9; Main Dish 16,mumbai,andheri,22,12442373,19.1087957,72.8401032
Restaurant 112,Mumbai,Bandra,Dessert,Dessert 15,1,356.8,Dessert 15,mumbai,bandra,35,12442373,19.0585111,72.8514793
Restaurant 112,Mumbai,Goregaon,Beverage,Beverage 16,1,181.1,Beverage 16,mumbai,goregaon,47,12442373,19.1695308,72.839586
Restaurant 112,New Delhi,Connaught Place,Dessert / Snack,Snack 1; Dessert 17,2,244.2,Snack 1; Dessert 17,new delhi,connaught place,14,5000000,28.6298411,77.2045049
Restaurant 112,New Delhi,Hauz Khas,Beverage,Beverage 8,1,176.2,Beverage 8,new delhi,hauz khas,33,5000000,28.5366952,77.1950275
Restaurant 112,New Delhi,Karol Bagh,Beverage / Dessert / Main Course,Main Dish 36; Main Dish 4; Main Dish 29; Dessert 17; Beverage 10,5,462.0,Main Dish 36; Main Dish 4; Main Dish 29; Dessert 17; Beverage 10,new delhi,karol bagh,13,5000000,28.6519914,77.1762025
Restaurant 112,New Delhi,Rajouri Garden,Beverage / Main Course,Main Dish 35; Beverage 7; Main Dish 7,3,407.6,Main Dish 35; Beverage 7; Main Dish 7,new delhi,rajouri garden,35,5000000,28.646543,77.1055847
Restaurant 112,New Delhi,Saket,Beverage / Main Course / Snack,Main Dish 42; Snack 1; Snack 5; Beverage 11,4,265.0,Main Dish 42; Snack 1; Snack 5; Beverage 11,new delhi,saket,55,5000000,28.5125878,77.2033137
Restaurant 112,Pune,Aundh,Appetizer / Beverage,Appetizer 4; Beverage 6,2,92.5,Appetizer 4; Beverage 6,pune,aundh,41,9429408,18.5654153,73.8214547
Restaurant 112,Pune,Baner,Appetizer / Dessert,Dessert 6; Appetizer 12,2,265.2,Dessert 6; Appetizer 12,pune,baner,49,9429408,18.5495655,73.7884153
Restaurant 112,Pune,Kothrud,Appetizer,Appetizer 3,1,237.4,Appetizer 3,pune,kothrud,32,9429408,18.4963599,73.7993503
Restaurant 112,Pune,Viman Nagar,Appetizer / Beverage,Beverage 1; Appetizer 20,2,226.5,Beverage 1; Appetizer 20,pune,viman nagar,44,9429408,18.5609595,73.9172257
Restaurant 113,Bangalore,Indiranagar,Appetizer / Main Course / Snack,Main Dish 20; Snack 12; Appetizer 12; Appetizer 10; Appetizer 3; Main Dish 27,6,177.2,Main Dish 20; Snack 12; Appetizer 12; Appetizer 10; Appetizer 3; Main Dish 27,bangalore,indiranagar,50,9621551,12.965125,77.6520841
Restaurant 113,Bangalore,Jayanagar,Main Course,Main Dish 18,1,368.4,Main Dish 18,bangalore,jayanagar,40,9621551,12.9273447,77.5675474
Restaurant 113,Bangalore,Koramangala,Dessert,Dessert 3,1,170.4,Dessert 3,bangalore,koramangala,26,9621551,12.9478186,77.6342626
Restaurant 113,Bangalore,Mg Road,Beverage / Dessert,Beverage 17; Beverage 18; Dessert 11,3,183.3,Beverage 17; Beverage 18; Dessert 11,bangalore,mg road,54,9621551,12.9886137,77.6039124
Restaurant 113,Bangalore,Whitefield,Appetizer,Appetizer 7; Appetizer 5,2,154.6,Appetizer 7; Appetizer 5,bangalore,whitefield,19,9621551,13.0078248,77.7681305
Restaurant 113,Chennai,Adyar,Beverage / Main Course,Beverage 4; Main Dish 46,2,413.6,Beverage 4; Main Dish 46,chennai,adyar,32,4646732,13.0045216,80.2429036
Restaurant 113,Chennai,Anna Nagar,Appetizer / Beverage / Main Course,Main Dish 28; Main Dish 19; Main Dish 46; Appetizer 5; Beverage 13,5,326.8,Main Dish 28; Main Dish 19; Main Dish 46; Appetizer 5; Beverage 13,chennai,anna nagar,50,4646732,13.0800827,80.2189567
Restaurant 113,Chennai,Nungambakkam,Appetizer / Beverage / Main Course,Beverage 5; Appetizer 8; Beverage 3; Main Dish 29; Appetizer 17,5,269.8,Beverage 5; Appetizer 8; Beverage 3; Main Dish 29; Appetizer 17,chennai,nungambakkam,30,4646732,13.0601342,80.2256115
Restaurant 113,Chennai,T. Nagar,Appetizer / Beverage,Beverage 4; Appetizer 5,2,175.4,Beverage 4; Appetizer 5,chennai,t. nagar,34,4646732,13.0499109,80.2420176
Restaurant 113,Chennai,Velachery,Dessert / Main Course / Snack,Snack 14; Main Dish 12; Dessert 19; Main Dish 26,4,297.2,Snack 14; Main Dish 12; Dessert 19; Main Dish 26,chennai,velachery,22,4646732,12.9932528,80.2199728
Restaurant 113,Mumbai,Andheri,Main Course,Main Dish 8,1,245.4,Main Dish 8,mumbai,andheri,22,12442373,19.1327849,72.8435427
Restaurant 113,Mumbai,Bandra,Beverage,Beverage 14,1,261.2,Beverage 14,mumbai,bandra,35,12442373,19.0440773,72.833903
Restaurant 113,Mumbai,Goregaon,Appetizer / Dessert,Dessert 7; Appetizer 15; Dessert 12,3,237.0,Dessert 7; Appetizer 15; Dessert 12,mumbai,goregaon,47,12442373,19.1684007,72.8608082
Restaurant 113,Mumbai,Juhu,Appetizer / Dessert / Snack,Dessert 8; Snack 11; Appetizer 3,3,97.2,Dessert 8; Snack 11; Appetizer 3,mumbai,juhu,51,12442373,19.0988552,72.8391444
Restaurant 113,Mumbai,Powai,Appetizer,Appetizer 19,1,70.0,Appetizer 19,mumbai,powai,35,12442373,19.1078176,72.9010303
Restaurant 113,New Delhi,Connaught Place,Appetizer / Beverage / Dessert / Main Course,Dessert 16; Dessert 6; Appetizer 9; Beverage 12; Appetizer 16; Appetizer 19; Main Dish 46,7,237.5,Dessert 16; Dessert 6; Appetizer 9; Beverage 12; Appetizer 16; Appetizer 19; Main Dish 46,new delhi,connaught place,14,5000000,28.6438515,77.229562
Restaurant 113,New Delhi,Hauz Khas,Beverage,Beverage 20,1,143.2,Beverage 20,new delhi,hauz khas,33,5000000,28.5606844,77.198467
Restaurant 113,New Delhi,Karol Bagh,Appetizer / Dessert,Dessert 1; Appetizer 6,2,192.6,Dessert 1; Appetizer 6,new delhi,karol bagh,13,5000000,28.6660018,77.2012596
Restaurant 113,New Delhi,Rajouri Garden,Dessert / Snack,Dessert 8; Snack 8,2,142.1,Dessert 8; Snack 8,new delhi,rajouri garden,35,5000000,28.6605534,77.1306418
Restaurant 113,New Delhi,Saket,Appetizer / Main Course,Main Dish 4; Main Dish 40; Appetizer 2,3,362.4,Main Dish 4; Main Dish 40; Appetizer 2,new delhi,saket,55,5000000,28.536577,77.2067532
Restaurant 113,Pune,Aundh,Main Course / Snack,Main Dish 2; Snack 5; Main Dish 17,3,399.0,Main Dish 2; Snack 5; Main Dish 17,pune,aundh,41,9429408,18.5509815,73.8038784
Restaurant 113,Pune,Hinjawadi,Appetizer / Dessert,Appetizer 2; Dessert 19,2,214.9,Appetizer 2; Dessert 19,pune,hinjawadi,13,9429408,18.583325,73.7421072
Restaurant 113,Pune,Viman Nagar,Main Course,Main Dish 37,1,746.9,Main Dish 37,pune,viman nagar,44,9429408,18.5750497,73.9033704
Restaurant 114,Bangalore,Indiranagar,Main Course,Main Dish 45; Main Dish 9; Main Dish 47,3,479.6,Main Dish 45; Main Dish 9; Main Dish 47,bangalore,indiranagar,50,9621551,12.9713629,77.6255917
Restaurant 114,Bangalore,Jayanagar,Appetizer / Beverage / Main Course,Beverage 6; Main Dish 15; Main Dish 48; Appetizer 10; Main Dish 47,5,341.8,Beverage 6; Main Dish 15; Main Dish 48; Appetizer 10; Main Dish 47,bangalore,jayanagar,40,9621551,12.9413551,77.5926045
Restaurant 114,Bangalore,Koramangala,Main Course,Main Dish 12; Main Dish 8,2,768.5,Main Dish 12; Main Dish 8,bangalore,koramangala,26,9621551,12.9191508,77.6247678
Restaurant 114,Bangalore,Mg Road,Main Course,Main Dish 18; Main Dish 24; Main Dish 39,3,353.2,Main Dish 18; Main Dish 24; Main Dish 39,bangalore,mg road,54,9621551,12.9673601,77.6184071
Restaurant 114,Bangalore,Whitefield,Main Course,Main Dish 1,1,425.6,Main Dish 1,bangalore,whitefield,19,9621551,12.979157,77.7586357
Restaurant 114,Chennai,Adyar,Dessert / Snack,Snack 3; Dessert 19; Dessert 11,3,179.6,Snack 3; Dessert 19; Dessert 11,chennai,adyar,32,4646732,13.018532,80.2679607
Restaurant 114,Chennai,Nungambakkam,Appetizer / Beverage / Snack,Snack 7; Appetizer 7; Beverage 13,3,163.2,Snack 7; Appetizer 7; Beverage 13,chennai,nungambakkam,30,4646732,13.0741446,80.2506686
Restaurant 114,Chennai,T. Nagar,Appetizer / Beverage,Beverage 19; Appetizer 12,2,129.3,Beverage 19; Appetizer 12,chennai,t. nagar,34,4646732,13.0212431,80.2325228
Restaurant 114,Chennai,Velachery,Appetizer / Main Course,Appetizer 18; Main Dish 24; Main Dish 10; Appetizer 9,4,323.5,Appetizer 18; Main Dish 24; Main Dish 10; Appetizer 9,chennai,velachery,22,4646732,12.9719992,80.2344675
Restaurant 114,Mumbai,Andheri,Main Course,Main Dish 46,1,451.2,Main Dish 46,mumbai,andheri,22,12442373,19.1115313,72.8580374
Restaurant 114,Mumbai,Bandra,Dessert,Dessert 9,1,389.6,Dessert 9,mumbai,bandra,35,12442373,19.0680665,72.8373425
Restaurant 114,Mumbai,Goregaon,Beverage / Main Course,Main Dish 30; Beverage 11,2,463.5,Main Dish 30; Beverage 11,mumbai,goregaon,47,12442373,19.1539669,72.8432319
Restaurant 114,Mumbai,Juhu,Main Course,Main Dish 5; Main Dish 22,2,488.1,Main Dish 5; Main Dish 22,mumbai,juhu,51,12442373,19.1050931,72.812652
Restaurant 114,Mumbai,Powai,Main Course,Main Dish 45; Main Dish 28,2,395.9,Main Dish 45; Main Dish 28,mumbai,powai,35,12442373,19.1318068,72.9044698
Restaurant 114,New Delhi,Connaught Place,Snack,Snack 7,1,115.2,Snack 7,new delhi,connaught place,14,5000000,28.6151837,77.2200672
Restaurant 114,New Delhi,Hauz Khas,Appetizer / Main Course,Main Dish 24; Appetizer 20,2,426.9,Main Dish 24; Appetizer 20,new delhi,hauz khas,33,5000000,28.5394308,77.2129617
Restaurant 114,New Delhi,Rajouri Garden,Appetizer,Appetizer 3,1,197.8,Appetizer 3,new delhi,rajouri garden,35,5000000,28.6318856,77.121147
Restaurant 114,New Delhi,Saket,Dessert / Main Course,Main Dish 34; Dessert 9; Main Dish 2,3,483.7,Main Dish 34; Dessert 9; Main Dish 2,new delhi,saket,55,5000000,28.5153234,77.2212479
Restaurant 114,Pune,Aundh,Dessert,Dessert 20,1,186.0,Dessert 20,pune,aundh,41,9429408,18.5749707,73.8073179
Restaurant 114,Pune,Baner,Beverage,Beverage 3,1,192.1,Beverage 3,pune,baner,49,9429408,18.5636557,73.77456
Restaurant 114,Pune,Viman Nagar,Beverage,Beverage 7,1,85.5,Beverage 7,pune,viman nagar,44,9429408,18.5739196,73.9245926
Restaurant 115,Bangalore,Indiranagar,Appetizer / Beverage / Snack,Beverage 16; Appetizer 14; Snack 10,3,157.4,Beverage 16; Appetizer 14; Snack 10,bangalore,indiranagar,50,9621551,12.9853733,77.6506488
Restaurant 115,Bangalore,Jayanagar,Dessert / Main Course,Dessert 4; Main Dish 39; Main Dish 14; Main Dish 17; Dessert 3,5,362.6,Dessert 4; Main Dish 39; Main Dish 14; Main Dish 17; Dessert 3,bangalore,jayanagar,40,9621551,12.9126873,77.5831097
Restaurant 115,Bangalore,Koramangala,Appetizer / Beverage / Main Course,Main Dish 23; Beverage 20; Main Dish 18; Beverage 13; Appetizer 16; Main Dish 29; Beverage 3,7,248.1,Main Dish 23; Beverage 20; Main Dish 18; Beverage 13; Appetizer 16; Main Dish 29; Beverage 3,bangalore,koramangala,26,9621551,12.9480695,77.6118067
Restaurant 115,Bangalore,Whitefield,Dessert / Snack,Snack 11; Dessert 14,2,174.5,Snack 11; Dessert 14,bangalore,whitefield,19,9621551,13.0080757,77.7456746
Restaurant 115,Chennai,Adyar,Main Course,Main Dish 50; Main Dish 33; Main Dish 49,3,708.0,Main Dish 50; Main Dish 33; Main Dish 49,chennai,adyar,32,4646732,12.9898642,80.2584659
Restaurant 115,Chennai,Anna Nagar,Appetizer,Appetizer 3,1,116.2,Appetizer 3,chennai,anna nagar,50,4646732,13.0863206,80.1924643
Restaurant 115,Chennai,T. Nagar,Appetizer / Main Course,Main Dish 33; Main Dish 38; Appetizer 2,3,341.5,Main Dish 33; Main Dish 38; Appetizer 2,chennai,t. nagar,34,4646732,13.0501618,80.2195617
Restaurant 115,Chennai,Velachery,Beverage / Dessert / Main Course,Dessert 6; Main Dish 45; Main Dish 21; Beverage 7,4,466.1,Dessert 6; Main Dish 45; Main Dish 21; Beverage 7,chennai,velachery,22,4646732,12.9782371,80.2079751
Restaurant 115,Mumbai,Andheri,Appetizer,Appetizer 19,1,212.8,Appetizer 19,mumbai,andheri,22,12442373,19.1177692,72.831545
Restaurant 115,Mumbai,Bandra,Main Course,Main Dish 40,1,726.8,Main Dish 40,mumbai,bandra,35,12442373,19.0468129,72.8518372
Restaurant 115,Mumbai,Goregaon,Appetizer / Dessert,Dessert 10; Appetizer 9,2,78.4,Dessert 10; Appetizer 9,mumbai,goregaon,47,12442373,19.1779561,72.8466714
Restaurant 115,Mumbai,Juhu,Beverage,Beverage 1,1,281.9,Beverage 1,mumbai,juhu,51,12442373,19.1191035,72.8377091
Restaurant 115,New Delhi,Connaught Place,Beverage / Main Course,Beverage 3; Main Dish 42; Main Dish 37,3,402.0,Beverage 3; Main Dish 42; Main Dish 37,new delhi,connaught place,14,5000000,28.6441024,77.2071061
Restaurant 115,New Delhi,Hauz Khas,Beverage,Beverage 7,1,105.9,Beverage 7,new delhi,hauz khas,33,5000000,28.5456687,77.1864693
Restaurant 115,New Delhi,Karol Bagh,Snack,Snack 10,1,145.4,Snack 10,new delhi,karol bagh,13,5000000,28.637334,77.1917648
Restaurant 115,New Delhi,Saket,Beverage,Beverage 2,1,159.4,Beverage 2,new delhi,saket,55,5000000,28.5215613,77.1947555
Restaurant 115,Pune,Aundh,Dessert / Main Course,Main Dish 47; Dessert 11; Dessert 1,3,392.4,Main Dish 47; Dessert 11; Dessert 1,pune,aundh,41,9429408,18.5537171,73.8218126
Restaurant 115,Pune,Baner,Appetizer,Appetizer 13,1,106.5,Appetizer 13,pune,baner,49,9429408,18.5625256,73.7957822
Restaurant 115,Pune,Hinjawadi,Dessert / Main Course,Dessert 18; Main Dish 47,2,513.4,Dessert 18; Main Dish 47,pune,hinjawadi,13,9429408,18.5974152,73.7282519
Restaurant 115,Pune,Kothrud,Appetizer,Appetizer 10,1,146.7,Appetizer 10,pune,kothrud,32,9429408,18.5203491,73.8027898
Restaurant 115,Pune,Viman Nagar,Appetizer / Main Course / Snack,Main Dish 3; Snack 13; Appetizer 13; Main Dish 48,4,281.8,Main Dish 3; Snack 13; Appetizer 13; Main Dish 48,pune,viman nagar,44,9429408,18.5594858,73.9070163
Restaurant 116,Bangalore,Indiranagar,Beverage / Dessert / Main Course,Main Dish 21; Beverage 6; Dessert 18,3,375.2,Main Dish 21; Beverage 6; Dessert 18,bangalore,indiranagar,50,9621551,12.9567055,77.641154
Restaurant 116,Bangalore,Jayanagar,Beverage / Main Course,Main Dish 29; Beverage 14; Beverage 19; Main Dish 33,4,388.9,Main Dish 29; Beverage 14; Beverage 19; Main Dish 33,bangalore,jayanagar,40,9621551,12.941606,77.5701486
Restaurant 116,Bangalore,Koramangala,Appetizer,Appetizer 2,1,149.4,Appetizer 2,bangalore,koramangala,26,9621551,12.934897,77.6422616
Restaurant 116,Bangalore,Mg Road,Beverage / Main Course / Snack,Main Dish 36; Beverage 4; Snack 15,3,371.2,Main Dish 36; Beverage 4; Snack 15,bangalore,mg road,54,9621551,12.973598,77.5919147
Restaurant 116,Bangalore,Whitefield,Appetizer,Appetizer 19,1,75.5,Appetizer 19,bangalore,whitefield,19,9621551,12.9949032,77.7761295
Restaurant 116,Chennai,Adyar,Appetizer,Appetizer 2,1,123.5,Appetizer 2,chennai,adyar,32,4646732,13.0187829,80.2455048
Restaurant 116,Chennai,Anna Nagar,Main Course,Main Dish 42,1,435.7,Main Dish 42,chennai,anna nagar,50,4646732,13.100331,80.2175214
Restaurant 116,Chennai,Nungambakkam,Dessert,Dessert 17,1,258.7,Dessert 17,chennai,nungambakkam,30,4646732,13.0454768,80.2411738
Restaurant 116,Chennai,T. Nagar,Main Course,Main Dish 7,1,166.1,Main Dish 7,chennai,t. nagar,34,4646732,13.0369893,80.2500166
Restaurant 116,Chennai,Velachery,Appetizer / Main Course,Main Dish 20; Appetizer 11; Appetizer 8,3,359.1,Main Dish 20; Appetizer 11; Appetizer 8,chennai,velachery,22,4646732,12.9922475,80.2330322
Restaurant 116,Mumbai,Andheri,Appetizer,Appetizer 15,1,57.7,Appetizer 15,mumbai,andheri,22,12442373,19.1317796,72.8566021
Restaurant 116,Mumbai,Bandra,Beverage / Main Course,Main Dish 34; Main Dish 41; Beverage 5; Main Dish 17,4,538.6,Main Dish 34; Main Dish 41; Beverage 5; Main Dish 17,mumbai,bandra,35,12442373,19.0530508,72.8253448
Restaurant 116,Mumbai,Juhu,Appetizer,Appetizer 2,1,78.3,Appetizer 2,mumbai,juhu,51,12442373,19.0904357,72.8282143
Restaurant 116,Mumbai,Powai,Beverage / Main Course,Main Dish 22; Beverage 5,2,255.0,Main Dish 22; Beverage 5,mumbai,powai,35,12442373,19.1105532,72.9189645
Restaurant 116,New Delhi,Connaught Place,Appetizer / Main Course,Appetizer 4; Main Dish 38; Appetizer 9; Main Dish 41; Appetizer 8; Main Dish 47,6,291.8,Appetizer 4; Main Dish 38; Appetizer 9; Main Dish 41; Appetizer 8; Main Dish 47,new delhi,connaught place,14,5000000,28.6309299,77.237561
Restaurant 116,New Delhi,Hauz Khas,Dessert / Main Course / Snack,Main Dish 15; Main Dish 31; Snack 7; Dessert 4,4,255.3,Main Dish 15; Main Dish 31; Snack 7; Dessert 4,new delhi,hauz khas,33,5000000,28.5596791,77.2115264
Restaurant 116,New Delhi,Karol Bagh,Main Course,Main Dish 23; Main Dish 35,2,550.3,Main Dish 23; Main Dish 35,new delhi,karol bagh,13,5000000,28.6662527,77.1788037
Restaurant 116,New Delhi,Rajouri Garden,Dessert / Main Course,Main Dish 37; Main Dish 30; Dessert 6,3,273.1,Main Dish 37; Main Dish 30; Dessert 6,new delhi,rajouri garden,35,5000000,28.6608043,77.1081859
Restaurant 116,New Delhi,Saket,Main Course,Main Dish 3; Main Dish 12,2,368.5,Main Dish 3; Main Dish 12,new delhi,saket,55,5000000,28.5355717,77.2198126
Restaurant 116,Pune,Baner,Beverage,Beverage 18,1,43.1,Beverage 18,pune,baner,49,9429408,18.5480918,73.7782059
Restaurant 116,Pune,Hinjawadi,Appetizer,Appetizer 17; Appetizer 20,2,160.3,Appetizer 17; Appetizer 20,pune,hinjawadi,13,9429408,18.5962851,73.7494741
Restaurant 116,Pune,Kothrud,Dessert / Snack,Dessert 8; Snack 10,2,111.2,Dessert 8; Snack 10,pune,kothrud,32,9429408,18.4990955,73.8172845
Restaurant 117,Bangalore,Indiranagar,Main Course,Main Dish 30; Main Dish 17,2,672.9,Main Dish 30; Main Dish 17,bangalore,indiranagar,50,9621551,12.9856242,77.6281929
Restaurant 117,Bangalore,Jayanagar,Appetizer / Main Course,Main Dish 4; Appetizer 16,2,287.3,Main Dish 4; Appetizer 16,bangalore,jayanagar,40,9621551,12.9284335,77.6006035
Restaurant 117,Bangalore,Koramangala,Appetizer / Beverage / Dessert / Main Course,Main Dish 7; Appetizer 8; Beverage 11; Main Dish 13; Dessert 8; Dessert 6; Appetizer 13,7,318.1,Main Dish 7; Appetizer 8; Beverage 11; Main Dish 13; Dessert 8; Dessert 6; Appetizer 13,bangalore,koramangala,26,9621551,12.9235622,77.6094939
Restaurant 117,Bangalore,Mg Road,Dessert / Snack,Dessert 16; Snack 9; Dessert 12,3,213.1,Dessert 16; Snack 9; Dessert 12,bangalore,mg road,54,9621551,12.9876084,77.6169718
Restaurant 117,Bangalore,Whitefield,Beverage / Main Course,Main Dish 35; Beverage 14,2,438.6,Main Dish 35; Beverage 14,bangalore,whitefield,19,9621551,12.9835684,77.7433618
Restaurant 117,Chennai,Adyar,Appetizer / Main Course,Main Dish 16; Appetizer 15,2,232.6,Main Dish 16; Appetizer 15,chennai,adyar,32,4646732,13.0056104,80.2759597
Restaurant 117,Chennai,Nungambakkam,Appetizer / Beverage / Dessert,Dessert 18; Beverage 11; Beverage 15; Appetizer 1,4,146.8,Dessert 18; Beverage 11; Beverage 15; Appetizer 1,chennai,nungambakkam,30,4646732,13.0743955,80.2282127
Restaurant 117,Chennai,T. Nagar,Appetizer,Appetizer 11,1,236.7,Appetizer 11,chennai,t. nagar,34,4646732,13.0256545,80.2172489
Restaurant 117,Chennai,Velachery,Beverage,Beverage 6,1,223.3,Beverage 6,chennai,velachery,22,4646732,12.9635797,80.2235374
Restaurant 117,Mumbai,Andheri,Beverage / Main Course,Beverage 18; Main Dish 23,2,292.8,Beverage 18; Main Dish 23,mumbai,andheri,22,12442373,19.1031118,72.8471073
Restaurant 117,Mumbai,Bandra,Dessert,Dessert 18,1,345.7,Dessert 18,mumbai,bandra,35,12442373,19.0670612,72.8504019
Restaurant 117,Mumbai,Goregaon,Appetizer / Dessert,Dessert 18; Dessert 20; Appetizer 2,3,170.3,Dessert 18; Dessert 20; Appetizer 2,mumbai,goregaon,47,12442373,19.1567025,72.8611661
Restaurant 117,Mumbai,Juhu,Beverage,Beverage 8,1,296.6,Beverage 8,mumbai,juhu,51,12442373,19.1193544,72.8152532
Restaurant 117,Mumbai,Powai,Appetizer / Dessert,Dessert 2; Appetizer 12,2,139.0,Dessert 2; Appetizer 12,mumbai,powai,35,12442373,19.1167911,72.8924721
Restaurant 117,New Delhi,Connaught Place,Appetizer / Dessert / Main Course / Snack,Appetizer 7; Main Dish 32; Dessert 16; Snack 13,4,241.8,Appetizer 7; Main Dish 32; Dessert 16; Snack 13,new delhi,connaught place,14,5000000,28.6195951,77.2047933
Restaurant 117,New Delhi,Karol Bagh,Main Course,Main Dish 25; Main Dish 39,2,543.1,Main Dish 25; Main Dish 39,new delhi,karol bagh,13,5000000,28.6530802,77.2092586
Restaurant 117,New Delhi,Rajouri Garden,Dessert,Dessert 5,1,291.8,Dessert 5,new delhi,rajouri garden,35,5000000,28.6476318,77.1386408
Restaurant 117,New Delhi,Saket,Appetizer / Snack,Appetizer 6; Snack 9,2,146.3,Appetizer 6; Snack 9,new delhi,saket,55,5000000,28.5069039,77.2103178
Restaurant 117,Pune,Aundh,Appetizer / Main Course,Main Dish 45; Appetizer 10,2,329.7,Main Dish 45; Appetizer 10,pune,aundh,41,9429408,18.559955,73.7953202
Restaurant 117,Pune,Baner,Main Course,Main Dish 10,1,511.8,Main Dish 10,pune,baner,49,9429408,18.572081,73.7816454
Restaurant 117,Pune,Hinjawadi,Appetizer,Appetizer 16,1,112.6,Appetizer 16,pune,hinjawadi,13,9429408,18.5818513,73.7318978
Restaurant 117,Pune,Kothrud,Beverage / Main Course,Main Dish 17; Main Dish 10; Beverage 2,3,307.4,Main Dish 17; Main Dish 10; Beverage 2,pune,kothrud,32,9429408,18.5053334,73.7907921
Restaurant 118,Bangalore,Indiranagar,Dessert / Main Course / Snack,Dessert 11; Snack 2; Main Dish 45; Dessert 5,4,244.4,Dessert 11; Snack 2; Main Dish 45; Dessert 5,bangalore,indiranagar,50,9621551,12.9724517,77.6586478
Restaurant 118,Bangalore,Jayanagar,Appetizer / Beverage,Beverage 9; Appetizer 14,2,205.6,Beverage 9; Appetizer 14,bangalore,jayanagar,40,9621551,12.9170987,77.5678358
Restaurant 118,Bangalore,Koramangala,Main Course / Snack,Main Dish 34; Main Dish 35; Main Dish 24; Snack 15,4,422.3,Main Dish 34; Main Dish 35; Main Dish 24; Snack 15,bangalore,koramangala,26,9621551,12.95536,77.6267199
Restaurant 118,Bangalore,Mg Road,Appetizer / Beverage,Beverage 16; Appetizer 6,2,175.0,Beverage 16; Appetizer 6,bangalore,mg road,54,9621551,12.9589406,77.607477
Restaurant 118,Bangalore,Whitefield,Appetizer,Appetizer 6,1,74.6,Appetizer 6,bangalore,whitefield,19,9621551,13.0153662,77.7605878
Restaurant 118,Chennai,Adyar,Main Course,Main Dish 39,1,479.9,Main Dish 39,chennai,adyar,32,4646732,12.9942756,80.243192
Restaurant 118,Chennai,Anna Nagar,Main Course,Main Dish 25,1,229.0,Main Dish 25,chennai,anna nagar,50,4646732,13.0716632,80.2080266
Restaurant 118,Chennai,Nungambakkam,Appetizer / Beverage / Main Course / Snack,Appetizer 9; Snack 9; Main Dish 3; Beverage 20,4,177.8,Appetizer 9; Snack 9; Main Dish 3; Beverage 20,chennai,nungambakkam,30,4646732,13.061223,80.2586676
Restaurant 118,Chennai,T. Nagar,Appetizer / Main Course,Appetizer 3; Main Dish 35,2,155.5,Appetizer 3; Main Dish 35,chennai,t. nagar,34,4646732,13.0574523,80.2344749
Restaurant 118,Chennai,Velachery,Appetizer / Dessert / Main Course,Appetizer 9; Dessert 4; Main Dish 18,3,235.3,Appetizer 9; Dessert 4; Main Dish 18,chennai,velachery,22,4646732,12.9924984,80.2105763
Restaurant 118,Mumbai,Andheri,Main Course,Main Dish 30; Main Dish 24,2,546.9,Main Dish 30; Main Dish 24,mumbai,andheri,22,12442373,19.1320305,72.8341462
Restaurant 118,Mumbai,Bandra,Appetizer,Appetizer 15,1,202.0,Appetizer 15,mumbai,bandra,35,12442373,19.0383934,72.8409071
Restaurant 118,Mumbai,Goregaon,Appetizer / Beverage,Appetizer 11; Beverage 6,2,143.7,Appetizer 11; Beverage 6,mumbai,goregaon,47,12442373,19.1629404,72.8346737
Restaurant 118,Mumbai,Juhu,Main Course / Snack,Main Dish 10; Snack 8,2,219.9,Main Dish 10; Snack 8,mumbai,juhu,51,12442373,19.1061819,72.8457081
Restaurant 118,Mumbai,Powai,Beverage / Dessert,Beverage 9; Dessert 6,2,183.6,Beverage 9; Dessert 6,mumbai,powai,35,12442373,19.1308015,72.9175292
Restaurant 118,New Delhi,Connaught Place,Main Course,Main Dish 44; Main Dish 4,2,549.6,Main Dish 44; Main Dish 4,new delhi,connaught place,14,5000000,28.6513929,77.2220193
Restaurant 118,New Delhi,Hauz Khas,Main Course,Main Dish 48,1,224.3,Main Dish 48,new delhi,hauz khas,33,5000000,28.5310113,77.2020316
Restaurant 118,New Delhi,Karol Bagh,Beverage / Main Course,Beverage 5; Main Dish 21; Beverage 7,3,291.0,Beverage 5; Main Dish 21; Beverage 7,new delhi,karol bagh,13,5000000,28.6417454,77.1764909
Restaurant 118,New Delhi,Saket,Dessert / Main Course / Snack,Snack 9; Dessert 14; Main Dish 1,3,279.9,Snack 9; Dessert 14; Main Dish 1,new delhi,saket,55,5000000,28.5358226,77.1973567
Restaurant 118,Pune,Aundh,Main Course / Snack,Snack 15; Main Dish 19,2,333.2,Snack 15; Main Dish 19,pune,aundh,41,9429408,18.5739654,73.8203773
Restaurant 118,Pune,Baner,Appetizer / Snack,Snack 9; Appetizer 10,2,206.8,Snack 9; Appetizer 10,pune,baner,49,9429408,18.5508274,73.7961401
Restaurant 119,Bangalore,Indiranagar,Appetizer,Appetizer 8,1,245.8,Appetizer 8,bangalore,indiranagar,50,9621551,12.9611169,77.6258801
Restaurant 119,Bangalore,Jayanagar,Beverage / Main Course,Beverage 15; Main Dish 36,2,475.6,Beverage 15; Main Dish 36,bangalore,jayanagar,40,9621551,12.9488965,77.5850618
Restaurant 119,Bangalore,Koramangala,Appetizer / Dessert,Appetizer 5; Dessert 16; Appetizer 15; Dessert 18,4,154.7,Appetizer 5; Dessert 16; Appetizer 15; Dessert 18,bangalore,koramangala,26,9621551,12.9188278,77.6358475
Restaurant 119,Bangalore,Mg Road,Beverage / Main Course,Beverage 4; Main Dish 37,2,158.9,Beverage 4; Main Dish 37,bangalore,mg road,54,9621551,12.9878593,77.5945159
Restaurant 119,Bangalore,Whitefield,Appetizer / Main Course / Snack,Appetizer 20; Main Dish 49; Snack 6; Appetizer 11,4,282.6,Appetizer 20; Main Dish 49; Snack 6; Appetizer 11,bangalore,whitefield,19,9621551,12.978834,77.7697154
Restaurant 119,Chennai,Adyar,Appetizer / Main Course,Appetizer 6; Main Dish 35; Main Dish 44,3,247.0,Appetizer 6; Main Dish 35; Main Dish 44,chennai,adyar,32,4646732,13.0260734,80.260418
Restaurant 119,Chennai,Anna Nagar,Beverage / Main Course,Beverage 16; Main Dish 34,2,292.8,Beverage 16; Main Dish 34,chennai,anna nagar,50,4646732,13.1005819,80.1950655
Restaurant 119,Chennai,Nungambakkam,Beverage / Main Course,Beverage 6; Main Dish 46,2,415.8,Beverage 6; Main Dish 46,chennai,nungambakkam,30,4646732,13.0498882,80.2258999
Restaurant 119,Chennai,Velachery,Snack,Snack 11,1,92.9,Snack 11,chennai,velachery,22,4646732,12.9793259,80.2410312
Restaurant 119,Mumbai,Andheri,Beverage / Main Course,Main Dish 39; Beverage 14,2,199.3,Main Dish 39; Beverage 14,mumbai,andheri,22,12442373,19.118858,72.8646011
Restaurant 119,Mumbai,Bandra,Dessert / Snack,Snack 4; Dessert 7,2,171.9,Snack 4; Dessert 7,mumbai,bandra,35,12442373,19.0673121,72.827946
Restaurant 119,Mumbai,Goregaon,Appetizer,Appetizer 5,1,194.0,Appetizer 5,mumbai,goregaon,47,12442373,19.1769508,72.8597308
Restaurant 119,Mumbai,Juhu,Main Course,Main Dish 32,1,580.1,Main Dish 32,mumbai,juhu,51,12442373,19.0948471,72.8129404
Restaurant 119,Mumbai,Powai,Main Course,Main Dish 22,1,715.4,Main Dish 22,mumbai,powai,35,12442373,19.1021337,72.9080344
Restaurant 119,New Delhi,Connaught Place,Beverage / Dessert / Main Course,Main Dish 45; Beverage 6; Dessert 2,3,177.1,Main Dish 45; Beverage 6; Dessert 2,new delhi,connaught place,14,5000000,28.6148607,77.2311469
Restaurant 119,New Delhi,Hauz Khas,Main Course,Main Dish 7,1,530.2,Main Dish 7,new delhi,hauz khas,33,5000000,28.55993,77.1890705
Restaurant 119,New Delhi,Karol Bagh,Main Course,Main Dish 44; Main Dish 49; Main Dish 20,3,484.7,Main Dish 44; Main Dish 49; Main Dish 20,new delhi,karol bagh,13,5000000,28.6735432,77.1937169
Restaurant 119,New Delhi,Rajouri Garden,Appetizer / Snack,Appetizer 12; Snack 8,2,144.2,Appetizer 12; Snack 8,new delhi,rajouri garden,35,5000000,28.636297,77.1058731
Restaurant 119,New Delhi,Saket,Appetizer,Appetizer 18,1,197.6,Appetizer 18,new delhi,saket,55,5000000,28.5226501,77.2278116
Restaurant 119,Pune,Aundh,Main Course,Main Dish 48,1,356.7,Main Dish 48,pune,aundh,41,9429408,18.5452976,73.8108825
Restaurant 119,Pune,Hinjawadi,Appetizer,Appetizer 11,1,248.6,Appetizer 11,pune,hinjawadi,13,9429408,18.6058405,73.7353373
Restaurant 119,Pune,Viman Nagar,Appetizer / Dessert,Dessert 3; Dessert 7; Appetizer 4,3,241.8,Dessert 3; Dessert 7; Appetizer 4,pune,viman nagar,44,9429408,18.583475,73.9104558
Restaurant 12,Bangalore,Indiranagar,Appetizer / Snack,Snack 15; Appetizer 3,2,91.1,Snack 15; Appetizer 3,bangalore,indiranagar,50,9621551,12.9929147,77.6431061
Restaurant 12,Bangalore,Jayanagar,Beverage / Dessert / Main Course,Main Dish 47; Dessert 10; Beverage 18,3,380.4,Main Dish 47; Dessert 10; Beverage 18,bangalore,jayanagar,40,9621551,12.9123643,77.5941894
Restaurant 12,Bangalore,Koramangala,Appetizer / Snack,Appetizer 19; Snack 14,2,122.5,Appetizer 19; Snack 14,bangalore,koramangala,26,9621551,12.940432,77.6032025
Restaurant 12,Bangalore,Mg Road,Beverage,Beverage 20; Beverage 17,2,142.4,Beverage 20; Beverage 17,bangalore,mg road,54,9621551,12.9746868,77.6249708
Restaurant 12,Bangalore,Whitefield,Appetizer / Dessert / Main Course / Snack,Appetizer 20; Main Dish 38; Dessert 4; Appetizer 5; Snack 13,5,294.9,Appetizer 20; Main Dish 38; Dessert 4; Appetizer 5; Snack 13,bangalore,whitefield,19,9621551,13.0004382,77.7370704
Restaurant 12,Chennai,Adyar,Dessert,Dessert 9,1,242.7,Dessert 9,chennai,adyar,32,4646732,12.9895412,80.2695456
Restaurant 12,Chennai,Anna Nagar,Dessert / Main Course,Main Dish 24; Dessert 6; Main Dish 10,3,279.6,Main Dish 24; Dessert 6; Main Dish 10,chennai,anna nagar,50,4646732,13.0874094,80.2255204
Restaurant 12,Chennai,Nungambakkam,Dessert,Dessert 17,1,269.6,Dessert 17,chennai,nungambakkam,30,4646732,13.081686,80.2431259
Restaurant 12,Chennai,T. Nagar,Main Course,Main Dish 2; Main Dish 29,2,388.5,Main Dish 2; Main Dish 29,chennai,t. nagar,34,4646732,13.0209201,80.2436025
Restaurant 12,Chennai,Velachery,Appetizer / Main Course,Main Dish 4; Appetizer 4; Main Dish 46; Appetizer 20; Main Dish 43,5,282.0,Main Dish 4; Appetizer 4; Main Dish 46; Appetizer 20; Main Dish 43,chennai,velachery,22,4646732,12.9679911,80.2082635
Restaurant 12,Mumbai,Goregaon,Main Course,Main Dish 25,1,757.5,Main Dish 25,mumbai,goregaon,47,12442373,19.148283,72.850236
Restaurant 12,Mumbai,Powai,Main Course,Main Dish 6,1,249.6,Main Dish 6,mumbai,powai,35,12442373,19.1310524,72.8950733
Restaurant 12,New Delhi,Connaught Place,Beverage / Main Course,Main Dish 38; Beverage 8,2,149.3,Main Dish 38; Beverage 8,new delhi,connaught place,14,5000000,28.6364649,77.1985019
Restaurant 12,New Delhi,Hauz Khas,Dessert / Main Course,Main Dish 5; Dessert 19,2,260.5,Main Dish 5; Dessert 19,new delhi,hauz khas,33,5000000,28.5467575,77.2195254
Restaurant 12,New Delhi,Karol Bagh,Dessert / Main Course / Snack,Main Dish 47; Dessert 12; Snack 2; Main Dish 44,4,416.5,Main Dish 47; Dessert 12; Snack 2; Main Dish 44,new delhi,karol bagh,13,5000000,28.637011,77.2028445
Restaurant 12,New Delhi,Rajouri Garden,Main Course / Snack,Main Dish 29; Snack 13; Main Dish 3,3,401.2,Main Dish 29; Snack 13; Main Dish 3,new delhi,rajouri garden,35,5000000,28.6680948,77.1230991
Restaurant 12,New Delhi,Saket,Appetizer / Dessert / Main Course,Appetizer 16; Appetizer 18; Appetizer 5; Main Dish 48; Appetizer 15; Dessert 15,6,187.6,Appetizer 16; Appetizer 18; Appetizer 5; Main Dish 48; Appetizer 15; Dessert 15,new delhi,saket,55,5000000,28.5113153,77.1950439
Restaurant 12,Pune,Aundh,Snack,Snack 2,1,62.0,Snack 2,pune,aundh,41,9429408,18.5742163,73.7979214
Restaurant 12,Pune,Baner,Dessert,Dessert 13,1,276.2,Dessert 13,pune,baner,49,9429408,18.5570653,73.7696477
Restaurant 12,Pune,Hinjawadi,Appetizer / Dessert / Main Course,Main Dish 15; Appetizer 16; Dessert 19,3,183.0,Main Dish 15; Appetizer 16; Dessert 19,pune,hinjawadi,13,9429408,18.5845869,73.749832
Restaurant 12,Pune,Kothrud,Dessert,Dessert 19,1,284.1,Dessert 19,pune,kothrud,32,9429408,18.5193438,73.8158492
Restaurant 120,Bangalore,Indiranagar,Dessert,Dessert 4,1,378.0,Dessert 4,bangalore,indiranagar,50,9621551,12.9563825,77.6522337
Restaurant 120,Bangalore,Jayanagar,Appetizer / Main Course,Main Dish 46; Appetizer 3,2,113.9,Main Dish 46; Appetizer 3,bangalore,jayanagar,40,9621551,12.9339685,77.5615444
Restaurant 120,Bangalore,Koramangala,Snack,Snack 5; Snack 3,2,105.7,Snack 5; Snack 3,bangalore,koramangala,26,9621551,12.9467755,77.6433419
Restaurant 120,Bangalore,Mg Road,Dessert / Main Course / Snack,Snack 10; Dessert 17; Main Dish 12,3,319.2,Snack 10; Dessert 17; Main Dish 12,bangalore,mg road,54,9621551,12.963352,77.5922031
Restaurant 120,Bangalore,Whitefield,Appetizer / Beverage / Dessert,Appetizer 19; Beverage 16; Dessert 8; Beverage 4,4,191.5,Appetizer 19; Beverage 16; Dessert 8; Beverage 4,bangalore,whitefield,19,9621551,13.0067817,77.7772098
Restaurant 120,Chennai,Adyar,Beverage / Main Course / Snack,Main Dish 31; Snack 14; Snack 15; Beverage 7,4,319.5,Main Dish 31; Snack 14; Snack 15; Beverage 7,chennai,adyar,32,4646732,13.0111454,80.2369006
Restaurant 120,Chennai,Anna Nagar,Appetizer / Main Course,Appetizer 20; Main Dish 17,2,293.2,Appetizer 20; Main Dish 17,chennai,anna nagar,50,4646732,13.0760746,80.1927527
Restaurant 120,Chennai,Nungambakkam,Appetizer / Main Course / Snack,Main Dish 8; Snack 9; Appetizer 14; Main Dish 37,4,298.5,Main Dish 8; Snack 9; Appetizer 14; Main Dish 37,chennai,nungambakkam,30,4646732,13.0451538,80.2522535
Restaurant 120,Chennai,T. Nagar,Main Course,Main Dish 12; Main Dish 48,2,562.3,Main Dish 12; Main Dish 48,chennai,t. nagar,34,4646732,13.0425243,80.2109575
Restaurant 120,Chennai,Velachery,Beverage / Main Course,Beverage 10; Main Dish 22; Beverage 12,3,354.2,Beverage 10; Main Dish 22; Beverage 12,chennai,velachery,22,4646732,12.9997889,80.2254895
Restaurant 120,Mumbai,Andheri,Appetizer / Main Course / Snack,Snack 9; Main Dish 6; Main Dish 37; Appetizer 10,4,335.0,Snack 9; Main Dish 6; Main Dish 37; Appetizer 10,mumbai,andheri,22,12442373,19.1075232,72.8318334
Restaurant 120,Mumbai,Bandra,Appetizer,Appetizer 14,1,63.4,Appetizer 14,mumbai,bandra,35,12442373,19.0541396,72.8584009
Restaurant 120,Mumbai,Juhu,Dessert / Main Course,Main Dish 10; Main Dish 33; Dessert 1,3,384.4,Main Dish 10; Main Dish 33; Dessert 1,mumbai,juhu,51,12442373,19.1266449,72.8301664
Restaurant 120,Mumbai,Powai,Main Course,Main Dish 34,1,739.5,Main Dish 34,mumbai,powai,35,12442373,19.1178799,72.9255282
Restaurant 120,New Delhi,Connaught Place,Appetizer / Beverage / Dessert / Main Course,Appetizer 4; Dessert 11; Main Dish 43; Main Dish 23; Beverage 6; Main Dish 22,6,271.7,Appetizer 4; Dessert 11; Main Dish 43; Main Dish 23; Beverage 6; Main Dish 22,new delhi,connaught place,14,5000000,28.6428084,77.2386413
Restaurant 120,New Delhi,Hauz Khas,Appetizer,Appetizer 14,1,148.6,Appetizer 14,new delhi,hauz khas,33,5000000,28.5354227,77.1867577
Restaurant 120,New Delhi,Karol Bagh,Appetizer / Snack,Snack 8; Appetizer 7,2,123.3,Snack 8; Appetizer 7,new delhi,karol bagh,13,5000000,28.6586152,77.1701995
Restaurant 120,New Delhi,Rajouri Garden,Beverage / Main Course,Main Dish 44; Beverage 15,2,227.8,Main Dish 44; Beverage 15,new delhi,rajouri garden,35,5000000,28.6315626,77.1322267
Restaurant 120,New Delhi,Saket,Appetizer,Appetizer 17; Appetizer 4; Appetizer 5,3,199.8,Appetizer 17; Appetizer 4; Appetizer 5,new delhi,saket,55,5000000,28.5431131,77.2122699
Restaurant 120,Pune,Aundh,Appetizer,Appetizer 4,1,97.7,Appetizer 4,pune,aundh,41,9429408,18.5610438,73.8283763
Restaurant 120,Pune,Baner,Appetizer / Beverage,Beverage 2; Appetizer 15,2,151.6,Beverage 2; Appetizer 15,pune,baner,49,9429408,18.5710757,73.7947048
Restaurant 120,Pune,Hinjawadi,Dessert,Dessert 1; Dessert 16,2,319.1,Dessert 1; Dessert 16,pune,hinjawadi,13,9429408,18.5908248,73.7233396
Restaurant 120,Pune,Kothrud,Beverage,Beverage 13,1,189.4,Beverage 13,pune,kothrud,32,9429408,18.490676,73.8063544
Restaurant 121,Bangalore,Indiranagar,Appetizer / Main Course,Appetizer 9; Main Dish 11,2,231.8,Appetizer 9; Main Dish 11,bangalore,indiranagar,50,9621551,12.9779867,77.6195887
Restaurant 121,Bangalore,Jayanagar,Appetizer / Main Course,Main Dish 48; Main Dish 15; Appetizer 7,3,270.7,Main Dish 48; Main Dish 15; Appetizer 7,bangalore,jayanagar,40,9621551,12.940312,77.6016838
Restaurant 121,Bangalore,Koramangala,Dessert / Main Course / Snack,Main Dish 16; Main Dish 31; Snack 11; Dessert 7; Dessert 4,5,280.8,Main Dish 16; Main Dish 31; Snack 11; Dessert 7; Dessert 4,bangalore,koramangala,26,9621551,12.9138241,77.6170923
Restaurant 121,Bangalore,Mg Road,Main Course,Main Dish 39,1,704.8,Main Dish 39,bangalore,mg road,54,9621551,12.9951498,77.6094291
Restaurant 121,Bangalore,Whitefield,Main Course,Main Dish 35; Main Dish 5,2,470.8,Main Dish 35; Main Dish 5,bangalore,whitefield,19,9621551,12.9738303,77.7509602
Restaurant 121,Chennai,Adyar,Appetizer,Appetizer 7; Appetizer 18,2,122.8,Appetizer 7; Appetizer 18,chennai,adyar,32,4646732,13.0174889,80.27704
Restaurant 121,Chennai,Anna Nagar,Appetizer / Beverage / Main Course,Main Dish 38; Beverage 20; Appetizer 17,3,137.6,Main Dish 38; Beverage 20; Appetizer 17,chennai,anna nagar,50,4646732,13.1078724,80.2099787
Restaurant 121,Chennai,Nungambakkam,Appetizer / Beverage / Main Course,Main Dish 16; Beverage 7; Appetizer 9; Main Dish 25,4,180.7,Main Dish 16; Beverage 7; Appetizer 9; Main Dish 25,chennai,nungambakkam,30,4646732,13.066758,80.2196085
Restaurant 121,Chennai,T. Nagar,Appetizer,Appetizer 17,1,69.8,Appetizer 17,chennai,t. nagar,34,4646732,13.0488678,80.2510969
Restaurant 121,Chennai,Velachery,Dessert / Main Course / Snack,Main Dish 48; Snack 6; Main Dish 39; Main Dish 13; Dessert 19,5,366.6,Main Dish 48; Snack 6; Main Dish 39; Main Dish 13; Dessert 19,chennai,velachery,22,4646732,12.9632567,80.2346171
Restaurant 121,Mumbai,Bandra,Appetizer,Appetizer 15; Appetizer 4,2,151.5,Appetizer 15; Appetizer 4,mumbai,bandra,35,12442373,19.0428048,72.8256332
Restaurant 121,Mumbai,Goregaon,Beverage,Beverage 6,1,271.1,Beverage 6,mumbai,goregaon,47,12442373,19.1772017,72.8372749
Restaurant 121,Mumbai,Powai,Beverage,Beverage 17,1,166.6,Beverage 17,mumbai,powai,35,12442373,19.1065451,72.8927605
Restaurant 121,New Delhi,Connaught Place,Appetizer / Snack,Appetizer 2; Snack 5,2,141.4,Appetizer 2; Snack 5,new delhi,connaught place,14,5000000,28.609857,77.2123917
Restaurant 121,New Delhi,Karol Bagh,Appetizer / Snack,Snack 15; Appetizer 12,2,157.2,Snack 15; Appetizer 12,new delhi,karol bagh,13,5000000,28.6649587,77.2103389
Restaurant 121,New Delhi,Rajouri Garden,Appetizer / Main Course,Appetizer 18; Main Dish 48,2,179.8,Appetizer 18; Main Dish 48,new delhi,rajouri garden,35,5000000,28.6531668,77.0995817
Restaurant 121,New Delhi,Saket,Beverage / Dessert,Beverage 18; Dessert 4; Dessert 11,3,310.7,Beverage 18; Dessert 4; Dessert 11,new delhi,saket,55,5000000,28.5065809,77.2213975
Restaurant 121,Pune,Aundh,Main Course,Main Dish 23,1,206.9,Main Dish 23,pune,aundh,41,9429408,18.549709,73.7956086
Restaurant 121,Pune,Kothrud,Dessert,Dessert 1,1,295.3,Dessert 1,pune,kothrud,32,9429408,18.5195947,73.7933933
Restaurant 121,Pune,Viman Nagar,Main Course,Main Dish 24,1,495.0,Main Dish 24,pune,viman nagar,44,9429408,18.5622214,73.9249505
Restaurant 122,Bangalore,Indiranagar,Appetizer / Beverage / Main Course,Beverage 11; Main Dish 30; Appetizer 1,3,203.6,Beverage 11; Main Dish 30; Appetizer 1,bangalore,indiranagar,50,9621551,12.9843302,77.6597281
Restaurant 122,Bangalore,Jayanagar,Appetizer / Beverage / Main Course,Beverage 14; Main Dish 35; Appetizer 17,3,399.2,Beverage 14; Main Dish 35; Appetizer 17,bangalore,jayanagar,40,9621551,12.9073606,77.5754342
Restaurant 122,Bangalore,Koramangala,Snack,Snack 7; Snack 11,2,129.2,Snack 7; Snack 11,bangalore,koramangala,26,9621551,12.9573412,77.6140969
Restaurant 122,Bangalore,Mg Road,Beverage / Main Course / Snack,Beverage 9; Snack 9; Main Dish 40,3,168.2,Beverage 9; Snack 9; Main Dish 40,bangalore,mg road,54,9621551,12.9586176,77.6185567
Restaurant 122,Bangalore,Whitefield,Appetizer / Beverage / Main Course,Main Dish 49; Appetizer 12; Beverage 19,3,302.5,Main Dish 49; Appetizer 12; Beverage 19,bangalore,whitefield,19,9621551,13.0173474,77.7479648
Restaurant 122,Chennai,Anna Nagar,Beverage / Main Course,Main Dish 21; Beverage 5; Main Dish 34,3,356.5,Main Dish 21; Beverage 5; Main Dish 34,chennai,anna nagar,50,4646732,13.0713402,80.2191063
Restaurant 122,Chennai,Nungambakkam,Appetizer / Main Course,Main Dish 28; Appetizer 9; Appetizer 4; Appetizer 16,4,233.9,Main Dish 28; Appetizer 9; Appetizer 4; Appetizer 16,chennai,nungambakkam,30,4646732,13.0731015,80.2597479
Restaurant 122,Chennai,T. Nagar,Beverage,Beverage 2,1,167.2,Beverage 2,chennai,t. nagar,34,4646732,13.0159164,80.2248473
Restaurant 122,Chennai,Velachery,Appetizer / Main Course / Snack,Main Dish 6; Appetizer 11; Snack 5,3,295.9,Main Dish 6; Appetizer 11; Snack 5,chennai,velachery,22,4646732,12.9848609,80.2019721
Restaurant 122,Mumbai,Andheri,Main Course,Main Dish 44,1,582.9,Main Dish 44,mumbai,andheri,22,12442373,19.139321,72.8490594
Restaurant 122,Mumbai,Bandra,Appetizer,Appetizer 5,1,60.0,Appetizer 5,mumbai,bandra,35,12442373,19.0746026,72.8428592
Restaurant 122,Mumbai,Juhu,Beverage,Beverage 10,1,289.2,Beverage 10,mumbai,juhu,51,12442373,19.0901127,72.839294
Restaurant 122,Mumbai,Powai,Main Course,Main Dish 42,1,246.7,Main Dish 42,mumbai,powai,35,12442373,19.1383429,72.9099865
Restaurant 122,New Delhi,Connaught Place,Appetizer / Main Course,Main Dish 34; Appetizer 3; Appetizer 17,3,154.8,Main Dish 34; Appetizer 3; Appetizer 17,new delhi,connaught place,14,5000000,28.6533741,77.2093963
Restaurant 122,New Delhi,Hauz Khas,Appetizer / Beverage / Main Course,Beverage 17; Main Dish 25; Appetizer 18; Main Dish 21,4,305.5,Beverage 17; Main Dish 25; Appetizer 18; Main Dish 21,new delhi,hauz khas,33,5000000,28.5672205,77.2039837
Restaurant 122,New Delhi,Rajouri Garden,Appetizer / Beverage / Dessert / Main Course / Snack,Appetizer 3; Main Dish 22; Dessert 5; Beverage 1; Snack 15,5,275.9,Appetizer 3; Main Dish 22; Dessert 5; Beverage 1; Snack 15,new delhi,rajouri garden,35,5000000,28.6595103,77.1397211
Restaurant 122,New Delhi,Saket,Appetizer / Main Course / Snack,Appetizer 8; Appetizer 7; Snack 13; Main Dish 30; Appetizer 9,5,185.0,Appetizer 8; Appetizer 7; Snack 13; Main Dish 30; Appetizer 9,new delhi,saket,55,5000000,28.5281851,77.1887525
Restaurant 122,Pune,Aundh,Appetizer,Appetizer 1,1,174.0,Appetizer 1,pune,aundh,41,9429408,18.5815068,73.8128346
Restaurant 122,Pune,Baner,Appetizer,Appetizer 7,1,145.4,Appetizer 7,pune,baner,49,9429408,18.5424079,73.78521
Restaurant 122,Pune,Kothrud,Beverage / Snack,Beverage 6; Snack 10,2,227.8,Beverage 6; Snack 10,pune,kothrud,32,9429408,18.5064222,73.8238482
Restaurant 122,Pune,Viman Nagar,Main Course / Snack,Main Dish 5; Snack 12; Main Dish 17; Snack 6,4,278.0,Main Dish 5; Snack 12; Main Dish 17; Snack 6,pune,viman nagar,44,9429408,18.5684593,73.8984581
Restaurant 123,Bangalore,Indiranagar,Appetizer / Beverage / Main Course / Snack,Snack 2; Appetizer 4; Main Dish 23; Snack 7; Beverage 10; Beverage 9,6,204.1,Snack 2; Appetizer 4; Main Dish 23; Snack 7; Beverage 10; Beverage 9,bangalore,indiranagar,50,9621551,12.9513788,77.6334785
Restaurant 123,Bangalore,Jayanagar,Main Course,Main Dish 31; Main Dish 40,2,314.3,Main Dish 31; Main Dish 40,bangalore,jayanagar,40,9621551,12.9508777,77.5724388
Restaurant 123,Bangalore,Koramangala,Appetizer / Beverage / Main Course,Main Dish 41; Appetizer 7; Main Dish 7; Beverage 10,4,367.5,Main Dish 41; Appetizer 7; Main Dish 7; Beverage 10,bangalore,koramangala,26,9621551,12.9262415,77.6467747
Restaurant 123,Bangalore,Mg Road,Appetizer / Dessert,Dessert 13; Appetizer 7; Dessert 7,3,220.3,Dessert 13; Appetizer 7; Dessert 7,bangalore,mg road,54,9621551,12.9802218,77.5859117
Restaurant 123,Bangalore,Whitefield,Main Course,Main Dish 27,1,429.5,Main Dish 27,bangalore,whitefield,19,9621551,12.9862477,77.7806426
Restaurant 123,Chennai,Adyar,Beverage / Main Course,Beverage 5; Main Dish 8; Beverage 13,3,160.3,Beverage 5; Main Dish 8; Beverage 13,chennai,adyar,32,4646732,12.9845375,80.2507904
Restaurant 123,Chennai,Anna Nagar,Appetizer / Dessert / Main Course,Appetizer 3; Appetizer 5; Appetizer 11; Main Dish 20; Dessert 7,5,268.0,Appetizer 3; Appetizer 5; Appetizer 11; Main Dish 20; Dessert 7,chennai,anna nagar,50,4646732,13.0929444,80.1864613
Restaurant 123,Chennai,Nungambakkam,Beverage,Beverage 9,1,249.3,Beverage 9,chennai,nungambakkam,30,4646732,13.0401501,80.2334983
Restaurant 123,Chennai,T. Nagar,Beverage / Dessert / Main Course / Snack,Snack 8; Beverage 7; Main Dish 20; Dessert 19; Main Dish 33,5,221.3,Snack 8; Beverage 7; Main Dish 20; Dessert 19; Main Dish 33,chennai,t. nagar,34,4646732,13.0594335,80.2218519
Restaurant 123,Chennai,Velachery,Dessert,Dessert 16,1,295.9,Dessert 16,chennai,velachery,22,4646732,12.9912044,80.2421115
Restaurant 123,Mumbai,Andheri,Main Course,Main Dish 36,1,240.0,Main Dish 36,mumbai,andheri,22,12442373,19.1027888,72.858187
Restaurant 123,Mumbai,Bandra,Appetizer / Main Course,Main Dish 17; Appetizer 9,2,326.1,Main Dish 17; Appetizer 9,mumbai,bandra,35,12442373,19.0380704,72.8519868
Restaurant 123,New Delhi,Hauz Khas,Beverage / Dessert / Main Course / Snack,Dessert 1; Beverage 16; Snack 5; Main Dish 2,4,304.0,Dessert 1; Beverage 16; Snack 5; Main Dish 2,new delhi,hauz khas,33,5000000,28.5306883,77.2131113
Restaurant 123,New Delhi,Rajouri Garden,Beverage / Dessert / Main Course / Snack,Dessert 2; Main Dish 4; Main Dish 7; Beverage 2; Snack 1,5,315.4,Dessert 2; Main Dish 4; Main Dish 7; Beverage 2; Snack 1,new delhi,rajouri garden,35,5000000,28.6265589,77.1134715
Restaurant 123,New Delhi,Saket,Snack,Snack 15,1,98.7,Snack 15,new delhi,saket,55,5000000,28.5345286,77.2288919
Restaurant 123,Pune,Aundh,Appetizer,Appetizer 11,1,236.8,Appetizer 11,pune,aundh,41,9429408,18.5449746,73.8219622
Restaurant 123,Pune,Baner,Main Course / Snack,Main Dish 14; Snack 2,2,141.1,Main Dish 14; Snack 2,pune,baner,49,9429408,18.5713266,73.7722489
Restaurant 123,Pune,Hinjawadi,Beverage,Beverage 8,1,46.3,Beverage 8,pune,hinjawadi,13,9429408,18.6048352,73.7483967
Restaurant 123,Pune,Kothrud,Dessert / Main Course / Snack,Dessert 18; Snack 8; Main Dish 34,3,198.3,Dessert 18; Snack 8; Main Dish 34,pune,kothrud,32,9429408,18.4950874,73.7910805
Restaurant 124,Bangalore,Indiranagar,Beverage,Beverage 3,1,267.3,Beverage 3,bangalore,indiranagar,50,9621551,12.9948959,77.6304831
Restaurant 124,Bangalore,Jayanagar,Main Course / Snack,Snack 5; Main Dish 32,2,440.6,Snack 5; Main Dish 32,bangalore,jayanagar,40,9621551,12.919778,77.6051166
Restaurant 124,Bangalore,Koramangala,Main Course,Main Dish 14,1,496.2,Main Dish 14,bangalore,koramangala,26,9621551,12.9271378,77.6001808
Restaurant 124,Bangalore,Mg Road,Dessert,Dessert 15; Dessert 8,2,232.3,Dessert 15; Dessert 8,bangalore,mg road,54,9621551,12.9865653,77.6260511
Restaurant 124,Bangalore,Whitefield,Beverage / Main Course,Main Dish 8; Beverage 7; Beverage 13; Main Dish 49,4,395.0,Main Dish 8; Beverage 7; Beverage 13; Main Dish 49,bangalore,whitefield,19,9621551,12.987144,77.7340487
Restaurant 124,Chennai,Anna Nagar,Appetizer / Main Course,Appetizer 8; Main Dish 42,2,367.5,Appetizer 8; Main Dish 42,chennai,anna nagar,50,4646732,13.0992879,80.2266007
Restaurant 124,Chennai,T. Nagar,Dessert / Main Course,Main Dish 29; Dessert 4,2,242.3,Main Dish 29; Dessert 4,chennai,t. nagar,34,4646732,13.0283338,80.2545297
Restaurant 124,Chennai,Velachery,Main Course / Snack,Snack 8; Main Dish 17; Main Dish 37,3,505.1,Snack 8; Main Dish 17; Main Dish 37,chennai,velachery,22,4646732,12.958253,80.2158619
Restaurant 124,Mumbai,Bandra,Main Course,Main Dish 34,1,744.6,Main Dish 34,mumbai,bandra,35,12442373,19.0596746,72.8193418
Restaurant 124,Mumbai,Goregaon,Beverage,Beverage 11,1,162.1,Beverage 11,mumbai,goregaon,47,12442373,19.1640292,72.8677298
Restaurant 124,Mumbai,Juhu,Dessert,Dessert 3; Dessert 8,2,327.7,Dessert 3; Dessert 8,mumbai,juhu,51,12442373,19.1117169,72.806649
Restaurant 124,Mumbai,Powai,Appetizer / Main Course,Appetizer 7; Main Dish 6,2,430.2,Appetizer 7; Main Dish 6,mumbai,powai,35,12442373,19.1018107,72.9191141
Restaurant 124,New Delhi,Connaught Place,Main Course / Snack,Main Dish 45; Snack 5,2,202.6,Main Dish 45; Snack 5,new delhi,connaught place,14,5000000,28.6222744,77.2420741
Restaurant 124,New Delhi,Karol Bagh,Appetizer / Main Course,Appetizer 10; Main Dish 39,2,241.7,Appetizer 10; Main Dish 39,new delhi,karol bagh,13,5000000,28.6320073,77.1840893
Restaurant 124,New Delhi,Rajouri Garden,Appetizer / Beverage / Main Course,Beverage 4; Appetizer 4; Main Dish 48,3,374.1,Beverage 4; Appetizer 4; Main Dish 48,new delhi,rajouri garden,35,5000000,28.670076,77.1104761
Restaurant 124,New Delhi,Saket,Beverage,Beverage 2,1,165.6,Beverage 2,new delhi,saket,55,5000000,28.5015772,77.2026423
Restaurant 124,Pune,Aundh,Appetizer / Main Course,Appetizer 6; Main Dish 19,2,385.9,Appetizer 6; Main Dish 19,pune,aundh,41,9429408,18.5665788,73.7893172
Restaurant 124,Pune,Baner,Beverage / Main Course,Main Dish 15; Beverage 20,2,394.8,Main Dish 15; Beverage 20,pune,baner,49,9429408,18.5581541,73.8027038
Restaurant 124,Pune,Hinjawadi,Appetizer,Appetizer 1; Appetizer 3,2,91.3,Appetizer 1; Appetizer 3,pune,hinjawadi,13,9429408,18.5761674,73.7389019
Restaurant 124,Pune,Kothrud,Dessert / Main Course,Main Dish 14; Dessert 12,2,385.1,Main Dish 14; Dessert 12,pune,kothrud,32,9429408,18.5268852,73.8083065
Restaurant 125,Bangalore,Indiranagar,Appetizer / Beverage / Dessert,Appetizer 16; Beverage 2; Dessert 20,3,145.7,Appetizer 16; Beverage 2; Dessert 20,bangalore,indiranagar,50,9621551,12.9637962,77.6631609
Restaurant 125,Bangalore,Jayanagar,Dessert / Main Course,Dessert 6; Main Dish 2,2,438.0,Dessert 6; Main Dish 2,bangalore,jayanagar,40,9621551,12.9206743,77.5585227
Restaurant 125,Bangalore,Koramangala,Appetizer / Dessert / Main Course,Main Dish 10; Appetizer 2; Main Dish 41; Appetizer 4; Dessert 20; Main Dish 46,6,348.3,Main Dish 10; Appetizer 2; Main Dish 41; Appetizer 4; Dessert 20; Main Dish 46,bangalore,koramangala,26,9621551,12.9589297,77.6362679
Restaurant 125,Bangalore,Mg Road,Main Course,Main Dish 44,1,403.0,Main Dish 44,bangalore,mg road,54,9621551,12.9536139,77.5998015
Restaurant 125,Bangalore,Whitefield,Appetizer / Beverage,Beverage 6; Appetizer 18,2,138.0,Beverage 6; Appetizer 18,bangalore,whitefield,19,9621551,13.0189359,77.7701358
Restaurant 125,Chennai,Adyar,Beverage / Dessert,Dessert 8; Beverage 3,2,272.9,Dessert 8; Beverage 3,chennai,adyar,32,4646732,13.0280546,80.247795
Restaurant 125,Chennai,Anna Nagar,Beverage / Main Course,Main Dish 47; Beverage 1,2,133.8,Main Dish 47; Beverage 1,chennai,anna nagar,50,4646732,13.0663365,80.2003511
Restaurant 125,Chennai,Nungambakkam,Appetizer / Main Course / Snack,Appetizer 5; Main Dish 33; Snack 8,3,204.3,Appetizer 5; Main Dish 33; Snack 8,chennai,nungambakkam,30,4646732,13.0836672,80.2305029
Restaurant 125,Chennai,T. Nagar,Appetizer / Beverage / Dessert,Appetizer 11; Dessert 4; Beverage 12,3,171.0,Appetizer 11; Dessert 4; Beverage 12,chennai,t. nagar,34,4646732,13.0292301,80.2079358
Restaurant 125,Chennai,Velachery,Beverage,Beverage 13,1,286.2,Beverage 13,chennai,velachery,22,4646732,13.0017701,80.2128665
Restaurant 125,Mumbai,Andheri,Main Course,Main Dish 4; Main Dish 22,2,578.3,Main Dish 4; Main Dish 22,mumbai,andheri,22,12442373,19.124393,72.825542
Restaurant 125,Mumbai,Bandra,Dessert / Main Course,Dessert 1; Main Dish 17,2,313.2,Dessert 1; Main Dish 17,mumbai,bandra,35,12442373,19.0660181,72.8594812
Restaurant 125,Mumbai,Goregaon,Appetizer / Beverage / Main Course,Appetizer 17; Beverage 18; Main Dish 22,3,312.8,Appetizer 17; Beverage 18; Main Dish 22,mumbai,goregaon,47,12442373,19.1526944,72.8349621
Restaurant 125,Mumbai,Juhu,Beverage / Main Course,Beverage 9; Main Dish 14; Main Dish 13; Main Dish 22,4,391.9,Beverage 9; Main Dish 14; Main Dish 13; Main Dish 22,mumbai,juhu,51,12442373,19.1180604,72.8467884
Restaurant 125,New Delhi,Connaught Place,Dessert / Main Course,Main Dish 36; Dessert 18; Main Dish 31; Main Dish 3,4,353.3,Main Dish 36; Dessert 18; Main Dish 31; Main Dish 3,new delhi,connaught place,14,5000000,28.6231707,77.1954802
Restaurant 125,New Delhi,Hauz Khas,Main Course / Snack,Snack 8; Main Dish 42,2,372.6,Snack 8; Main Dish 42,new delhi,hauz khas,33,5000000,28.5522925,77.1804663
Restaurant 125,New Delhi,Rajouri Garden,Appetizer / Beverage / Dessert / Main Course,Beverage 4; Dessert 10; Appetizer 13; Main Dish 48; Appetizer 6,5,240.2,Beverage 4; Dessert 10; Appetizer 13; Main Dish 48; Appetizer 6,new delhi,rajouri garden,35,5000000,28.6389763,77.1431539
Restaurant 125,New Delhi,Saket,Appetizer / Beverage / Dessert,Beverage 17; Beverage 4; Dessert 5; Appetizer 15; Beverage 16,5,241.8,Beverage 17; Beverage 4; Dessert 5; Appetizer 15; Beverage 16,new delhi,saket,55,5000000,28.5450943,77.1996469
Restaurant 125,Pune,Hinjawadi,Main Course,Main Dish 21,1,666.2,Main Dish 21,pune,hinjawadi,13,9429408,18.6050861,73.7259408
Restaurant 125,Pune,Kothrud,Appetizer / Dessert,Appetizer 17; Appetizer 14; Dessert 2,3,173.9,Appetizer 17; Appetizer 14; Dessert 2,pune,kothrud,32,9429408,18.490353,73.8174341
Restaurant 126,Bangalore,Koramangala,Beverage / Main Course,Beverage 13; Main Dish 44,2,355.8,Beverage 13; Main Dish 44,bangalore,koramangala,26,9621551,12.9096291,77.6309656
Restaurant 126,Bangalore,Mg Road,Dessert,Dessert 1,1,164.8,Dessert 1,bangalore,mg road,54,9621551,12.997131,77.5968061
Restaurant 126,Bangalore,Whitefield,Snack,Snack 8,1,58.4,Snack 8,bangalore,whitefield,19,9621551,12.9696353,77.7648335
Restaurant 126,Chennai,Adyar,Beverage / Dessert / Main Course,Main Dish 44; Dessert 13; Main Dish 39; Beverage 16,4,329.4,Main Dish 44; Dessert 13; Main Dish 39; Beverage 16,chennai,adyar,32,4646732,12.9969549,80.2804728
Restaurant 126,Chennai,Anna Nagar,Beverage / Dessert / Main Course,Main Dish 50; Main Dish 30; Main Dish 5; Beverage 3; Main Dish 14; Main Dish 26; Dessert 4,7,359.0,Main Dish 50; Main Dish 30; Main Dish 5; Beverage 3; Main Dish 14; Main Dish 26; Dessert 4,chennai,anna nagar,50,4646732,13.1098536,80.1973557
Restaurant 126,Chennai,Nungambakkam,Appetizer / Main Course / Snack,Snack 11; Main Dish 10; Appetizer 20,3,241.5,Snack 11; Main Dish 10; Appetizer 20,chennai,nungambakkam,30,4646732,13.0525675,80.2631807
Restaurant 126,Chennai,T. Nagar,Beverage / Main Course,Beverage 11; Main Dish 4; Main Dish 5,3,492.9,Beverage 11; Main Dish 4; Main Dish 5,chennai,t. nagar,34,4646732,13.061022,80.2440229
Restaurant 126,Mumbai,Andheri,Main Course,Main Dish 28,1,343.9,Main Dish 28,mumbai,andheri,22,12442373,19.1307365,72.8656814
Restaurant 126,Mumbai,Bandra,Appetizer / Main Course,Appetizer 10; Main Dish 36,2,488.7,Appetizer 10; Main Dish 36,mumbai,bandra,35,12442373,19.0330667,72.8332316
Restaurant 126,Mumbai,Goregaon,Appetizer,Appetizer 19,1,227.4,Appetizer 19,mumbai,goregaon,47,12442373,19.1844922,72.8521881
Restaurant 126,Mumbai,Powai,Main Course,Main Dish 14,1,597.4,Main Dish 14,mumbai,powai,35,12442373,19.1234149,72.8864691
Restaurant 126,New Delhi,Connaught Place,Appetizer / Main Course / Snack,Snack 1; Appetizer 8; Snack 13; Main Dish 45; Main Dish 6,5,222.6,Snack 1; Appetizer 8; Snack 13; Main Dish 45; Main Dish 6,new delhi,connaught place,14,5000000,28.6549626,77.2315673
Restaurant 126,New Delhi,Hauz Khas,Main Course,Main Dish 31,1,224.6,Main Dish 31,new delhi,hauz khas,33,5000000,28.558636,77.2206057
Restaurant 126,New Delhi,Karol Bagh,Dessert,Dessert 19; Dessert 10,2,225.9,Dessert 19; Dessert 10,new delhi,karol bagh,13,5000000,28.6755244,77.1810939
Restaurant 126,New Delhi,Rajouri Garden,Beverage / Main Course,Beverage 2; Main Dish 38,2,304.2,Beverage 2; Main Dish 38,new delhi,rajouri garden,35,5000000,28.6398726,77.09656
Restaurant 126,New Delhi,Saket,Appetizer / Beverage,Appetizer 4; Appetizer 8; Appetizer 17; Beverage 15,4,158.4,Appetizer 4; Appetizer 8; Appetizer 17; Beverage 15,new delhi,saket,55,5000000,28.5139946,77.2323247
Restaurant 126,Pune,Aundh,Appetizer / Main Course,Main Dish 10; Appetizer 4,2,228.0,Main Dish 10; Appetizer 4,pune,aundh,41,9429408,18.5729223,73.8294566
Restaurant 126,Pune,Kothrud,Beverage / Snack,Beverage 5; Snack 3,2,118.9,Beverage 5; Snack 3,pune,kothrud,32,9429408,18.5119572,73.7847891
Restaurant 126,Pune,Viman Nagar,Dessert,Dessert 17,1,173.8,Dessert 17,pune,viman nagar,44,9429408,18.5824697,73.9235152
Restaurant 127,Bangalore,Indiranagar,Main Course,Main Dish 1; Main Dish 39,2,699.8,Main Dish 1; Main Dish 39,bangalore,indiranagar,50,9621551,12.9646925,77.616567
Restaurant 127,Bangalore,Jayanagar,Dessert / Main Course,Dessert 11; Main Dish 14,2,445.5,Dessert 11; Main Dish 14,bangalore,jayanagar,40,9621551,12.9524662,77.5946098
Restaurant 127,Bangalore,Koramangala,Main Course,Main Dish 13,1,710.0,Main Dish 13,bangalore,koramangala,26,9621551,12.9507695,77.6006962
Restaurant 127,Bangalore,Mg Road,Dessert,Dessert 13,1,344.1,Dessert 13,bangalore,mg road,54,9621551,12.9660313,77.6294839
Restaurant 127,Bangalore,Whitefield,Beverage / Dessert,Dessert 5; Beverage 12; Dessert 19,3,215.3,Dessert 5; Beverage 12; Dessert 19,bangalore,whitefield,19,9621551,13.0107757,77.7345641
Restaurant 127,Chennai,Adyar,Appetizer / Main Course,Main Dish 32; Appetizer 11,2,258.1,Main Dish 32; Appetizer 11,chennai,adyar,32,4646732,12.9978512,80.2338789
Restaurant 127,Chennai,Anna Nagar,Dessert / Main Course / Snack,Dessert 17; Snack 11; Main Dish 26; Snack 14,4,266.4,Dessert 17; Snack 11; Main Dish 26; Snack 14,chennai,anna nagar,50,4646732,13.0787539,80.2300335
Restaurant 127,Chennai,Nungambakkam,Appetizer / Beverage / Dessert,Dessert 19; Appetizer 11; Beverage 2,3,132.9,Dessert 19; Appetizer 11; Beverage 2,chennai,nungambakkam,30,4646732,13.0534638,80.2165868
Restaurant 127,Chennai,T. Nagar,Appetizer / Beverage / Dessert / Main Course / Snack,Appetizer 8; Beverage 20; Snack 1; Appetizer 4; Main Dish 12; Dessert 17; Snack 12,7,240.3,Appetizer 8; Beverage 20; Snack 1; Appetizer 4; Main Dish 12; Dessert 17; Snack 12,chennai,t. nagar,34,4646732,13.0117214,80.2387206
Restaurant 127,Chennai,Velachery,Main Course,Main Dish 30,1,538.1,Main Dish 30,chennai,velachery,22,4646732,12.9706704,80.2455443
Restaurant 127,Mumbai,Andheri,Appetizer / Beverage,Beverage 1; Appetizer 7,2,190.0,Beverage 1; Appetizer 7,mumbai,andheri,22,12442373,19.0977851,72.8394318
Restaurant 127,Mumbai,Bandra,Beverage,Beverage 13,1,113.4,Beverage 13,mumbai,bandra,35,12442373,19.0765838,72.8302362
Restaurant 127,Mumbai,Powai,Main Course,Main Dish 40,1,655.7,Main Dish 40,mumbai,powai,35,12442373,19.1297584,72.9266085
Restaurant 127,New Delhi,Connaught Place,Appetizer / Main Course,Main Dish 48; Appetizer 18; Appetizer 20,3,298.8,Main Dish 48; Appetizer 18; Appetizer 20,new delhi,connaught place,14,5000000,28.605662,77.226265
Restaurant 127,New Delhi,Hauz Khas,Dessert,Dessert 13,1,151.9,Dessert 13,new delhi,hauz khas,33,5000000,28.5256846,77.1943561
Restaurant 127,New Delhi,Karol Bagh,Appetizer / Beverage / Main Course,Main Dish 46; Appetizer 17; Beverage 5,3,263.0,Main Dish 46; Appetizer 17; Beverage 5,new delhi,karol bagh,13,5000000,28.6444247,77.2137717
Restaurant 127,New Delhi,Rajouri Garden,Main Course,Main Dish 28,1,510.6,Main Dish 28,new delhi,rajouri garden,35,5000000,28.6716645,77.1326471
Restaurant 127,New Delhi,Saket,Beverage / Dessert / Main Course / Snack,Beverage 7; Main Dish 13; Dessert 1; Snack 9; Main Dish 40,5,394.9,Beverage 7; Main Dish 13; Dessert 1; Snack 9; Main Dish 40,new delhi,saket,55,5000000,28.5148909,77.1857308
Restaurant 127,Pune,Baner,Appetizer / Main Course,Main Dish 32; Appetizer 19,2,360.9,Main Dish 32; Appetizer 19,pune,baner,49,9429408,18.5468193,73.7699361
Restaurant 127,Pune,Hinjawadi,Appetizer / Snack,Appetizer 6; Snack 3,2,147.5,Appetizer 6; Snack 3,pune,hinjawadi,13,9429408,18.5919136,73.7563957
Restaurant 128,Bangalore,Indiranagar,Beverage / Main Course,Main Dish 12; Beverage 3; Beverage 13,3,179.0,Main Dish 12; Beverage 3; Beverage 13,bangalore,indiranagar,50,9621551,12.9964844,77.6526541
Restaurant 128,Bangalore,Jayanagar,Dessert / Snack,Dessert 2; Snack 7,2,137.4,Dessert 2; Snack 7,bangalore,jayanagar,40,9621551,12.9031656,77.5893075
Restaurant 128,Bangalore,Koramangala,Dessert,Dessert 16,1,245.4,Dessert 16,bangalore,koramangala,26,9621551,12.9405837,77.6522673
Restaurant 128,Bangalore,Mg Road,Beverage / Snack,Beverage 6; Snack 15,2,59.2,Beverage 6; Snack 15,bangalore,mg road,54,9621551,12.9669276,77.58289
Restaurant 128,Bangalore,Whitefield,Appetizer / Beverage / Dessert,Appetizer 15; Beverage 11; Dessert 6; Appetizer 12; Appetizer 7; Appetizer 11,6,222.4,Appetizer 15; Beverage 11; Dessert 6; Appetizer 12; Appetizer 7; Appetizer 11,bangalore,whitefield,19,9621551,13.0005899,77.7861352
Restaurant 128,Chennai,Adyar,Beverage / Main Course,Main Dish 23; Beverage 18; Main Dish 13; Main Dish 26,4,459.8,Main Dish 23; Beverage 18; Main Dish 13; Main Dish 26,chennai,adyar,32,4646732,13.0296431,80.269966
Restaurant 128,Chennai,Anna Nagar,Main Course,Main Dish 15,1,690.2,Main Dish 15,chennai,anna nagar,50,4646732,13.0796502,80.1834396
Restaurant 128,Chennai,Nungambakkam,Main Course / Snack,Snack 15; Main Dish 5,2,274.4,Snack 15; Main Dish 5,chennai,nungambakkam,30,4646732,13.0852557,80.2526739
Restaurant 128,Chennai,T. Nagar,Appetizer / Main Course / Snack,Snack 11; Main Dish 46; Main Dish 16; Appetizer 2; Main Dish 38,5,350.3,Snack 11; Main Dish 46; Main Dish 16; Appetizer 2; Main Dish 38,chennai,t. nagar,34,4646732,13.0528618,80.2084512
Restaurant 128,Chennai,Velachery,Main Course,Main Dish 32; Main Dish 10,2,622.1,Main Dish 32; Main Dish 10,chennai,velachery,22,4646732,12.9715667,80.1989504
Restaurant 128,Mumbai,Goregaon,Beverage / Main Course,Main Dish 42; Beverage 17; Beverage 20,3,403.2,Main Dish 42; Beverage 17; Beverage 20,mumbai,goregaon,47,12442373,19.14796,72.8613157
Restaurant 128,Mumbai,Juhu,Appetizer,Appetizer 18,1,158.0,Appetizer 18,mumbai,juhu,51,12442373,19.085109,72.8205388
Restaurant 128,New Delhi,Connaught Place,Main Course,Main Dish 7; Main Dish 32; Main Dish 2; Main Dish 25,4,595.0,Main Dish 7; Main Dish 32; Main Dish 2; Main Dish 25,new delhi,connaught place,14,5000000,28.6468024,77.1959956
Restaurant 128,New Delhi,Hauz Khas,Beverage / Main Course,Main Dish 2; Main Dish 5; Beverage 7,3,398.1,Main Dish 2; Main Dish 5; Beverage 7,new delhi,hauz khas,33,5000000,28.5692017,77.1913607
Restaurant 128,New Delhi,Karol Bagh,Appetizer / Main Course,Appetizer 15; Main Dish 9,2,474.3,Appetizer 15; Main Dish 9,new delhi,karol bagh,13,5000000,28.645321,77.1671778
Restaurant 128,New Delhi,Rajouri Garden,Main Course / Snack,Snack 10; Main Dish 50,2,460.7,Snack 10; Main Dish 50,new delhi,rajouri garden,35,5000000,28.6223639,77.1273448
Restaurant 128,New Delhi,Saket,Dessert / Main Course,Main Dish 1; Dessert 19,2,454.4,Main Dish 1; Dessert 19,new delhi,saket,55,5000000,28.5466828,77.2218179
Restaurant 128,Pune,Baner,Appetizer / Dessert,Dessert 1; Appetizer 5; Dessert 17,3,289.3,Dessert 1; Appetizer 5; Dessert 17,pune,baner,49,9429408,18.5786171,73.7871621
Restaurant 128,Pune,Kothrud,Main Course,Main Dish 27; Main Dish 48,2,662.4,Main Dish 27; Main Dish 48,pune,kothrud,32,9429408,18.5183007,73.8249285
Restaurant 128,Pune,Viman Nagar,Beverage / Main Course / Snack,Beverage 19; Main Dish 35; Snack 15,3,190.8,Beverage 19; Main Dish 35; Snack 15,pune,viman nagar,44,9429408,18.5538019,73.9140204
Restaurant 129,Bangalore,Indiranagar,Dessert / Main Course,Main Dish 38; Dessert 20,2,484.4,Main Dish 38; Dessert 20,bangalore,indiranagar,50,9621551,12.9471838,77.6473518
Restaurant 129,Bangalore,Jayanagar,Beverage / Dessert / Main Course,Main Dish 43; Beverage 9; Main Dish 29; Dessert 19,4,416.9,Main Dish 43; Beverage 9; Main Dish 29; Dessert 19,bangalore,jayanagar,40,9621551,12.944306,77.5590381
Restaurant 129,Bangalore,Koramangala,Appetizer / Beverage / Dessert / Main Course,Dessert 12; Beverage 9; Main Dish 30; Appetizer 12,4,314.0,Dessert 12; Beverage 9; Main Dish 30; Appetizer 12,bangalore,koramangala,26,9621551,12.9124904,77.6060818
Restaurant 129,Bangalore,Mg Road,Appetizer / Dessert,Appetizer 18; Dessert 16,2,185.0,Appetizer 18; Dessert 16,bangalore,mg road,54,9621551,12.9987195,77.6189771
Restaurant 129,Bangalore,Whitefield,Main Course,Main Dish 40,1,654.2,Main Dish 40,bangalore,whitefield,19,9621551,12.9724966,77.7399497
Restaurant 129,Chennai,Adyar,Dessert / Main Course,Dessert 6; Main Dish 18; Main Dish 33,3,393.2,Dessert 6; Main Dish 18; Main Dish 33,chennai,adyar,32,4646732,12.9803425,80.2646637
Restaurant 129,Chennai,Anna Nagar,Dessert,Dessert 18,1,332.2,Dessert 18,chennai,anna nagar,50,4646732,13.1114421,80.2195267
Restaurant 129,Chennai,Nungambakkam,Dessert / Main Course,Dessert 11; Main Dish 34; Main Dish 27,3,300.0,Dessert 11; Main Dish 34; Main Dish 27,chennai,nungambakkam,30,4646732,13.0359551,80.2473716
Restaurant 129,Chennai,T. Nagar,Beverage,Beverage 2,1,221.5,Beverage 2,chennai,t. nagar,34,4646732,13.042676,80.2600223
Restaurant 129,Chennai,Velachery,Appetizer,Appetizer 9; Appetizer 8,2,106.9,Appetizer 9; Appetizer 8,chennai,velachery,22,4646732,13.0033586,80.2350375
Restaurant 129,Mumbai,Andheri,Main Course / Snack,Snack 12; Main Dish 23,2,209.8,Snack 12; Main Dish 23,mumbai,andheri,22,12442373,19.1413022,72.8364364
Restaurant 129,Mumbai,Bandra,Main Course,Main Dish 45,1,603.2,Main Dish 45,mumbai,bandra,35,12442373,19.0454841,72.862914
Restaurant 129,Mumbai,Powai,Beverage / Dessert,Beverage 20; Dessert 2,2,140.5,Beverage 20; Dessert 2,mumbai,powai,35,12442373,19.096807,72.9003589
Restaurant 129,New Delhi,Connaught Place,Snack,Snack 13; Snack 6,2,60.8,Snack 13; Snack 6,new delhi,connaught place,14,5000000,28.6366166,77.2475667
Restaurant 129,New Delhi,Hauz Khas,Dessert / Main Course,Main Dish 7; Dessert 10; Main Dish 10; Dessert 13,4,366.7,Main Dish 7; Dessert 10; Main Dish 10; Dessert 13,new delhi,hauz khas,33,5000000,28.538102,77.2240385
Restaurant 129,New Delhi,Karol Bagh,Beverage,Beverage 7,1,288.1,Beverage 7,new delhi,karol bagh,13,5000000,28.6771129,77.2032649
Restaurant 129,New Delhi,Rajouri Garden,Dessert / Main Course / Snack,Dessert 1; Snack 6; Dessert 7; Main Dish 34,4,265.2,Dessert 1; Snack 6; Dessert 7; Main Dish 34,new delhi,rajouri garden,35,5000000,28.6635043,77.0970754
Restaurant 129,New Delhi,Saket,Appetizer,Appetizer 4,1,55.7,Appetizer 4,new delhi,saket,55,5000000,28.4973822,77.2165156
Restaurant 129,Pune,Viman Nagar,Beverage,Beverage 20,1,49.2,Beverage 20,pune,viman nagar,44,9429408,18.5827206,73.9010593
Restaurant 13,Bangalore,Indiranagar,Appetizer / Main Course / Snack,Appetizer 15; Appetizer 4; Main Dish 5; Snack 3; Main Dish 42; Main Dish 34; Snack 12,7,247.2,Appetizer 15; Appetizer 4; Main Dish 5; Snack 3; Main Dish 42; Main Dish 34; Snack 12,bangalore,indiranagar,50,9621551,12.9883242,77.6170824
Restaurant 13,Bangalore,Jayanagar,Appetizer / Main Course,Main Dish 2; Main Dish 4; Appetizer 4,3,522.3,Main Dish 2; Main Dish 4; Appetizer 4,bangalore,jayanagar,40,9621551,12.9341202,77.6106092
Restaurant 13,Bangalore,Koramangala,Main Course,Main Dish 38,1,629.7,Main Dish 38,bangalore,koramangala,26,9621551,12.9658332,77.6215842
Restaurant 13,Bangalore,Mg Road,Main Course / Snack,Main Dish 6; Snack 11,2,387.9,Main Dish 6; Snack 11,bangalore,mg road,54,9621551,12.9494189,77.6136748
Restaurant 13,Bangalore,Whitefield,Appetizer,Appetizer 17,1,91.6,Appetizer 17,bangalore,whitefield,19,9621551,13.0258394,77.7554521
Restaurant 13,Chennai,Adyar,Beverage / Main Course / Snack,Snack 6; Beverage 7; Main Dish 6; Main Dish 29; Main Dish 36; Snack 5,6,328.8,Snack 6; Beverage 7; Main Dish 6; Main Dish 29; Main Dish 36; Snack 5,chennai,adyar,32,4646732,13.0214829,80.2343943
Restaurant 13,Chennai,Anna Nagar,Main Course,Main Dish 6,1,347.0,Main Dish 6,chennai,anna nagar,50,4646732,13.0621415,80.2142244
Restaurant 13,Chennai,Nungambakkam,Appetizer,Appetizer 5,1,208.9,Appetizer 5,chennai,nungambakkam,30,4646732,13.0770955,80.2171022
Restaurant 13,Chennai,T. Nagar,Snack,Snack 12,1,119.2,Snack 12,chennai,t. nagar,34,4646732,13.0145827,80.2138368
Restaurant 13,Chennai,Velachery,Snack,Snack 2,1,100.5,Snack 2,chennai,velachery,22,4646732,12.954058,80.2297352
Restaurant 13,Mumbai,Andheri,Snack,Snack 3,1,89.0,Snack 3,mumbai,andheri,22,12442373,19.1102025,72.8691142
Restaurant 13,Mumbai,Bandra,Dessert,Dessert 2,1,379.4,Dessert 2,mumbai,bandra,35,12442373,19.0463804,72.8163201
Restaurant 13,Mumbai,Juhu,Beverage / Dessert / Snack,Snack 2; Dessert 7; Beverage 1; Dessert 17,4,169.5,Snack 2; Dessert 7; Beverage 1; Dessert 17,mumbai,juhu,51,12442373,19.1286261,72.8175434
Restaurant 13,Mumbai,Powai,Snack,Snack 11; Snack 6,2,140.1,Snack 11; Snack 6,mumbai,powai,35,12442373,19.1403241,72.8973635
Restaurant 13,New Delhi,Connaught Place,Appetizer / Main Course,Main Dish 32; Appetizer 14; Main Dish 29,3,362.4,Main Dish 32; Appetizer 14; Main Dish 29,new delhi,connaught place,14,5000000,28.6085233,77.2013812
Restaurant 13,New Delhi,Hauz Khas,Main Course,Main Dish 39; Main Dish 2,2,567.8,Main Dish 39; Main Dish 2,new delhi,hauz khas,33,5000000,28.5389983,77.1774446
Restaurant 13,New Delhi,Karol Bagh,Beverage / Main Course,Main Dish 10; Main Dish 5; Main Dish 26; Beverage 3; Main Dish 37; Main Dish 1,6,560.7,Main Dish 10; Main Dish 5; Main Dish 26; Beverage 3; Main Dish 37; Main Dish 1,new delhi,karol bagh,13,5000000,28.6278123,77.1979626
Restaurant 13,New Delhi,Rajouri Garden,Appetizer / Main Course,Appetizer 18; Main Dish 37,2,403.1,Appetizer 18; Main Dish 37,new delhi,rajouri garden,35,5000000,28.6533185,77.1486465
Restaurant 13,New Delhi,Saket,Appetizer / Dessert / Main Course,Appetizer 1; Main Dish 30; Main Dish 36; Dessert 14; Main Dish 15; Dessert 17,6,350.4,Appetizer 1; Main Dish 30; Main Dish 36; Dessert 14; Main Dish 15; Dessert 17,new delhi,saket,55,5000000,28.5385226,77.1862462
Restaurant 13,Pune,Aundh,Main Course / Snack,Main Dish 50; Snack 1,2,409.4,Main Dish 50; Snack 1,pune,aundh,41,9429408,18.5399709,73.803207
Restaurant 13,Pune,Hinjawadi,Beverage / Dessert / Main Course,Beverage 19; Dessert 9; Main Dish 28,3,385.3,Beverage 19; Dessert 9; Main Dish 28,pune,hinjawadi,13,9429408,18.5805788,73.723628
Restaurant 13,Pune,Kothrud,Appetizer,Appetizer 7,1,235.0,Appetizer 7,pune,kothrud,32,9429408,18.4853493,73.7986789
Restaurant 13,Pune,Viman Nagar,Main Course,Main Dish 40,1,651.6,Main Dish 40,pune,viman nagar,44,9429408,18.5695481,73.9315142
Restaurant 130,Bangalore,Indiranagar,Beverage / Dessert,Beverage 11; Dessert 5,2,253.2,Beverage 11; Dessert 5,bangalore,indiranagar,50,9621551,12.9781384,77.6686535
Restaurant 130,Bangalore,Jayanagar,Dessert,Dessert 6,1,173.2,Dessert 6,bangalore,jayanagar,40,9621551,12.9060269,77.5644237
Restaurant 130,Bangalore,Koramangala,Appetizer / Main Course,Main Dish 2; Main Dish 35; Appetizer 17,3,449.2,Main Dish 2; Main Dish 35; Appetizer 17,bangalore,koramangala,26,9621551,12.9146877,77.6468394
Restaurant 130,Bangalore,Mg Road,Appetizer,Appetizer 12; Appetizer 20,2,170.1,Appetizer 12; Appetizer 20,bangalore,mg road,54,9621551,12.9905593,77.5834054
Restaurant 130,Bangalore,Whitefield,Main Course,Main Dish 44,1,204.0,Main Dish 44,bangalore,whitefield,19,9621551,12.9746939,77.7807073
Restaurant 130,Chennai,Adyar,Appetizer / Beverage / Main Course / Snack,Beverage 10; Beverage 9; Main Dish 1; Main Dish 11; Main Dish 39; Snack 10; Appetizer 5,7,197.5,Beverage 10; Beverage 9; Main Dish 1; Main Dish 11; Main Dish 39; Snack 10; Appetizer 5,chennai,adyar,32,4646732,13.0112971,80.2859654
Restaurant 130,Chennai,Anna Nagar,Dessert / Main Course,Main Dish 25; Dessert 9,2,385.0,Main Dish 25; Dessert 9,chennai,anna nagar,50,4646732,13.1032819,80.183955
Restaurant 130,Chennai,Nungambakkam,Main Course,Main Dish 2; Main Dish 32,2,467.7,Main Dish 2; Main Dish 32,chennai,nungambakkam,30,4646732,13.0669097,80.2686733
Restaurant 130,Chennai,T. Nagar,Appetizer / Beverage / Main Course,Main Dish 15; Appetizer 20; Beverage 19,3,347.9,Main Dish 15; Appetizer 20; Beverage 19,chennai,t. nagar,34,4646732,13.0679255,80.2293392
Restaurant 130,Mumbai,Juhu,Dessert / Snack,Snack 1; Dessert 14,2,206.3,Snack 1; Dessert 14,mumbai,juhu,51,12442373,19.0975264,72.8502212
Restaurant 130,New Delhi,Hauz Khas,Beverage / Main Course / Snack,Snack 7; Snack 2; Beverage 3; Main Dish 24; Main Dish 23,5,343.2,Snack 7; Snack 2; Beverage 3; Main Dish 24; Main Dish 23,new delhi,hauz khas,33,5000000,28.5707902,77.2135317
Restaurant 130,New Delhi,Karol Bagh,Appetizer / Dessert / Main Course,Dessert 10; Main Dish 24; Dessert 16; Appetizer 4,4,226.6,Dessert 10; Main Dish 24; Dessert 16; Appetizer 4,new delhi,karol bagh,13,5000000,28.6689527,77.1676932
Restaurant 130,New Delhi,Rajouri Garden,Main Course,Main Dish 24,1,575.8,Main Dish 24,new delhi,rajouri garden,35,5000000,28.6252252,77.102461
Restaurant 130,New Delhi,Saket,Beverage / Dessert / Snack,Snack 3; Dessert 19; Beverage 6,3,254.5,Snack 3; Dessert 19; Beverage 6,new delhi,saket,55,5000000,28.5283368,77.2378173
Restaurant 130,Pune,Aundh,Main Course,Main Dish 6,1,678.1,Main Dish 6,pune,aundh,41,9429408,18.583488,73.8002116
Restaurant 130,Pune,Baner,Beverage / Snack,Beverage 14; Snack 3,2,172.6,Beverage 14; Snack 3,pune,baner,49,9429408,18.5420849,73.7962897
Restaurant 130,Pune,Hinjawadi,Main Course / Snack,Snack 6; Main Dish 10,2,268.9,Snack 6; Main Dish 10,pune,hinjawadi,13,9429408,18.6123766,73.740854
Restaurant 130,Pune,Kothrud,Appetizer,Appetizer 14,1,167.5,Appetizer 14,pune,kothrud,32,9429408,18.5288664,73.7956835
Restaurant 131,Bangalore,Indiranagar,Beverage / Main Course,Beverage 10; Main Dish 8,2,299.7,Beverage 10; Main Dish 8,bangalore,indiranagar,50,9621551,12.9500451,77.622468
Restaurant 131,Bangalore,Jayanagar,Beverage / Dessert / Main Course,Dessert 12; Beverage 16; Main Dish 41; Main Dish 30,4,355.3,Dessert 12; Beverage 16; Main Dish 41; Main Dish 30,bangalore,jayanagar,40,9621551,12.9593697,77.5799261
Restaurant 131,Bangalore,Mg Road,Appetizer / Beverage,Beverage 9; Appetizer 13,2,89.7,Beverage 9; Appetizer 13,bangalore,mg road,54,9621551,12.9803735,77.6349765
Restaurant 131,Bangalore,Whitefield,Beverage / Main Course,Main Dish 21; Main Dish 25; Beverage 15,3,413.4,Main Dish 21; Main Dish 25; Beverage 15,bangalore,whitefield,19,9621551,12.9958942,77.7261493
Restaurant 131,Chennai,Adyar,Appetizer / Main Course,Appetizer 5; Main Dish 31; Main Dish 47,3,421.6,Appetizer 5; Main Dish 31; Main Dish 47,chennai,adyar,32,4646732,12.9832038,80.2397799
Restaurant 131,Chennai,Anna Nagar,Dessert / Main Course / Snack,Main Dish 35; Main Dish 19; Dessert 1; Snack 2,4,213.5,Main Dish 35; Main Dish 19; Dessert 1; Snack 2,chennai,anna nagar,50,4646732,13.0930961,80.2355261
Restaurant 131,Chennai,Nungambakkam,Appetizer / Main Course,Appetizer 17; Main Dish 11; Main Dish 7,3,324.0,Appetizer 17; Main Dish 11; Main Dish 7,chennai,nungambakkam,30,4646732,13.0388164,80.2224878
Restaurant 131,Chennai,T. Nagar,Dessert / Main Course,Dessert 16; Main Dish 45,2,348.8,Dessert 16; Main Dish 45,chennai,t. nagar,34,4646732,13.01678,80.2545944
Restaurant 131,Chennai,Velachery,Appetizer,Appetizer 2; Appetizer 14; Appetizer 4,3,187.9,Appetizer 2; Appetizer 14; Appetizer 4,chennai,velachery,22,4646732,12.9951984,80.1994658
Restaurant 131,Mumbai,Andheri,Appetizer,Appetizer 18,1,95.3,Appetizer 18,mumbai,andheri,22,12442373,19.1110988,72.8225203
Restaurant 131,Mumbai,Bandra,Appetizer / Beverage / Snack,Beverage 12; Snack 14; Appetizer 9,3,197.0,Beverage 12; Snack 14; Appetizer 9,mumbai,bandra,35,12442373,19.0781723,72.8524072
Restaurant 131,Mumbai,Goregaon,Snack,Snack 14,1,70.8,Snack 14,mumbai,goregaon,47,12442373,19.1695642,72.8286707
Restaurant 131,Mumbai,Juhu,Appetizer / Dessert / Main Course / Snack,Snack 12; Appetizer 5; Main Dish 50; Dessert 6,4,267.1,Snack 12; Appetizer 5; Main Dish 50; Dessert 6,mumbai,juhu,51,12442373,19.0984227,72.8036273
Restaurant 131,Mumbai,Powai,Appetizer / Beverage / Main Course,Beverage 10; Appetizer 17; Main Dish 36,3,201.7,Beverage 10; Appetizer 17; Main Dish 36,mumbai,powai,35,12442373,19.1092244,72.9300413
Restaurant 131,New Delhi,Connaught Place,Main Course,Main Dish 12; Main Dish 18; Main Dish 43,3,435.8,Main Dish 12; Main Dish 18; Main Dish 43,new delhi,connaught place,14,5000000,28.6618661,77.2168836
Restaurant 131,New Delhi,Hauz Khas,Appetizer / Main Course,Main Dish 17; Main Dish 32; Appetizer 12; Main Dish 1,4,523.9,Main Dish 17; Main Dish 32; Appetizer 12; Main Dish 1,new delhi,hauz khas,33,5000000,28.5214896,77.2082294
Restaurant 131,New Delhi,Karol Bagh,Beverage,Beverage 20,1,99.3,Beverage 20,new delhi,karol bagh,13,5000000,28.6587669,77.2192643
Restaurant 131,New Delhi,Rajouri Garden,Dessert / Main Course / Snack,Dessert 17; Main Dish 27; Main Dish 11; Snack 12,4,345.9,Dessert 17; Main Dish 27; Main Dish 11; Snack 12,new delhi,rajouri garden,35,5000000,28.678568,77.1179634
Restaurant 131,New Delhi,Saket,Dessert / Main Course / Snack,Snack 2; Dessert 7; Main Dish 17,3,354.7,Snack 2; Dessert 7; Main Dish 17,new delhi,saket,55,5000000,28.5002435,77.1916318
Restaurant 131,Pune,Hinjawadi,Main Course,Main Dish 48; Main Dish 13; Main Dish 17,3,497.8,Main Dish 48; Main Dish 13; Main Dish 17,pune,hinjawadi,13,9429408,18.5758444,73.7499816
Restaurant 131,Pune,Kothrud,Beverage / Snack,Snack 12; Beverage 2; Snack 3,3,96.9,Snack 12; Beverage 2; Snack 3,pune,kothrud,32,9429408,18.4977667,73.8283613
Restaurant 131,Pune,Viman Nagar,Appetizer / Main Course,Main Dish 45; Appetizer 4,2,164.5,Main Dish 45; Appetizer 4,pune,viman nagar,44,9429408,18.5582133,73.8987465
Restaurant 132,Bangalore,Indiranagar,Main Course,Main Dish 38; Main Dish 43; Main Dish 50,3,435.6,Main Dish 38; Main Dish 43; Main Dish 50,bangalore,indiranagar,50,9621551,13.0033879,77.6379704
Restaurant 132,Bangalore,Jayanagar,Main Course,Main Dish 23; Main Dish 44,2,254.4,Main Dish 23; Main Dish 44,bangalore,jayanagar,40,9621551,12.9082242,77.6051813
Restaurant 132,Bangalore,Koramangala,Main Course / Snack,Main Dish 11; Main Dish 17; Snack 13,3,308.8,Main Dish 11; Main Dish 17; Snack 13,bangalore,koramangala,26,9621551,12.935888,77.5922814
Restaurant 132,Bangalore,Mg Road,Beverage / Dessert / Main Course,Dessert 4; Main Dish 5; Beverage 17; Beverage 12,4,373.0,Dessert 4; Main Dish 5; Beverage 17; Beverage 12,bangalore,mg road,54,9621551,12.9522802,77.588791
Restaurant 132,Bangalore,Whitefield,Appetizer,Appetizer 8,1,112.3,Appetizer 8,bangalore,whitefield,19,9621551,13.0176491,77.7820916
Restaurant 132,Chennai,Adyar,Appetizer / Main Course,Main Dish 38; Appetizer 6; Main Dish 31; Main Dish 20; Main Dish 45,5,375.7,Main Dish 38; Appetizer 6; Main Dish 31; Main Dish 20; Main Dish 45,chennai,adyar,32,4646732,13.0365466,80.2552823
Restaurant 132,Chennai,Anna Nagar,Beverage / Main Course / Snack,Beverage 15; Main Dish 44; Snack 8,3,333.8,Beverage 15; Main Dish 44; Snack 8,chennai,anna nagar,50,4646732,13.0650028,80.1893406
Restaurant 132,Chennai,Nungambakkam,Dessert / Snack,Snack 8; Dessert 20; Dessert 12,3,293.7,Snack 8; Dessert 20; Dessert 12,chennai,nungambakkam,30,4646732,13.0921592,80.2379902
Restaurant 132,Chennai,T. Nagar,Appetizer / Beverage / Main Course,Appetizer 16; Beverage 2; Main Dish 45,3,387.1,Appetizer 16; Beverage 2; Main Dish 45,chennai,t. nagar,34,4646732,13.0379803,80.2000364
Restaurant 132,Chennai,Velachery,Beverage,Beverage 3,1,257.1,Beverage 3,chennai,velachery,22,4646732,12.9850126,80.2510369
Restaurant 132,Mumbai,Andheri,Main Course,Main Dish 41,1,629.3,Main Dish 41,mumbai,andheri,22,12442373,19.1428907,72.8586074
Restaurant 132,New Delhi,Connaught Place,Snack,Snack 11,1,85.4,Snack 11,new delhi,connaught place,14,5000000,28.6107206,77.2421388
Restaurant 132,New Delhi,Hauz Khas,Beverage / Main Course,Main Dish 12; Main Dish 20; Beverage 1,3,328.5,Main Dish 12; Main Dish 20; Beverage 1,new delhi,hauz khas,33,5000000,28.56263,77.17796
Restaurant 132,New Delhi,Karol Bagh,Snack,Snack 12,1,50.0,Snack 12,new delhi,karol bagh,13,5000000,28.6306736,77.1730788
Restaurant 132,New Delhi,Rajouri Garden,Main Course,Main Dish 29,1,712.2,Main Dish 29,new delhi,rajouri garden,35,5000000,28.6274225,77.1432186
Restaurant 132,New Delhi,Saket,Appetizer / Beverage / Main Course / Snack,Snack 1; Beverage 7; Main Dish 23; Beverage 12; Appetizer 14,5,285.9,Snack 1; Beverage 7; Main Dish 23; Beverage 12; Appetizer 14,new delhi,saket,55,5000000,28.5535863,77.2071342
Restaurant 132,Pune,Hinjawadi,Dessert / Main Course / Snack,Dessert 10; Main Dish 25; Snack 1,3,403.7,Dessert 10; Main Dish 25; Snack 1,pune,hinjawadi,13,9429408,18.5974486,73.7173366
Restaurant 132,Pune,Kothrud,Dessert,Dessert 16,1,388.2,Dessert 16,pune,kothrud,32,9429408,18.498663,73.7817674
Restaurant 132,Pune,Viman Nagar,Main Course,Main Dish 18,1,763.0,Main Dish 18,pune,viman nagar,44,9429408,18.5900111,73.9159725
Restaurant 133,Bangalore,Indiranagar,Appetizer / Main Course,Appetizer 2; Main Dish 20; Main Dish 22,3,352.7,Appetizer 2; Main Dish 20; Main Dish 22,bangalore,indiranagar,50,9621551,12.9522424,77.6632256
Restaurant 133,Bangalore,Jayanagar,Beverage / Dessert / Main Course,Beverage 8; Dessert 8; Beverage 1; Main Dish 24,4,372.3,Beverage 8; Dessert 8; Beverage 1; Main Dish 24,bangalore,jayanagar,40,9621551,12.9294245,77.5506233
Restaurant 133,Bangalore,Mg Road,Appetizer / Snack,Appetizer 2; Snack 13,2,150.9,Appetizer 2; Snack 13,bangalore,mg road,54,9621551,13.005623,77.6042934
Restaurant 133,Bangalore,Whitefield,Snack,Snack 4,1,130.7,Snack 4,bangalore,whitefield,19,9621551,12.9624849,77.7548707
Restaurant 133,Chennai,Adyar,Appetizer / Beverage / Main Course,Appetizer 20; Main Dish 28; Beverage 6,3,179.8,Appetizer 20; Main Dish 28; Beverage 6,chennai,adyar,32,4646732,12.9854011,80.2805375
Restaurant 133,Chennai,Anna Nagar,Appetizer / Beverage / Snack,Beverage 12; Appetizer 8; Snack 2; Snack 12,4,98.5,Beverage 12; Appetizer 8; Snack 2; Snack 12,chennai,anna nagar,50,4646732,13.1183456,80.204843
Restaurant 133,Chennai,Nungambakkam,Main Course,Main Dish 38; Main Dish 22; Main Dish 6,3,264.8,Main Dish 38; Main Dish 22; Main Dish 6,chennai,nungambakkam,30,4646732,13.0410137,80.2632454
Restaurant 133,Chennai,T. Nagar,Beverage / Main Course / Snack,Main Dish 50; Snack 13; Beverage 14; Snack 11; Snack 3; Main Dish 14; Main Dish 38,7,263.0,Main Dish 50; Snack 13; Beverage 14; Snack 11; Snack 3; Main Dish 14; Main Dish 38,chennai,t. nagar,34,4646732,13.0597352,80.2559787
Restaurant 133,Chennai,Velachery,Appetizer / Snack,Appetizer 4; Snack 9,2,159.1,Appetizer 4; Snack 9,chennai,velachery,22,4646732,12.9569193,80.2048514
Restaurant 133,Mumbai,Andheri,Beverage / Main Course,Beverage 9; Main Dish 45,2,285.4,Beverage 9; Main Dish 45,mumbai,andheri,22,12442373,19.0935901,72.8533051
Restaurant 133,Mumbai,Bandra,Dessert,Dessert 7,1,145.3,Dessert 7,mumbai,bandra,35,12442373,19.0288717,72.8471049
Restaurant 133,Mumbai,Juhu,Snack,Snack 12,1,121.8,Snack 12,mumbai,juhu,51,12442373,19.1302146,72.8397144
Restaurant 133,Mumbai,Powai,Dessert,Dessert 1,1,185.5,Dessert 1,mumbai,powai,35,12442373,19.1101207,72.8834474
Restaurant 133,New Delhi,Hauz Khas,Beverage,Beverage 3; Beverage 18,2,200.0,Beverage 3; Beverage 18,new delhi,hauz khas,33,5000000,28.5524442,77.2295311
Restaurant 133,New Delhi,Karol Bagh,Appetizer / Beverage / Dessert,Beverage 1; Dessert 4; Appetizer 18,3,257.4,Beverage 1; Dessert 4; Appetizer 18,new delhi,karol bagh,13,5000000,28.6840164,77.1885812
Restaurant 133,New Delhi,Rajouri Garden,Beverage / Main Course / Snack,Main Dish 2; Beverage 6; Main Dish 12; Snack 4,4,390.0,Main Dish 2; Beverage 6; Main Dish 12; Snack 4,new delhi,rajouri garden,35,5000000,28.6486228,77.0886606
Restaurant 133,New Delhi,Saket,Dessert,Dessert 12,1,291.9,Dessert 12,new delhi,saket,55,5000000,28.5024408,77.2323894
Restaurant 133,Pune,Baner,Appetizer / Main Course / Snack,Appetizer 19; Snack 9; Main Dish 18,3,360.0,Appetizer 19; Snack 9; Main Dish 18,pune,baner,49,9429408,18.5636891,73.7636447
Restaurant 133,Pune,Hinjawadi,Main Course,Main Dish 36,1,755.4,Main Dish 36,pune,hinjawadi,13,9429408,18.6037921,73.757476
Restaurant 133,Pune,Kothrud,Main Course,Main Dish 11,1,601.7,Main Dish 11,pune,kothrud,32,9429408,18.5304549,73.8178545
Restaurant 133,Pune,Viman Nagar,Main Course,Main Dish 28,1,300.9,Main Dish 28,pune,viman nagar,44,9429408,18.5534789,73.9251001
Restaurant 134,Bangalore,Indiranagar,Snack,Snack 2,1,180.3,Snack 2,bangalore,indiranagar,50,9621551,12.9734427,77.6086676
Restaurant 134,Bangalore,Jayanagar,Beverage / Main Course / Snack,Beverage 20; Snack 14; Main Dish 17,3,281.8,Beverage 20; Snack 14; Main Dish 17,bangalore,jayanagar,40,9621551,12.9511794,77.6065656
Restaurant 134,Bangalore,Mg Road,Dessert / Main Course,Dessert 2; Main Dish 5,2,275.8,Dessert 2; Main Dish 5,bangalore,mg road,54,9621551,12.9544775,77.6295486
Restaurant 134,Bangalore,Whitefield,Main Course,Main Dish 26,1,283.3,Main Dish 26,bangalore,whitefield,19,9621551,13.0229825,77.7372695
Restaurant 134,Chennai,Adyar,Dessert / Main Course,Dessert 2; Main Dish 31; Dessert 1,3,188.1,Dessert 2; Main Dish 31; Dessert 1,chennai,adyar,32,4646732,13.0066014,80.2259795
Restaurant 134,Chennai,Anna Nagar,Appetizer / Main Course,Appetizer 11; Main Dish 6; Appetizer 2,3,226.5,Appetizer 11; Main Dish 6; Appetizer 2,chennai,anna nagar,50,4646732,13.0672001,80.2300982
Restaurant 134,Chennai,Nungambakkam,Dessert / Main Course,Main Dish 4; Dessert 15; Dessert 12; Dessert 16,4,298.6,Main Dish 4; Dessert 15; Dessert 12; Dessert 16,chennai,nungambakkam,30,4646732,13.062214,80.2086874
Restaurant 134,Chennai,T. Nagar,Dessert / Main Course,Main Dish 29; Dessert 3,2,346.9,Main Dish 29; Dessert 3,chennai,t. nagar,34,4646732,13.004571,80.2287578
Restaurant 134,Chennai,Velachery,Beverage / Main Course,Main Dish 2; Beverage 16; Main Dish 25; Main Dish 24,4,390.4,Main Dish 2; Beverage 16; Main Dish 25; Main Dish 24,chennai,velachery,22,4646732,13.0102621,80.2203538
Restaurant 134,Mumbai,Andheri,Appetizer / Dessert,Dessert 15; Appetizer 20,2,253.0,Dessert 15; Appetizer 20,mumbai,andheri,22,12442373,19.1347305,72.8230357
Restaurant 134,Mumbai,Bandra,Main Course,Main Dish 37,1,676.6,Main Dish 37,mumbai,bandra,35,12442373,19.0700121,72.8168355
Restaurant 134,Mumbai,Juhu,Main Course,Main Dish 26,1,797.2,Main Dish 26,mumbai,juhu,51,12442373,19.080914,72.8344121
Restaurant 134,Mumbai,Powai,Appetizer / Main Course,Main Dish 17; Main Dish 21; Appetizer 6; Appetizer 4,4,177.1,Main Dish 17; Main Dish 21; Appetizer 6; Appetizer 4,mumbai,powai,35,12442373,19.1419126,72.9195345
Restaurant 134,New Delhi,Connaught Place,Appetizer / Beverage / Dessert / Main Course,Main Dish 18; Appetizer 12; Dessert 18; Beverage 20,4,313.4,Main Dish 18; Appetizer 12; Dessert 18; Beverage 20,new delhi,connaught place,14,5000000,28.6319209,77.1875808
Restaurant 134,New Delhi,Hauz Khas,Main Course,Main Dish 37,1,704.8,Main Dish 37,new delhi,hauz khas,33,5000000,28.5243509,77.1833456
Restaurant 134,New Delhi,Karol Bagh,Appetizer / Main Course,Main Dish 18; Appetizer 16; Main Dish 49,3,384.0,Main Dish 18; Appetizer 16; Main Dish 49,new delhi,karol bagh,13,5000000,28.6328709,77.2138364
Restaurant 134,New Delhi,Rajouri Garden,Appetizer / Snack,Appetizer 16; Snack 3; Snack 7,3,122.2,Appetizer 16; Snack 3; Snack 7,new delhi,rajouri garden,35,5000000,28.6703777,77.1446029
Restaurant 134,New Delhi,Saket,Appetizer / Beverage / Main Course,Beverage 5; Appetizer 14; Main Dish 30,3,222.5,Beverage 5; Appetizer 14; Main Dish 30,new delhi,saket,55,5000000,28.5236411,77.1778314
Restaurant 134,Pune,Aundh,Appetizer / Dessert / Main Course,Appetizer 6; Main Dish 31; Dessert 4,3,262.2,Appetizer 6; Main Dish 31; Dessert 4,pune,aundh,41,9429408,18.5523883,73.8328894
Restaurant 134,Pune,Baner,Beverage,Beverage 14,1,79.2,Beverage 14,pune,baner,49,9429408,18.5700326,73.8037841
Restaurant 134,Pune,Hinjawadi,Main Course,Main Dish 1,1,569.2,Main Dish 1,pune,hinjawadi,13,9429408,18.5708407,73.7312264
Restaurant 134,Pune,Kothrud,Beverage / Main Course,Main Dish 5; Main Dish 50; Beverage 17; Main Dish 1,4,598.8,Main Dish 5; Main Dish 50; Beverage 17; Main Dish 1,pune,kothrud,32,9429408,18.4811543,73.8125522
Restaurant 135,Bangalore,Indiranagar,Appetizer / Main Course,Main Dish 6; Appetizer 7,2,362.8,Main Dish 6; Appetizer 7,bangalore,indiranagar,50,9621551,12.9951976,77.6646099
Restaurant 135,Bangalore,Jayanagar,Appetizer / Beverage / Main Course,Beverage 20; Appetizer 11; Beverage 9; Main Dish 19,4,172.9,Beverage 20; Appetizer 11; Beverage 9; Main Dish 19,bangalore,jayanagar,40,9621551,12.8960152,77.5793447
Restaurant 135,Bangalore,Koramangala,Beverage / Main Course,Main Dish 3; Main Dish 10; Beverage 17,3,331.4,Main Dish 3; Main Dish 10; Beverage 17,bangalore,koramangala,26,9621551,12.9576429,77.6482237
Restaurant 135,Bangalore,Mg Road,Main Course,Main Dish 5,1,455.5,Main Dish 5,bangalore,mg road,54,9621551,12.9756778,77.5749906
Restaurant 135,Bangalore,Whitefield,Appetizer / Main Course,Appetizer 9; Main Dish 26,2,338.5,Appetizer 9; Main Dish 26,bangalore,whitefield,19,9621551,12.9894828,77.7923845
Restaurant 135,Chennai,Adyar,Dessert / Main Course,Dessert 1; Main Dish 29,2,463.7,Dessert 1; Main Dish 29,chennai,adyar,32,4646732,13.0283563,80.2819218
Restaurant 135,Chennai,T. Nagar,Beverage / Main Course / Snack,Snack 4; Main Dish 28; Beverage 5; Main Dish 45,4,390.0,Snack 4; Main Dish 28; Beverage 5; Main Dish 45,chennai,t. nagar,34,4646732,13.0650686,80.2111566
Restaurant 135,Chennai,Velachery,Main Course,Main Dish 17; Main Dish 18,2,279.5,Main Dish 17; Main Dish 18,chennai,velachery,22,4646732,12.9591166,80.245609
Restaurant 135,Mumbai,Andheri,Appetizer,Appetizer 19,1,147.4,Appetizer 19,mumbai,andheri,22,12442373,19.1245447,72.8746068
Restaurant 135,Mumbai,Bandra,Main Course,Main Dish 30,1,214.1,Main Dish 30,mumbai,bandra,35,12442373,19.0598263,72.8684066
Restaurant 135,Mumbai,Powai,Main Course,Main Dish 4,1,502.1,Main Dish 4,mumbai,powai,35,12442373,19.092612,72.9142322
Restaurant 135,New Delhi,Connaught Place,Beverage / Dessert / Main Course,Beverage 4; Dessert 17; Beverage 14; Main Dish 34,4,324.7,Beverage 4; Dessert 17; Beverage 14; Main Dish 34,new delhi,connaught place,14,5000000,28.6536758,77.2435231
Restaurant 135,New Delhi,Hauz Khas,Appetizer / Beverage / Main Course / Snack,Beverage 1; Snack 5; Appetizer 12; Main Dish 42,4,261.1,Beverage 1; Snack 5; Appetizer 12; Main Dish 42,new delhi,hauz khas,33,5000000,28.5776937,77.198848
Restaurant 135,New Delhi,Karol Bagh,Appetizer / Dessert / Main Course,Appetizer 6; Dessert 4; Main Dish 6; Dessert 10,4,193.0,Appetizer 6; Dessert 4; Main Dish 6; Dessert 10,new delhi,karol bagh,13,5000000,28.6540712,77.1592784
Restaurant 135,New Delhi,Rajouri Garden,Beverage / Dessert / Snack,Snack 1; Beverage 8; Dessert 5,3,149.0,Snack 1; Beverage 8; Dessert 5,new delhi,rajouri garden,35,5000000,28.6152135,77.117382
Restaurant 135,New Delhi,Saket,Snack,Snack 6,1,136.8,Snack 6,new delhi,saket,55,5000000,28.545396,77.2337737
Restaurant 135,Pune,Baner,Main Course,Main Dish 33,1,319.7,Main Dish 33,pune,baner,49,9429408,18.5370812,73.7775345
Restaurant 135,Pune,Hinjawadi,Main Course / Snack,Main Dish 37; Snack 1,2,376.3,Main Dish 37; Snack 1,pune,hinjawadi,13,9429408,18.6143578,73.728231
Restaurant 135,Pune,Kothrud,Beverage,Beverage 20; Beverage 2,2,179.9,Beverage 20; Beverage 2,pune,kothrud,32,9429408,18.5222947,73.7822828
Restaurant 135,Pune,Viman Nagar,Beverage,Beverage 20,1,275.4,Beverage 20,pune,viman nagar,44,9429408,18.5750831,73.8924551
Restaurant 136,Bangalore,Indiranagar,Main Course,Main Dish 50,1,301.3,Main Dish 50,bangalore,indiranagar,50,9621551,12.9400334,77.637389
Restaurant 136,Bangalore,Jayanagar,Beverage / Main Course,Beverage 1; Main Dish 22,2,373.8,Beverage 1; Main Dish 22,bangalore,jayanagar,40,9621551,12.9565128,77.5617435
Restaurant 136,Bangalore,Koramangala,Main Course,Main Dish 40,1,770.8,Main Dish 40,bangalore,koramangala,26,9621551,12.9024787,77.6210028
Restaurant 136,Bangalore,Mg Road,Dessert / Snack,Dessert 12; Snack 3; Dessert 5,3,184.8,Dessert 12; Snack 3; Dessert 5,bangalore,mg road,54,9621551,12.9974327,77.6309329
Restaurant 136,Bangalore,Whitefield,Dessert / Main Course,Dessert 13; Main Dish 30; Dessert 9; Main Dish 32,4,361.8,Dessert 13; Main Dish 30; Dessert 9; Main Dish 32,bangalore,whitefield,19,9621551,12.9766715,77.7276516
Restaurant 136,Chennai,Adyar,Dessert / Snack,Dessert 3; Snack 15,2,187.4,Dessert 3; Snack 15,chennai,adyar,32,4646732,12.9731921,80.2547009
Restaurant 136,Chennai,Anna Nagar,Appetizer / Dessert / Main Course,Appetizer 10; Main Dish 17; Dessert 9,3,340.9,Appetizer 10; Main Dish 17; Dessert 9,chennai,anna nagar,50,4646732,13.0884004,80.1755402
Restaurant 136,Chennai,Nungambakkam,Beverage / Dessert / Main Course / Snack,Beverage 17; Dessert 12; Dessert 8; Main Dish 19; Snack 9,5,276.3,Beverage 17; Dessert 12; Dessert 8; Main Dish 19; Snack 9,chennai,nungambakkam,30,4646732,13.0839689,80.2646297
Restaurant 136,Chennai,T. Nagar,Appetizer,Appetizer 8,1,94.0,Appetizer 8,chennai,t. nagar,34,4646732,13.0315689,80.2662716
Restaurant 136,Chennai,Velachery,Appetizer / Main Course / Snack,Main Dish 18; Main Dish 23; Snack 5; Main Dish 48; Snack 15; Appetizer 11,6,285.7,Main Dish 18; Main Dish 23; Snack 5; Main Dish 48; Snack 15; Appetizer 11,chennai,velachery,22,4646732,12.9803169,80.191051
Restaurant 136,Mumbai,Andheri,Beverage / Main Course,Beverage 6; Main Dish 43,2,346.9,Beverage 6; Main Dish 43,mumbai,andheri,22,12442373,19.0964514,72.8284213
Restaurant 136,Mumbai,Goregaon,Beverage,Beverage 1,1,131.3,Beverage 1,mumbai,goregaon,47,12442373,19.1759077,72.8688101
Restaurant 136,New Delhi,Connaught Place,Beverage / Dessert / Snack,Beverage 8; Snack 6; Dessert 5,3,190.8,Beverage 8; Snack 6; Dessert 5,new delhi,connaught place,14,5000000,28.5985116,77.2163022
Restaurant 136,New Delhi,Hauz Khas,Main Course,Main Dish 19,1,742.6,Main Dish 19,new delhi,hauz khas,33,5000000,28.5265482,77.2241032
Restaurant 136,New Delhi,Rajouri Garden,Main Course,Main Dish 39; Main Dish 43,2,698.6,Main Dish 39; Main Dish 43,new delhi,rajouri garden,35,5000000,28.6757111,77.0997808
Restaurant 136,New Delhi,Saket,Beverage / Main Course,Main Dish 17; Main Dish 35; Beverage 14,3,351.4,Main Dish 17; Main Dish 35; Beverage 14,new delhi,saket,55,5000000,28.4902318,77.2065528
Restaurant 136,Pune,Aundh,Main Course,Main Dish 40,1,743.6,Main Dish 40,pune,aundh,41,9429408,18.5532846,73.7862955
Restaurant 136,Pune,Kothrud,Main Course,Main Dish 50,1,277.6,Main Dish 50,pune,kothrud,32,9429408,18.5121089,73.8338539
Restaurant 137,Bangalore,Jayanagar,Appetizer / Beverage / Snack,Snack 12; Appetizer 3; Appetizer 8; Beverage 16,4,214.9,Snack 12; Appetizer 3; Appetizer 8; Beverage 16,bangalore,jayanagar,40,9621551,12.9230131,77.6168585
Restaurant 137,Bangalore,Koramangala,Appetizer,Appetizer 16; Appetizer 20,2,141.4,Appetizer 16; Appetizer 20,bangalore,koramangala,26,9621551,12.9629763,77.6034016
Restaurant 137,Bangalore,Mg Road,Main Course / Snack,Main Dish 19; Main Dish 3; Snack 14,3,408.5,Main Dish 19; Main Dish 3; Snack 14,bangalore,mg road,54,9621551,12.9422685,77.603712
Restaurant 137,Bangalore,Whitefield,Beverage / Main Course,Main Dish 27; Main Dish 19; Beverage 4,3,292.4,Main Dish 27; Main Dish 19; Beverage 4,bangalore,whitefield,19,9621551,13.0310425,77.7676179
Restaurant 137,Chennai,Adyar,Beverage / Main Course,Main Dish 5; Main Dish 36; Beverage 9; Beverage 12,4,235.6,Main Dish 5; Main Dish 36; Beverage 9; Beverage 12,chennai,adyar,32,4646732,13.0336897,80.2370997
Restaurant 137,Chennai,Anna Nagar,Appetizer / Dessert / Main Course / Snack,Snack 8; Appetizer 11; Main Dish 7; Main Dish 15; Dessert 17,5,336.6,Snack 8; Appetizer 11; Main Dish 7; Main Dish 15; Dessert 17,chennai,anna nagar,50,4646732,13.1101553,80.2314825
Restaurant 137,Chennai,Nungambakkam,Appetizer / Main Course,Main Dish 7; Appetizer 2; Main Dish 41,3,352.1,Main Dish 7; Appetizer 2; Main Dish 41,chennai,nungambakkam,30,4646732,13.0288047,80.2374088
Restaurant 137,Chennai,T. Nagar,Main Course,Main Dish 43,1,678.4,Main Dish 43,chennai,t. nagar,34,4646732,13.0187576,80.2015387
Restaurant 137,Chennai,Velachery,Beverage / Dessert / Main Course,Main Dish 15; Dessert 19; Main Dish 8; Beverage 17,4,268.5,Main Dish 15; Dessert 19; Main Dish 8; Beverage 17,chennai,velachery,22,4646732,13.0020718,80.2469933
Restaurant 137,Mumbai,Andheri,Main Course,Main Dish 38,1,315.6,Main Dish 38,mumbai,andheri,22,12442373,19.1497942,72.8439237
Restaurant 137,Mumbai,Bandra,Main Course,Main Dish 23,1,750.7,Main Dish 23,mumbai,bandra,35,12442373,19.031733,72.8222211
Restaurant 137,Mumbai,Goregaon,Main Course,Main Dish 22; Main Dish 47,2,507.3,Main Dish 22; Main Dish 47,mumbai,goregaon,47,12442373,19.1429563,72.8425605
Restaurant 137,Mumbai,Powai,Dessert,Dessert 11; Dessert 10,2,352.1,Dessert 11; Dessert 10,mumbai,powai,35,12442373,19.1337524,72.8839628
Restaurant 137,New Delhi,Connaught Place,Appetizer / Dessert,Dessert 7; Appetizer 2; Appetizer 5,3,240.7,Dessert 7; Appetizer 2; Appetizer 5,new delhi,connaught place,14,5000000,28.6590092,77.198701
Restaurant 137,New Delhi,Hauz Khas,Main Course,Main Dish 36,1,657.1,Main Dish 36,new delhi,hauz khas,33,5000000,28.5477485,77.1695452
Restaurant 137,New Delhi,Karol Bagh,Main Course,Main Dish 45; Main Dish 35,2,532.5,Main Dish 45; Main Dish 35,new delhi,karol bagh,13,5000000,28.6758261,77.2152207
Restaurant 137,New Delhi,Rajouri Garden,Appetizer / Main Course / Snack,Main Dish 22; Appetizer 10; Snack 4; Snack 6,4,200.6,Main Dish 22; Appetizer 10; Snack 4; Snack 6,new delhi,rajouri garden,35,5000000,28.6422114,77.1548958
Restaurant 137,New Delhi,Saket,Appetizer / Main Course / Snack,Appetizer 10; Snack 9; Main Dish 3,3,152.1,Appetizer 10; Snack 9; Main Dish 3,new delhi,saket,55,5000000,28.5507294,77.1889516
Restaurant 137,Pune,Aundh,Main Course,Main Dish 24,1,574.3,Main Dish 24,pune,aundh,41,9429408,18.5850765,73.8223826
Restaurant 137,Pune,Hinjawadi,Dessert / Main Course,Dessert 12; Main Dish 21,2,341.1,Dessert 12; Main Dish 21,pune,hinjawadi,13,9429408,18.5832581,73.7609088
Restaurant 137,Pune,Kothrud,Main Course,Main Dish 47,1,662.4,Main Dish 47,pune,kothrud,32,9429408,18.4840156,73.7876684
Restaurant 137,Pune,Viman Nagar,Main Course,Main Dish 38,1,290.6,Main Dish 38,pune,viman nagar,44,9429408,18.5814266,73.9325945
Restaurant 138,Bangalore,Jayanagar,Main Course / Snack,Main Dish 11; Snack 1,2,372.8,Main Dish 11; Snack 1,bangalore,jayanagar,40,9621551,12.9102018,77.5521256
Restaurant 138,Bangalore,Mg Road,Dessert,Dessert 17; Dessert 5,2,211.3,Dessert 17; Dessert 5,bangalore,mg road,54,9621551,13.0027661,77.5861108
Restaurant 138,Bangalore,Whitefield,Snack,Snack 8,1,144.7,Snack 8,bangalore,whitefield,19,9621551,12.9624709,77.7750293
Restaurant 138,Chennai,Adyar,Dessert,Dessert 4,1,170.0,Dessert 4,chennai,adyar,32,4646732,13.00019,80.2922147
Restaurant 138,Chennai,Anna Nagar,Main Course,Main Dish 26; Main Dish 9; Main Dish 25; Main Dish 23; Main Dish 27,5,447.2,Main Dish 26; Main Dish 9; Main Dish 25; Main Dish 23; Main Dish 27,chennai,anna nagar,50,4646732,13.0549911,80.2042616
Restaurant 138,Chennai,T. Nagar,Beverage / Main Course,Main Dish 17; Main Dish 7; Main Dish 12; Beverage 8,4,388.4,Main Dish 17; Main Dish 7; Main Dish 12; Beverage 8,chennai,t. nagar,34,4646732,13.0731286,80.241505
Restaurant 138,Chennai,Velachery,Beverage / Snack,Beverage 17; Snack 10,2,163.1,Beverage 17; Snack 10,chennai,velachery,22,4646732,12.9469076,80.2197724
Restaurant 138,Mumbai,Andheri,Dessert,Dessert 20,1,231.2,Dessert 20,mumbai,andheri,22,12442373,19.0986487,72.8691789
Restaurant 138,Mumbai,Bandra,Appetizer / Beverage / Main Course,Main Dish 42; Appetizer 1; Beverage 12,3,285.4,Main Dish 42; Appetizer 1; Beverage 12,mumbai,bandra,35,12442373,19.0850758,72.8377235
Restaurant 138,Mumbai,Goregaon,Main Course,Main Dish 43,1,506.7,Main Dish 43,mumbai,goregaon,47,12442373,19.1864734,72.8395651
Restaurant 138,Mumbai,Juhu,Dessert / Snack,Dessert 10; Snack 11,2,106.5,Dessert 10; Snack 11,mumbai,juhu,51,12442373,19.1220544,72.8041427
Restaurant 138,Mumbai,Powai,Appetizer / Snack,Snack 6; Appetizer 11,2,154.6,Snack 6; Appetizer 11,mumbai,powai,35,12442373,19.1235666,72.9355339
Restaurant 138,New Delhi,Connaught Place,Appetizer / Snack,Snack 15; Appetizer 3,2,165.2,Snack 15; Appetizer 3,new delhi,connaught place,14,5000000,28.6255095,77.253816
Restaurant 138,New Delhi,Hauz Khas,Appetizer / Beverage / Dessert / Main Course,Dessert 5; Appetizer 11; Beverage 2; Main Dish 17,4,248.3,Dessert 5; Appetizer 11; Beverage 2; Main Dish 17,new delhi,hauz khas,33,5000000,28.5695034,77.2254875
Restaurant 138,New Delhi,Karol Bagh,Appetizer / Dessert / Snack,Snack 13; Dessert 11; Appetizer 20,3,138.3,Snack 13; Dessert 11; Appetizer 20,new delhi,karol bagh,13,5000000,28.6206619,77.1879998
Restaurant 138,New Delhi,Rajouri Garden,Main Course,Main Dish 32,1,584.1,Main Dish 32,new delhi,rajouri garden,35,5000000,28.6294001,77.0901629
Restaurant 138,New Delhi,Saket,Appetizer / Dessert / Snack,Appetizer 17; Snack 10; Appetizer 5; Dessert 11,4,126.8,Appetizer 17; Snack 10; Appetizer 5; Dessert 11,new delhi,saket,55,5000000,28.5172297,77.2440666
Restaurant 138,Pune,Baner,Beverage / Main Course,Beverage 14; Main Dish 10,2,238.1,Beverage 14; Main Dish 10,pune,baner,49,9429408,18.5805983,73.7745391
Restaurant 138,Pune,Hinjawadi,Snack,Snack 7; Snack 5,2,126.5,Snack 7; Snack 5,pune,hinjawadi,13,9429408,18.5841544,73.7143149
Restaurant 138,Pune,Kothrud,Dessert,Dessert 1,1,377.0,Dessert 1,pune,kothrud,32,9429408,18.5373584,73.8031708
Restaurant 138,Pune,Viman Nagar,Main Course,Main Dish 19,1,535.1,Main Dish 19,pune,viman nagar,44,9429408,18.5484752,73.9063449
Restaurant 139,Bangalore,Indiranagar,Beverage / Main Course / Snack,Snack 8; Beverage 1; Main Dish 47,3,166.4,Snack 8; Beverage 1; Main Dish 47,bangalore,indiranagar,50,9621551,13.000531,77.6197878
Restaurant 139,Bangalore,Jayanagar,Main Course,Main Dish 18,1,561.6,Main Dish 18,bangalore,jayanagar,40,9621551,12.9645728,77.5920919
Restaurant 139,Bangalore,Mg Road,Beverage / Snack,Beverage 19; Snack 11,2,115.3,Beverage 19; Snack 11,bangalore,mg road,54,9621551,12.9692664,77.6412258
Restaurant 139,Bangalore,Whitefield,Appetizer,Appetizer 8,1,189.1,Appetizer 8,bangalore,whitefield,19,9621551,13.0090167,77.7221293
Restaurant 139,Chennai,Adyar,Appetizer / Main Course,Appetizer 12; Main Dish 4,2,326.0,Appetizer 12; Main Dish 4,chennai,adyar,32,4646732,12.9873787,80.2274818
Restaurant 139,Chennai,Anna Nagar,Appetizer / Beverage / Dessert / Main Course,Main Dish 32; Main Dish 14; Appetizer 3; Dessert 19; Dessert 17; Beverage 19; Dessert 16; Main Dish 40,8,310.9,Main Dish 32; Main Dish 14; Appetizer 3; Dessert 19; Dessert 17; Beverage 19; Dessert 16; Main Dish 40,chennai,anna nagar,50,4646732,13.1154887,80.1866604
Restaurant 139,Chennai,T. Nagar,Main Course,Main Dish 10,1,702.0,Main Dish 10,chennai,t. nagar,34,4646732,13.004557,80.2489164
Restaurant 139,Chennai,Velachery,Appetizer / Beverage / Dessert,Appetizer 17; Beverage 2; Dessert 20,3,114.7,Appetizer 17; Beverage 2; Dessert 20,chennai,velachery,22,4646732,13.0074052,80.2021712
Restaurant 139,Mumbai,Andheri,Main Course,Main Dish 21,1,699.1,Main Dish 21,mumbai,andheri,22,12442373,19.119849,72.8146209
Restaurant 139,Mumbai,Juhu,Beverage / Main Course,Main Dish 19; Beverage 6,2,270.7,Main Dish 19; Beverage 6,mumbai,juhu,51,12442373,19.1118686,72.8557138
Restaurant 139,Mumbai,Powai,Appetizer / Main Course / Snack,Main Dish 16; Snack 12; Main Dish 1; Appetizer 2,4,255.3,Main Dish 16; Snack 12; Main Dish 1; Appetizer 2,mumbai,powai,35,12442373,19.0954733,72.8893484
Restaurant 139,New Delhi,Connaught Place,Main Course,Main Dish 22,1,422.2,Main Dish 22,new delhi,connaught place,14,5000000,28.6126982,77.1890831
Restaurant 139,New Delhi,Hauz Khas,Appetizer / Main Course,Appetizer 12; Main Dish 9; Main Dish 8; Appetizer 14; Main Dish 29,5,446.9,Appetizer 12; Main Dish 9; Main Dish 8; Appetizer 14; Main Dish 29,new delhi,hauz khas,33,5000000,28.5143392,77.1982666
Restaurant 139,New Delhi,Karol Bagh,Beverage / Main Course,Main Dish 23; Beverage 2,2,424.7,Main Dish 23; Beverage 2,new delhi,karol bagh,13,5000000,28.6811595,77.1703986
Restaurant 139,Pune,Baner,Appetizer / Main Course,Appetizer 10; Main Dish 15,2,220.2,Appetizer 10; Main Dish 15,pune,baner,49,9429408,18.5494986,73.8072169
Restaurant 139,Pune,Hinjawadi,Appetizer / Dessert / Main Course,Appetizer 10; Dessert 15; Dessert 16; Main Dish 18,4,273.6,Appetizer 10; Dessert 15; Dessert 16; Main Dish 18,pune,hinjawadi,13,9429408,18.6159463,73.750402
Restaurant 139,Pune,Viman Nagar,Beverage,Beverage 1,1,107.7,Beverage 1,pune,viman nagar,44,9429408,18.5919923,73.9033495
Restaurant 14,Bangalore,Indiranagar,Beverage / Main Course / Snack,Snack 9; Beverage 10; Main Dish 7,3,177.7,Snack 9; Beverage 10; Main Dish 7,bangalore,indiranagar,50,9621551,12.9670313,77.6749028
Restaurant 14,Bangalore,Jayanagar,Main Course,Main Dish 14; Main Dish 3; Main Dish 32; Main Dish 41,4,551.6,Main Dish 14; Main Dish 3; Main Dish 32; Main Dish 41,bangalore,jayanagar,40,9621551,12.8960012,77.5995033
Restaurant 14,Bangalore,Koramangala,Appetizer / Main Course,Appetizer 15; Main Dish 34; Main Dish 32; Appetizer 3,4,240.6,Appetizer 15; Main Dish 34; Main Dish 32; Appetizer 3,bangalore,koramangala,26,9621551,12.9294766,77.6585166
Restaurant 14,Bangalore,Mg Road,Beverage / Dessert / Main Course,Main Dish 28; Beverage 11; Dessert 1,3,285.7,Main Dish 28; Beverage 11; Dessert 1,bangalore,mg road,54,9621551,12.9564551,77.5764929
Restaurant 14,Bangalore,Whitefield,Appetizer / Main Course,Appetizer 7; Main Dish 17,2,288.3,Appetizer 7; Main Dish 17,bangalore,whitefield,19,9621551,13.0104527,77.7940684
Restaurant 14,Chennai,Adyar,Snack,Snack 14,1,188.0,Snack 14,chennai,adyar,32,4646732,13.0417497,80.2674481
Restaurant 14,Chennai,Anna Nagar,Main Course,Main Dish 28; Main Dish 32,2,351.4,Main Dish 28; Main Dish 32,chennai,anna nagar,50,4646732,13.081989,80.2417754
Restaurant 14,Chennai,Nungambakkam,Snack,Snack 14,1,104.4,Snack 14,chennai,nungambakkam,30,4646732,13.0893023,80.2198076
Restaurant 14,Chennai,T. Nagar,Appetizer / Beverage / Dessert,Dessert 14; Appetizer 14; Beverage 14,3,208.4,Dessert 14; Appetizer 14; Beverage 14,chennai,t. nagar,34,4646732,13.0511028,80.1960164
Restaurant 14,Chennai,Velachery,Main Course,Main Dish 24; Main Dish 3,2,502.6,Main Dish 24; Main Dish 3,chennai,velachery,22,4646732,12.9739055,80.2572862
Restaurant 14,Mumbai,Andheri,Appetizer / Main Course,Appetizer 15; Main Dish 41; Main Dish 14,3,343.4,Appetizer 15; Main Dish 41; Main Dish 14,mumbai,andheri,22,12442373,19.1416039,72.8705632
Restaurant 14,Mumbai,Goregaon,Beverage / Dessert,Dessert 19; Beverage 15,2,256.0,Dessert 19; Beverage 15,mumbai,goregaon,47,12442373,19.1553737,72.8722429
Restaurant 14,Mumbai,Juhu,Beverage / Dessert,Beverage 19; Dessert 10,2,196.6,Beverage 19; Dessert 10,mumbai,juhu,51,12442373,19.0837753,72.8095283
Restaurant 14,Mumbai,Powai,Beverage / Dessert / Main Course,Main Dish 18; Beverage 6; Dessert 3,3,369.1,Main Dish 18; Beverage 6; Dessert 3,mumbai,powai,35,12442373,19.1488161,72.9048508
Restaurant 14,New Delhi,Hauz Khas,Main Course,Main Dish 35,1,640.3,Main Dish 35,new delhi,hauz khas,33,5000000,28.5748368,77.1806654
Restaurant 14,New Delhi,Karol Bagh,Main Course / Snack,Main Dish 21; Snack 13,2,399.0,Main Dish 21; Snack 13,new delhi,karol bagh,13,5000000,28.6476598,77.2255136
Restaurant 14,New Delhi,Rajouri Garden,Appetizer / Beverage / Main Course,Beverage 19; Beverage 20; Main Dish 10; Main Dish 38; Appetizer 5,5,202.9,Beverage 19; Beverage 20; Main Dish 10; Main Dish 38; Appetizer 5,new delhi,rajouri garden,35,5000000,28.6837711,77.1301292
Restaurant 14,New Delhi,Saket,Main Course / Snack,Snack 14; Main Dish 41,2,245.7,Snack 14; Main Dish 41,new delhi,saket,55,5000000,28.5044184,77.1793337
Restaurant 14,Pune,Aundh,Appetizer / Main Course / Snack,Snack 5; Main Dish 44; Appetizer 12,3,282.4,Snack 5; Main Dish 44; Appetizer 12,pune,aundh,41,9429408,18.5357759,73.8170803
Restaurant 14,Pune,Hinjawadi,Appetizer / Beverage / Main Course,Appetizer 11; Main Dish 27; Beverage 7; Main Dish 47,4,178.3,Appetizer 11; Main Dish 27; Beverage 7; Main Dish 47,pune,hinjawadi,13,9429408,18.5666457,73.7450997
Restaurant 14,Pune,Kothrud,Appetizer,Appetizer 9; Appetizer 15,2,182.3,Appetizer 9; Appetizer 15,pune,kothrud,32,9429408,18.4862129,73.828426
Restaurant 140,Bangalore,Indiranagar,Dessert / Main Course,Main Dish 4; Dessert 2; Main Dish 10; Main Dish 31,4,425.3,Main Dish 4; Dessert 2; Main Dish 10; Main Dish 31,bangalore,indiranagar,50,9621551,12.95422,77.6101699
Restaurant 140,Bangalore,Jayanagar,Beverage / Dessert,Beverage 10; Dessert 14,2,288.4,Beverage 10; Dessert 14,bangalore,jayanagar,40,9621551,12.942547,77.5466033
Restaurant 140,Bangalore,Mg Road,Appetizer / Main Course / Snack,Main Dish 11; Snack 9; Appetizer 13,3,195.8,Main Dish 11; Snack 9; Appetizer 13,bangalore,mg road,54,9621551,13.0108261,77.6164592
Restaurant 140,Bangalore,Whitefield,Appetizer / Main Course,Main Dish 38; Appetizer 18,2,348.4,Main Dish 38; Appetizer 18,bangalore,whitefield,19,9621551,12.9597748,77.7409095
Restaurant 140,Chennai,Adyar,Beverage,Beverage 14,1,133.1,Beverage 14,chennai,adyar,32,4646732,12.9731781,80.2748595
Restaurant 140,Chennai,Anna Nagar,Appetizer,Appetizer 19,1,82.2,Appetizer 19,chennai,anna nagar,50,4646732,13.0691777,80.1770425
Restaurant 140,Chennai,Nungambakkam,Main Course / Snack,Main Dish 50; Main Dish 32; Snack 9,3,496.4,Main Dish 50; Main Dish 32; Snack 9,chennai,nungambakkam,30,4646732,13.0558026,80.2749226
Restaurant 140,Chennai,Velachery,Main Course / Snack,Main Dish 45; Snack 15,2,145.6,Main Dish 45; Snack 15,chennai,velachery,22,4646732,12.9610942,80.1925533
Restaurant 140,Mumbai,Juhu,Main Course,Main Dish 41,1,606.4,Main Dish 41,mumbai,juhu,51,12442373,19.1371181,72.8250307
Restaurant 140,Mumbai,Powai,Appetizer,Appetizer 1,1,248.9,Appetizer 1,mumbai,powai,35,12442373,19.0976706,72.930106
Restaurant 140,New Delhi,Connaught Place,Appetizer / Beverage / Dessert,Beverage 1; Dessert 6; Appetizer 7,3,1504.6,Beverage 1; Dessert 6; Appetizer 7,new delhi,connaught place,14,5000000,28.6670692,77.2290494
Restaurant 140,New Delhi,Hauz Khas,Appetizer / Dessert,Appetizer 8; Dessert 13,2,155.8,Appetizer 8; Dessert 13,new delhi,hauz khas,33,5000000,28.5413371,77.2357804
Restaurant 140,New Delhi,Karol Bagh,Appetizer / Beverage / Snack,Beverage 4; Beverage 8; Appetizer 15; Snack 14; Snack 15; Appetizer 10,6,158.0,Beverage 4; Beverage 8; Appetizer 15; Snack 14; Snack 15; Appetizer 10,new delhi,karol bagh,13,5000000,28.6348485,77.1607807
Restaurant 140,New Delhi,Rajouri Garden,Main Course,Main Dish 22,1,554.8,Main Dish 22,new delhi,rajouri garden,35,5000000,28.6151995,77.1375406
Restaurant 140,New Delhi,Saket,Dessert / Main Course,Main Dish 4; Dessert 3; Dessert 6,3,382.6,Main Dish 4; Dessert 3; Dessert 6,new delhi,saket,55,5000000,28.5587894,77.2193
Restaurant 140,Pune,Hinjawadi,Beverage / Dessert,Dessert 14; Beverage 4,2,132.5,Dessert 14; Beverage 4,pune,hinjawadi,13,9429408,18.6077861,73.7148303
Restaurant 140,Pune,Kothrud,Snack,Snack 10,1,198.0,Snack 10,pune,kothrud,32,9429408,18.5074132,73.773868
Restaurant 140,Pune,Viman Nagar,Dessert / Main Course,Main Dish 43; Dessert 18,2,446.4,Main Dish 43; Dessert 18,pune,viman nagar,44,9429408,18.5608926,73.9360273
Restaurant 141,Bangalore,Indiranagar,Main Course / Snack,Main Dish 34; Snack 14,2,135.9,Main Dish 34; Snack 14,bangalore,indiranagar,50,9621551,13.008591,77.6501362
Restaurant 141,Bangalore,Jayanagar,Beverage / Dessert / Main Course,Dessert 20; Beverage 20; Main Dish 11; Dessert 16; Beverage 10,5,281.9,Dessert 20; Beverage 20; Main Dish 11; Dessert 16; Beverage 10,bangalore,jayanagar,40,9621551,12.943983,77.6185424
Restaurant 141,Bangalore,Koramangala,Main Course,Main Dish 18; Main Dish 24,2,477.0,Main Dish 18; Main Dish 24,bangalore,koramangala,26,9621551,12.9166653,77.5937837
Restaurant 141,Bangalore,Mg Road,Main Course / Snack,Snack 1; Main Dish 37,2,377.2,Snack 1; Main Dish 37,bangalore,mg road,54,9621551,12.9422545,77.6238706
Restaurant 141,Bangalore,Whitefield,Appetizer,Appetizer 6; Appetizer 10,2,223.7,Appetizer 6; Appetizer 10,bangalore,whitefield,19,9621551,13.0345389,77.7459812
Restaurant 141,Chennai,Adyar,Main Course / Snack,Main Dish 17; Main Dish 10; Snack 2; Main Dish 3; Main Dish 20,5,385.9,Main Dish 17; Main Dish 10; Snack 2; Main Dish 3; Main Dish 20,chennai,adyar,32,4646732,13.0197239,80.2219595
Restaurant 141,Chennai,Anna Nagar,Dessert / Snack,Snack 6; Dessert 3,2,233.8,Snack 6; Dessert 3,chennai,anna nagar,50,4646732,13.1235487,80.2170088
Restaurant 141,Chennai,Nungambakkam,Beverage / Dessert / Main Course,Beverage 11; Main Dish 29; Dessert 3; Main Dish 11; Main Dish 48; Beverage 3,6,367.3,Beverage 11; Main Dish 29; Dessert 3; Main Dish 11; Main Dish 48; Beverage 3,chennai,nungambakkam,30,4646732,13.0429913,80.2101897
Restaurant 141,Chennai,T. Nagar,Appetizer / Dessert / Main Course,Dessert 9; Appetizer 19; Main Dish 33,3,234.0,Dessert 9; Appetizer 19; Main Dish 33,chennai,t. nagar,34,4646732,13.0525388,80.2679555
Restaurant 141,Mumbai,Andheri,Appetizer / Dessert,Appetizer 15; Dessert 20,2,237.4,Appetizer 15; Dessert 20,mumbai,andheri,22,12442373,19.0864397,72.8433423
Restaurant 141,Mumbai,Bandra,Dessert / Main Course,Dessert 16; Main Dish 33; Main Dish 9,3,308.6,Dessert 16; Main Dish 33; Main Dish 9,mumbai,bandra,35,12442373,19.0339303,72.8629787
Restaurant 141,Mumbai,Juhu,Snack,Snack 4,1,156.6,Snack 4,mumbai,juhu,51,12442373,19.0859726,72.8502859
Restaurant 141,Mumbai,Powai,Main Course,Main Dish 1,1,400.9,Main Dish 1,mumbai,powai,35,12442373,19.1188709,72.875548
Restaurant 141,New Delhi,Connaught Place,Beverage / Dessert / Main Course / Snack,Beverage 8; Dessert 16; Snack 15; Main Dish 32,4,247.2,Beverage 8; Dessert 16; Snack 15; Main Dish 32,new delhi,connaught place,14,5000000,28.5984976,77.2364608
Restaurant 141,New Delhi,Hauz Khas,Main Course / Snack,Main Dish 45; Snack 7,2,164.9,Main Dish 45; Snack 7,new delhi,hauz khas,33,5000000,28.5285258,77.1710475
Restaurant 141,New Delhi,Karol Bagh,Appetizer / Beverage,Appetizer 19; Beverage 19; Beverage 8,3,151.1,Appetizer 19; Beverage 19; Beverage 8,new delhi,karol bagh,13,5000000,28.6892195,77.200747
Restaurant 141,New Delhi,Rajouri Garden,Beverage / Main Course,Beverage 6; Main Dish 29,2,190.9,Beverage 6; Main Dish 29,new delhi,rajouri garden,35,5000000,28.6617453,77.0846406
Restaurant 141,New Delhi,Saket,Snack,Snack 7,1,87.0,Snack 7,new delhi,saket,55,5000000,28.4902178,77.2267114
Restaurant 141,Pune,Aundh,Appetizer,Appetizer 1,1,173.0,Appetizer 1,pune,aundh,41,9429408,18.5769163,73.7868109
Restaurant 141,Pune,Baner,Appetizer,Appetizer 11,1,60.1,Appetizer 11,pune,baner,49,9429408,18.5503949,73.760623
Restaurant 141,Pune,Kothrud,Main Course,Main Dish 16; Main Dish 43,2,361.2,Main Dish 16; Main Dish 43,pune,kothrud,32,9429408,18.5291681,73.8298103
Restaurant 141,Pune,Viman Nagar,Appetizer,Appetizer 5,1,88.1,Appetizer 5,pune,viman nagar,44,9429408,18.5617889,73.8894334
Restaurant 142,Bangalore,Indiranagar,Dessert / Main Course,Dessert 15; Main Dish 25,2,335.4,Dessert 15; Main Dish 25,bangalore,indiranagar,50,9621551,12.9400194,77.6575476
Restaurant 142,Bangalore,Jayanagar,Dessert / Main Course,Dessert 8; Main Dish 49; Main Dish 7,3,404.9,Dessert 8; Main Dish 49; Main Dish 7,bangalore,jayanagar,40,9621551,12.8933051,77.5653835
Restaurant 142,Bangalore,Koramangala,Appetizer / Beverage / Main Course,Beverage 15; Appetizer 17; Main Dish 1; Main Dish 43; Appetizer 1; Main Dish 46,6,645.7,Beverage 15; Appetizer 17; Main Dish 1; Main Dish 43; Appetizer 1; Main Dish 46,bangalore,koramangala,26,9621551,12.9710363,77.63375
Restaurant 142,Bangalore,Mg Road,Main Course,Main Dish 31; Main Dish 34; Main Dish 32; Main Dish 6; Main Dish 21,5,549.1,Main Dish 31; Main Dish 34; Main Dish 32; Main Dish 6; Main Dish 21,bangalore,mg road,54,9621551,12.9888003,77.5709706
Restaurant 142,Chennai,Nungambakkam,Main Course,Main Dish 3,1,610.8,Main Dish 3,chennai,nungambakkam,30,4646732,13.0973623,80.250156
Restaurant 142,Chennai,T. Nagar,Beverage / Dessert / Snack,Snack 3; Dessert 16; Beverage 17; Snack 2,4,111.5,Snack 3; Dessert 16; Beverage 17; Snack 2,chennai,t. nagar,34,4646732,13.0018609,80.2147966
Restaurant 142,Chennai,Velachery,Appetizer / Snack,Appetizer 8; Snack 10,2,190.5,Appetizer 8; Snack 10,chennai,velachery,22,4646732,13.0154652,80.2325196
Restaurant 142,Mumbai,Andheri,Beverage / Main Course,Beverage 14; Main Dish 31,2,404.8,Beverage 14; Main Dish 31,mumbai,andheri,22,12442373,19.1469373,72.8257411
Restaurant 142,Mumbai,Bandra,Appetizer / Main Course,Appetizer 10; Main Dish 47,2,490.0,Appetizer 10; Main Dish 47,mumbai,bandra,35,12442373,19.0551306,72.8084207
Restaurant 142,Mumbai,Powai,Dessert / Main Course,Dessert 16; Main Dish 26,2,287.9,Dessert 16; Main Dish 26,mumbai,powai,35,12442373,19.1406258,72.9314903
Restaurant 142,New Delhi,Connaught Place,Dessert,Dessert 13,1,131.9,Dessert 13,new delhi,connaught place,14,5000000,28.6450434,77.1835608
Restaurant 142,New Delhi,Hauz Khas,Appetizer / Dessert,Dessert 14; Appetizer 8,2,172.2,Dessert 14; Appetizer 8,new delhi,hauz khas,33,5000000,28.5828968,77.2110138
Restaurant 142,New Delhi,Karol Bagh,Appetizer / Beverage,Appetizer 2; Beverage 17; Appetizer 3; Appetizer 18,4,196.7,Appetizer 2; Beverage 17; Appetizer 3; Appetizer 18,new delhi,karol bagh,13,5000000,28.6206479,77.2081584
Restaurant 142,New Delhi,Rajouri Garden,Main Course / Snack,Main Dish 42; Main Dish 22; Snack 12; Main Dish 16,4,382.0,Main Dish 42; Main Dish 22; Snack 12; Main Dish 16,new delhi,rajouri garden,35,5000000,28.6631813,77.1565797
Restaurant 142,New Delhi,Saket,Appetizer,Appetizer 3,1,230.6,Appetizer 3,new delhi,saket,55,5000000,28.5367636,77.1738114
Restaurant 142,Pune,Aundh,Main Course,Main Dish 7; Main Dish 45,2,297.6,Main Dish 7; Main Dish 45,pune,aundh,41,9429408,18.5667305,73.838382
Restaurant 142,Pune,Baner,Appetizer,Appetizer 5,1,249.6,Appetizer 5,pune,baner,49,9429408,18.5821868,73.7967101
Restaurant 142,Pune,Hinjawadi,Beverage / Snack,Snack 14; Beverage 17,2,194.7,Snack 14; Beverage 17,pune,hinjawadi,13,9429408,18.5976003,73.7664014
Restaurant 142,Pune,Kothrud,Main Course,Main Dish 46; Main Dish 10,2,627.6,Main Dish 46; Main Dish 10,pune,kothrud,32,9429408,18.4740039,73.8025894
Restaurant 142,Pune,Viman Nagar,Dessert,Dessert 4,1,164.8,Dessert 4,pune,viman nagar,44,9429408,18.5935808,73.9255205
Restaurant 143,Bangalore,Indiranagar,Main Course,Main Dish 37; Main Dish 38,2,396.8,Main Dish 37; Main Dish 38,bangalore,indiranagar,50,9621551,12.9865652,77.6046476
Restaurant 143,Bangalore,Jayanagar,Appetizer / Beverage / Main Course,Beverage 19; Main Dish 34; Appetizer 9,3,115.7,Beverage 19; Main Dish 34; Appetizer 9,bangalore,jayanagar,40,9621551,12.9680692,77.5704552
Restaurant 143,Bangalore,Koramangala,Appetizer / Dessert,Appetizer 19; Dessert 18; Dessert 12,3,243.3,Appetizer 19; Dessert 18; Dessert 12,bangalore,koramangala,26,9621551,12.9024647,77.6411614
Restaurant 143,Bangalore,Mg Road,Appetizer / Beverage / Main Course,Main Dish 32; Appetizer 11; Beverage 11,3,249.4,Main Dish 32; Appetizer 11; Beverage 11,bangalore,mg road,54,9621551,12.9902363,77.6429097
Restaurant 143,Bangalore,Whitefield,Dessert / Main Course,Main Dish 21; Dessert 7,2,326.4,Main Dish 21; Dessert 7,bangalore,whitefield,19,9621551,12.9748156,77.7936702
Restaurant 143,Chennai,Adyar,Appetizer / Beverage / Dessert,Dessert 5; Appetizer 6; Beverage 1,3,254.1,Dessert 5; Appetizer 6; Beverage 1,chennai,adyar,32,4646732,13.0211599,80.2938986
Restaurant 143,Chennai,Nungambakkam,Appetizer / Dessert / Main Course / Snack,Snack 2; Appetizer 18; Main Dish 45; Dessert 10,4,326.8,Snack 2; Appetizer 18; Main Dish 45; Dessert 10,chennai,nungambakkam,30,4646732,13.0287907,80.2575674
Restaurant 143,Chennai,T. Nagar,Main Course,Main Dish 27,1,526.6,Main Dish 27,chennai,t. nagar,34,4646732,13.076625,80.2198683
Restaurant 143,Chennai,Velachery,Dessert / Main Course,Dessert 17; Main Dish 1,2,298.1,Dessert 17; Main Dish 1,chennai,velachery,22,4646732,12.9468936,80.239931
Restaurant 143,Mumbai,Bandra,Dessert,Dessert 17,1,349.3,Dessert 17,mumbai,bandra,35,12442373,19.0768855,72.864363
Restaurant 143,Mumbai,Goregaon,Appetizer / Dessert,Appetizer 4; Dessert 12,2,122.3,Appetizer 4; Dessert 12,mumbai,goregaon,47,12442373,19.15627,72.825649
Restaurant 143,Mumbai,Juhu,Dessert,Dessert 17,1,397.0,Dessert 17,mumbai,juhu,51,12442373,19.1071729,72.7957279
Restaurant 143,Mumbai,Powai,Dessert,Dessert 14,1,260.4,Dessert 14,mumbai,powai,35,12442373,19.0854616,72.9042694
Restaurant 143,New Delhi,Connaught Place,Dessert,Dessert 8,1,297.3,Dessert 8,new delhi,connaught place,14,5000000,28.6464794,77.2554999
Restaurant 143,New Delhi,Hauz Khas,Beverage / Dessert / Main Course,Main Dish 17; Dessert 16; Beverage 16,3,187.7,Main Dish 17; Dessert 16; Beverage 16,new delhi,hauz khas,33,5000000,28.5143252,77.2184252
Restaurant 143,New Delhi,Karol Bagh,Appetizer / Main Course,Appetizer 2; Main Dish 1,2,442.8,Appetizer 2; Main Dish 1,new delhi,karol bagh,13,5000000,28.6671937,77.1552584
Restaurant 143,New Delhi,Rajouri Garden,Dessert / Main Course,Main Dish 20; Dessert 7; Main Dish 46,3,228.7,Main Dish 20; Dessert 7; Main Dish 46,new delhi,rajouri garden,35,5000000,28.6125034,77.1034208
Restaurant 143,New Delhi,Saket,Main Course / Snack,Main Dish 35; Snack 6,2,190.6,Main Dish 35; Snack 6,new delhi,saket,55,5000000,28.5381996,77.2457505
Restaurant 143,Pune,Aundh,Appetizer,Appetizer 10,1,82.2,Appetizer 10,pune,aundh,41,9429408,18.5386372,73.7921965
Restaurant 143,Pune,Hinjawadi,Main Course,Main Dish 32; Main Dish 33,2,470.9,Main Dish 32; Main Dish 33,pune,hinjawadi,13,9429408,18.569507,73.7202159
Restaurant 143,Pune,Kothrud,Appetizer / Main Course,Main Dish 25; Appetizer 17; Main Dish 26,3,1082.3,Main Dish 25; Appetizer 17; Main Dish 26,pune,kothrud,32,9429408,18.5345015,73.7849882
Restaurant 144,Bangalore,Indiranagar,Appetizer / Dessert / Main Course,Appetizer 19; Main Dish 38; Dessert 9,3,302.1,Appetizer 19; Main Dish 38; Dessert 9,bangalore,indiranagar,50,9621551,12.9880012,77.6765867
Restaurant 144,Bangalore,Jayanagar,Main Course / Snack,Main Dish 40; Main Dish 41; Snack 7,3,433.6,Main Dish 40; Main Dish 41; Snack 7,bangalore,jayanagar,40,9621551,12.9083459,77.6181442
Restaurant 144,Bangalore,Koramangala,Dessert / Main Course,Main Dish 24; Dessert 18; Main Dish 16,3,422.2,Main Dish 24; Dessert 18; Main Dish 16,bangalore,koramangala,26,9621551,12.9490105,77.5882614
Restaurant 144,Bangalore,Mg Road,Main Course / Snack,Main Dish 12; Snack 15,2,398.7,Main Dish 12; Snack 15,bangalore,mg road,54,9621551,12.9395584,77.5897508
Restaurant 144,Bangalore,Whitefield,Beverage / Main Course,Main Dish 11; Beverage 16,2,453.6,Main Dish 11; Beverage 16,bangalore,whitefield,19,9621551,12.9868763,77.7166909
Restaurant 144,Chennai,Adyar,Beverage / Snack,Snack 13; Beverage 12; Beverage 19,3,154.8,Snack 13; Beverage 12; Beverage 19,chennai,adyar,32,4646732,12.970482,80.2407397
Restaurant 144,Chennai,Anna Nagar,Main Course,Main Dish 11,1,215.6,Main Dish 11,chennai,anna nagar,50,4646732,13.0549771,80.2244202
Restaurant 144,Chennai,Nungambakkam,Dessert,Dessert 17,1,250.6,Dessert 17,chennai,nungambakkam,30,4646732,13.0753365,80.2046674
Restaurant 144,Chennai,Velachery,Dessert / Main Course,Main Dish 48; Dessert 19; Main Dish 24,3,414.8,Main Dish 48; Dessert 19; Main Dish 24,chennai,velachery,22,4646732,12.9934394,80.187031
Restaurant 144,Mumbai,Bandra,Main Course,Main Dish 20,1,275.3,Main Dish 20,mumbai,bandra,35,12442373,19.0217213,72.8371421
Restaurant 144,Mumbai,Goregaon,Appetizer / Main Course,Appetizer 17; Main Dish 3,2,278.9,Appetizer 17; Main Dish 3,mumbai,goregaon,47,12442373,19.1880619,72.8617361
Restaurant 144,Mumbai,Juhu,Appetizer / Dessert,Appetizer 3; Dessert 12,2,211.3,Appetizer 3; Dessert 12,mumbai,juhu,51,12442373,19.1289278,72.8516702
Restaurant 144,Mumbai,Powai,Appetizer,Appetizer 18,1,136.1,Appetizer 18,mumbai,powai,35,12442373,19.1459592,72.8866682
Restaurant 144,New Delhi,Connaught Place,Main Course,Main Dish 50; Main Dish 21,2,638.1,Main Dish 50; Main Dish 21,new delhi,connaught place,14,5000000,28.5958015,77.202341
Restaurant 144,New Delhi,Hauz Khas,Dessert,Dessert 14,1,139.2,Dessert 14,new delhi,hauz khas,33,5000000,28.560871,77.1655252
Restaurant 144,New Delhi,Karol Bagh,Dessert / Snack,Snack 13; Dessert 4,2,259.2,Snack 13; Dessert 4,new delhi,karol bagh,13,5000000,28.6686297,77.2271975
Restaurant 144,New Delhi,Rajouri Garden,Dessert,Dessert 5; Dessert 18,2,291.3,Dessert 5; Dessert 18,new delhi,rajouri garden,35,5000000,28.6872675,77.1084925
Restaurant 144,New Delhi,Saket,Dessert,Dessert 1,1,261.0,Dessert 1,new delhi,saket,55,5000000,28.4875217,77.1925916
Restaurant 144,Pune,Aundh,Appetizer / Main Course,Appetizer 4; Main Dish 38; Main Dish 20; Main Dish 15,4,390.0,Appetizer 4; Main Dish 38; Main Dish 20; Main Dish 15,pune,aundh,41,9429408,18.59198,73.8076989
Restaurant 144,Pune,Baner,Beverage,Beverage 5,1,195.0,Beverage 5,pune,baner,49,9429408,18.5328862,73.7914078
Restaurant 144,Pune,Hinjawadi,Dessert,Dessert 19,1,348.2,Dessert 19,pune,hinjawadi,13,9429408,18.6228498,73.7357183
Restaurant 144,Pune,Kothrud,Appetizer / Main Course,Appetizer 4; Main Dish 50,2,392.6,Appetizer 4; Main Dish 50,pune,kothrud,32,9429408,18.5010018,73.8401032
Restaurant 145,Bangalore,Indiranagar,Appetizer / Snack,Snack 4; Snack 10; Appetizer 5,3,103.8,Snack 4; Snack 10; Appetizer 5,bangalore,indiranagar,50,9621551,12.9373233,77.6234278
Restaurant 145,Bangalore,Jayanagar,Appetizer / Main Course,Appetizer 12; Main Dish 25; Appetizer 5; Main Dish 16,4,311.0,Appetizer 12; Main Dish 25; Appetizer 5; Main Dish 16,bangalore,jayanagar,40,9621551,12.9204066,77.5411649
Restaurant 145,Bangalore,Koramangala,Appetizer / Beverage / Dessert,Appetizer 12; Dessert 9; Dessert 17; Beverage 2,4,264.2,Appetizer 12; Dessert 9; Dessert 17; Beverage 2,bangalore,koramangala,26,9621551,12.9504465,77.6602005
Restaurant 145,Bangalore,Mg Road,Snack,Snack 13,1,96.2,Snack 13,bangalore,mg road,54,9621551,13.0143225,77.5948225
Restaurant 145,Bangalore,Whitefield,Beverage / Main Course / Snack,Beverage 12; Main Dish 2; Beverage 11; Main Dish 41; Snack 7,5,225.3,Beverage 12; Main Dish 2; Beverage 11; Main Dish 41; Snack 7,bangalore,whitefield,19,9621551,13.0308024,77.7828451
Restaurant 145,Chennai,Adyar,Appetizer / Beverage,Appetizer 18; Beverage 10; Beverage 12,3,175.2,Appetizer 18; Beverage 10; Beverage 12,chennai,adyar,32,4646732,13.0452461,80.2458114
Restaurant 145,Chennai,Anna Nagar,Appetizer / Main Course,Main Dish 12; Appetizer 12; Main Dish 15; Main Dish 17,4,412.9,Main Dish 12; Appetizer 12; Main Dish 15; Main Dish 17,chennai,anna nagar,50,4646732,13.1015229,80.1715202
Restaurant 145,Chennai,Nungambakkam,Main Course,Main Dish 18; Main Dish 14,2,582.1,Main Dish 18; Main Dish 14,chennai,nungambakkam,30,4646732,13.0767725,80.2766065
Restaurant 145,Chennai,T. Nagar,Appetizer / Main Course,Appetizer 7; Main Dish 41,2,381.3,Appetizer 7; Main Dish 41,chennai,t. nagar,34,4646732,13.0169017,80.2675573
Restaurant 145,Chennai,Velachery,Appetizer / Dessert / Main Course,Appetizer 11; Dessert 10; Dessert 6; Main Dish 24,4,309.4,Appetizer 11; Dessert 10; Dessert 6; Main Dish 24,chennai,velachery,22,4646732,12.9948754,80.2589701
Restaurant 145,Mumbai,Andheri,Dessert,Dessert 16,1,119.2,Dessert 16,mumbai,andheri,22,12442373,19.1134376,72.8808561
Restaurant 145,Mumbai,Bandra,Beverage / Main Course,Beverage 1; Main Dish 30,2,282.6,Beverage 1; Main Dish 30,mumbai,bandra,35,12442373,19.0822189,72.8195409
Restaurant 145,Mumbai,Goregaon,Beverage,Beverage 13,1,229.2,Beverage 13,mumbai,goregaon,47,12442373,19.1387613,72.8564338
Restaurant 145,Mumbai,Juhu,Dessert / Main Course,Dessert 10; Main Dish 33,2,427.0,Dessert 10; Main Dish 33,mumbai,juhu,51,12442373,19.0737636,72.8244493
Restaurant 145,Mumbai,Powai,Main Course,Main Dish 38,1,723.1,Main Dish 38,mumbai,powai,35,12442373,19.1124595,72.9417832
Restaurant 145,New Delhi,Connaught Place,Beverage,Beverage 6; Beverage 9,2,108.9,Beverage 6; Beverage 9,new delhi,connaught place,14,5000000,28.6705656,77.2074127
Restaurant 145,New Delhi,Hauz Khas,Beverage / Main Course / Snack,Snack 12; Main Dish 33; Main Dish 18; Beverage 16,4,385.3,Snack 12; Main Dish 33; Main Dish 18; Beverage 16,new delhi,hauz khas,33,5000000,28.562307,77.2374643
Restaurant 145,New Delhi,Karol Bagh,Main Course,Main Dish 16,1,697.5,Main Dish 16,new delhi,karol bagh,13,5000000,28.6179518,77.1740386
Restaurant 145,New Delhi,Rajouri Garden,Appetizer,Appetizer 8,1,239.7,Appetizer 8,new delhi,rajouri garden,35,5000000,28.6275442,77.1561815
Restaurant 145,Pune,Aundh,Appetizer / Main Course,Appetizer 12; Main Dish 5,2,424.1,Appetizer 12; Main Dish 5,pune,aundh,41,9429408,18.5408345,73.8329541
Restaurant 145,Pune,Hinjawadi,Dessert / Main Course,Main Dish 9; Dessert 18,2,336.4,Main Dish 9; Dessert 18,pune,hinjawadi,13,9429408,18.5717043,73.7609735
Restaurant 145,Pune,Kothrud,Appetizer / Beverage / Main Course,Beverage 20; Appetizer 1; Main Dish 11; Beverage 7,4,256.2,Beverage 20; Appetizer 1; Main Dish 11; Beverage 7,pune,kothrud,32,9429408,18.4881905,73.7753703
Restaurant 146,Bangalore,Indiranagar,Dessert / Main Course,Dessert 8; Main Dish 13,2,319.8,Dessert 8; Main Dish 13,bangalore,indiranagar,50,9621551,13.0120874,77.6284995
Restaurant 146,Bangalore,Jayanagar,Appetizer / Beverage / Main Course / Snack,Main Dish 48; Appetizer 15; Main Dish 36; Snack 7; Beverage 11,5,247.6,Main Dish 48; Appetizer 15; Main Dish 36; Snack 7; Beverage 11,bangalore,jayanagar,40,9621551,12.9643327,77.6073191
Restaurant 146,Bangalore,Koramangala,Main Course,Main Dish 42,1,750.3,Main Dish 42,bangalore,koramangala,26,9621551,12.8997686,77.6070416
Restaurant 146,Bangalore,Mg Road,Dessert / Main Course,Main Dish 17; Main Dish 4; Main Dish 41; Dessert 18,4,407.9,Main Dish 17; Main Dish 4; Main Dish 41; Dessert 18,bangalore,mg road,54,9621551,12.9545992,77.6425115
Restaurant 146,Bangalore,Whitefield,Dessert / Main Course,Main Dish 48; Dessert 4,2,325.8,Main Dish 48; Dessert 4,bangalore,whitefield,19,9621551,12.9522799,77.7633729
Restaurant 146,Chennai,Adyar,Appetizer / Beverage / Dessert,Appetizer 9; Dessert 9; Beverage 5,3,224.4,Appetizer 9; Dessert 9; Beverage 5,chennai,adyar,32,4646732,12.9855228,80.2935004
Restaurant 146,Chennai,Anna Nagar,Appetizer / Beverage,Beverage 9; Appetizer 5,2,133.7,Beverage 9; Appetizer 5,chennai,anna nagar,50,4646732,13.1029589,80.2434593
Restaurant 146,Chennai,Nungambakkam,Beverage / Main Course,Beverage 8; Main Dish 21,2,459.9,Beverage 8; Main Dish 21,chennai,nungambakkam,30,4646732,13.0260946,80.2234476
Restaurant 146,Chennai,T. Nagar,Dessert / Main Course,Dessert 14; Main Dish 38,2,310.6,Dessert 14; Main Dish 38,chennai,t. nagar,34,4646732,13.0289624,80.190578
Restaurant 146,Chennai,Velachery,Beverage / Main Course,Beverage 6; Main Dish 16; Beverage 4,3,323.6,Beverage 6; Main Dish 16; Beverage 4,chennai,velachery,22,4646732,12.9441975,80.2058112
Restaurant 146,Mumbai,Bandra,Appetizer / Dessert,Dessert 11; Appetizer 6,2,128.2,Dessert 11; Appetizer 6,mumbai,bandra,35,12442373,19.0487192,72.8746559
Restaurant 146,Mumbai,Goregaon,Beverage / Main Course,Beverage 16; Main Dish 33,2,404.6,Beverage 16; Main Dish 33,mumbai,goregaon,47,12442373,19.1799017,72.8261644
Restaurant 146,Mumbai,Juhu,Dessert / Main Course / Snack,Dessert 20; Main Dish 9; Snack 11,3,341.0,Dessert 20; Main Dish 9; Snack 11,mumbai,juhu,51,12442373,19.1342612,72.8068481
Restaurant 146,New Delhi,Connaught Place,Appetizer / Main Course,Appetizer 10; Appetizer 2; Main Dish 23,3,330.3,Appetizer 10; Appetizer 2; Main Dish 23,new delhi,connaught place,14,5000000,28.6108423,77.2551017
Restaurant 146,New Delhi,Hauz Khas,Beverage / Dessert,Dessert 7; Beverage 1,2,151.8,Dessert 7; Beverage 1,new delhi,hauz khas,33,5000000,28.5116291,77.1843054
Restaurant 146,New Delhi,Karol Bagh,Dessert / Main Course,Main Dish 43; Dessert 7; Main Dish 42,3,273.4,Main Dish 43; Dessert 7; Main Dish 42,new delhi,karol bagh,13,5000000,28.6927159,77.1791103
Restaurant 146,New Delhi,Saket,Appetizer / Main Course,Main Dish 40; Main Dish 48; Main Dish 23; Appetizer 17,4,468.5,Main Dish 40; Main Dish 48; Main Dish 23; Appetizer 17,new delhi,saket,55,5000000,28.5622858,77.1976633
Restaurant 146,Pune,Baner,Main Course,Main Dish 34,1,385.7,Main Dish 34,pune,baner,49,9429408,18.5740266,73.7611384
Restaurant 146,Pune,Hinjawadi,Appetizer / Snack,Snack 10; Appetizer 6,2,150.1,Snack 10; Appetizer 6,pune,hinjawadi,13,9429408,18.5929046,73.7064155
Restaurant 146,Pune,Kothrud,Appetizer,Appetizer 6,1,115.3,Appetizer 6,pune,kothrud,32,9429408,18.5425615,73.8153366
Restaurant 146,Pune,Viman Nagar,Appetizer / Main Course,Appetizer 16; Main Dish 45; Main Dish 36,3,271.3,Appetizer 16; Main Dish 45; Main Dish 36,pune,viman nagar,44,9429408,18.5442802,73.9202182
Restaurant 147,Bangalore,Indiranagar,Appetizer / Main Course / Snack,Main Dish 11; Snack 15; Appetizer 12,3,254.8,Main Dish 11; Snack 15; Appetizer 12,bangalore,indiranagar,50,9621551,12.9523641,77.6761885
Restaurant 147,Bangalore,Jayanagar,Appetizer / Dessert / Main Course,Appetizer 14; Appetizer 1; Dessert 7; Main Dish 9,4,372.9,Appetizer 14; Appetizer 1; Dessert 7; Main Dish 9,bangalore,jayanagar,40,9621551,12.8858102,77.5878469
Restaurant 147,Bangalore,Koramangala,Beverage / Main Course,Main Dish 30; Main Dish 6; Main Dish 17; Beverage 20; Main Dish 28,5,266.4,Main Dish 30; Main Dish 6; Main Dish 17; Beverage 20; Main Dish 28,bangalore,koramangala,26,9621551,12.9745327,77.6121133
Restaurant 147,Bangalore,Mg Road,Beverage,Beverage 6,1,248.7,Beverage 6,bangalore,mg road,54,9621551,12.9666599,77.5655322
Restaurant 147,Bangalore,Whitefield,Beverage / Main Course,Beverage 13; Main Dish 9,2,468.7,Beverage 13; Main Dish 9,bangalore,whitefield,19,9621551,13.0246455,77.7239813
Restaurant 147,Chennai,Anna Nagar,Appetizer / Main Course / Snack,Main Dish 21; Snack 8; Appetizer 5,3,226.4,Main Dish 21; Snack 8; Appetizer 5,chennai,anna nagar,50,4646732,13.052281,80.1903004
Restaurant 147,Chennai,Nungambakkam,Appetizer / Main Course,Main Dish 2; Appetizer 16,2,469.3,Main Dish 2; Appetizer 16,chennai,nungambakkam,30,4646732,13.1008587,80.2285193
Restaurant 147,Chennai,T. Nagar,Dessert,Dessert 2,1,139.8,Dessert 2,chennai,t. nagar,34,4646732,13.0728885,80.2567322
Restaurant 147,Chennai,Velachery,Appetizer,Appetizer 5,1,249.2,Appetizer 5,chennai,velachery,22,4646732,13.0189616,80.2108829
Restaurant 147,Mumbai,Andheri,Appetizer / Main Course / Snack,Appetizer 6; Main Dish 20; Snack 3,3,314.2,Appetizer 6; Main Dish 20; Snack 3,mumbai,andheri,22,12442373,19.1006263,72.8161232
Restaurant 147,Mumbai,Bandra,Main Course,Main Dish 44; Main Dish 18,2,375.9,Main Dish 44; Main Dish 18,mumbai,bandra,35,12442373,19.0359079,72.809923
Restaurant 147,Mumbai,Goregaon,Appetizer / Main Course,Main Dish 27; Main Dish 15; Appetizer 6; Appetizer 9,4,304.8,Main Dish 27; Main Dish 15; Appetizer 6; Appetizer 9,mumbai,goregaon,47,12442373,19.1697159,72.8777355
Restaurant 147,Mumbai,Juhu,Appetizer,Appetizer 9,1,170.8,Appetizer 9,mumbai,juhu,51,12442373,19.1007615,72.8619631
Restaurant 147,New Delhi,Connaught Place,Appetizer / Dessert / Main Course,Appetizer 9; Main Dish 40; Dessert 13; Appetizer 16,4,301.4,Appetizer 9; Main Dish 40; Dessert 13; Appetizer 16,new delhi,connaught place,14,5000000,28.622903,77.1781224
Restaurant 147,New Delhi,Hauz Khas,Main Course / Snack,Snack 7; Main Dish 25,2,462.7,Snack 7; Main Dish 25,new delhi,hauz khas,33,5000000,28.5863932,77.1893771
Restaurant 147,New Delhi,Rajouri Garden,Appetizer / Beverage / Main Course,Beverage 1; Appetizer 12; Main Dish 45; Beverage 2,4,146.6,Beverage 1; Appetizer 12; Main Dish 45; Beverage 2,new delhi,rajouri garden,35,5000000,28.6396049,77.0792022
Restaurant 147,New Delhi,Saket,Dessert,Dessert 19,1,339.7,Dessert 19,new delhi,saket,55,5000000,28.5025625,77.2453523
Restaurant 147,Pune,Aundh,Appetizer / Main Course / Snack,Appetizer 9; Snack 3; Main Dish 49; Main Dish 1,4,293.6,Appetizer 9; Snack 3; Main Dish 49; Main Dish 1,pune,aundh,41,9429408,18.5620348,73.7783961
Restaurant 147,Pune,Hinjawadi,Main Course,Main Dish 27; Main Dish 8; Main Dish 26,3,504.4,Main Dish 27; Main Dish 8; Main Dish 26,pune,hinjawadi,13,9429408,18.6146595,73.7623578
Restaurant 147,Pune,Viman Nagar,Appetizer / Dessert / Main Course,Appetizer 17; Main Dish 17; Dessert 14,3,379.5,Appetizer 17; Main Dish 17; Dessert 14,pune,viman nagar,44,9429408,18.5854206,73.8899488
Restaurant 148,Bangalore,Indiranagar,Dessert / Main Course,Dessert 20; Main Dish 9; Dessert 6,3,207.4,Dessert 20; Main Dish 9; Dessert 6,bangalore,indiranagar,50,9621551,12.9644248,77.5992092
Restaurant 148,Bangalore,Jayanagar,Appetizer / Main Course / Snack,Snack 2; Appetizer 1; Main Dish 33,3,153.0,Snack 2; Appetizer 1; Main Dish 33,bangalore,jayanagar,40,9621551,12.9581758,77.5484553
Restaurant 148,Bangalore,Mg Road,Dessert,Dessert 1,1,140.4,Dessert 1,bangalore,mg road,54,9621551,13.010586,77.6316864
Restaurant 148,Chennai,Anna Nagar,Appetizer / Dessert / Main Course,Appetizer 11; Main Dish 18; Dessert 6,3,260.7,Appetizer 11; Main Dish 18; Dessert 6,chennai,anna nagar,50,4646732,13.1270451,80.1953721
Restaurant 148,Chennai,Nungambakkam,Main Course,Main Dish 4; Main Dish 47,2,484.0,Main Dish 4; Main Dish 47,chennai,nungambakkam,30,4646732,13.0411354,80.2762083
Restaurant 148,Chennai,T. Nagar,Appetizer / Main Course / Snack,Appetizer 15; Snack 8; Main Dish 50,3,150.6,Appetizer 15; Snack 8; Main Dish 50,chennai,t. nagar,34,4646732,12.994366,80.23726
Restaurant 148,Chennai,Velachery,Main Course,Main Dish 34,1,167.0,Main Dish 34,chennai,velachery,22,4646732,12.9592383,80.2585719
Restaurant 148,Mumbai,Andheri,Appetizer,Appetizer 11,1,143.2,Appetizer 11,mumbai,andheri,22,12442373,19.1549973,72.8560895
Restaurant 148,Mumbai,Bandra,Appetizer,Appetizer 14,1,217.9,Appetizer 14,mumbai,bandra,35,12442373,19.0902789,72.8498893
Restaurant 148,Mumbai,Goregaon,Dessert,Dessert 11; Dessert 14,2,209.0,Dessert 11; Dessert 14,mumbai,goregaon,47,12442373,19.1416226,72.83155
Restaurant 148,Mumbai,Juhu,Dessert / Main Course,Dessert 2; Main Dish 50,2,412.4,Dessert 2; Main Dish 50,mumbai,juhu,51,12442373,19.0879502,72.7972302
Restaurant 148,Mumbai,Powai,Dessert / Main Course,Main Dish 40; Dessert 5; Dessert 7,3,184.2,Main Dish 40; Dessert 5; Dessert 7,mumbai,powai,35,12442373,19.0996482,72.8770503
Restaurant 148,New Delhi,Connaught Place,Snack,Snack 14,1,56.3,Snack 14,new delhi,connaught place,14,5000000,28.6668291,77.2442766
Restaurant 148,New Delhi,Hauz Khas,Snack,Snack 11,1,137.2,Snack 11,new delhi,hauz khas,33,5000000,28.5266699,77.2370661
Restaurant 148,New Delhi,Karol Bagh,Beverage / Dessert / Main Course,Beverage 7; Dessert 18; Main Dish 22; Main Dish 50,4,274.8,Beverage 7; Dessert 18; Main Dish 22; Main Dish 50,new delhi,karol bagh,13,5000000,28.6329926,77.2267993
Restaurant 148,New Delhi,Rajouri Garden,Snack,Snack 9,1,128.5,Snack 9,new delhi,rajouri garden,35,5000000,28.683531,77.1453564
Restaurant 148,New Delhi,Saket,Appetizer / Dessert / Main Course,Dessert 5; Appetizer 16; Main Dish 12; Dessert 19,4,329.7,Dessert 5; Appetizer 16; Main Dish 12; Dessert 19,new delhi,saket,55,5000000,28.5146232,77.168373
Restaurant 148,Pune,Baner,Main Course,Main Dish 35; Main Dish 22,2,531.3,Main Dish 35; Main Dish 22,pune,baner,49,9429408,18.5638408,73.8127095
Restaurant 148,Pune,Hinjawadi,Beverage / Main Course,Beverage 8; Main Dish 34,2,406.2,Beverage 8; Main Dish 34,pune,hinjawadi,13,9429408,18.5594953,73.7351369
Restaurant 148,Pune,Kothrud,Appetizer / Beverage / Dessert,Beverage 9; Dessert 9; Appetizer 19,3,213.1,Beverage 9; Dessert 9; Appetizer 19,pune,kothrud,32,9429408,18.4739899,73.822748
Restaurant 148,Pune,Viman Nagar,Appetizer / Main Course,Main Dish 2; Appetizer 2,2,277.4,Main Dish 2; Appetizer 2,pune,viman nagar,44,9429408,18.5752348,73.9415199
Restaurant 149,Bangalore,Indiranagar,Appetizer / Beverage / Dessert / Main Course,Main Dish 46; Appetizer 8; Dessert 3; Beverage 5,4,220.0,Main Dish 46; Appetizer 8; Dessert 3; Beverage 5,bangalore,indiranagar,50,9621551,13.0083509,77.6653634
Restaurant 149,Bangalore,Jayanagar,Beverage / Dessert / Main Course,Beverage 13; Beverage 12; Main Dish 30; Dessert 8; Dessert 11; Main Dish 34; Main Dish 48,7,322.9,Beverage 13; Beverage 12; Main Dish 30; Dessert 8; Dessert 11; Main Dish 34; Main Dish 48,bangalore,jayanagar,40,9621551,12.9309354,77.6277925
Restaurant 149,Bangalore,Koramangala,Beverage / Main Course,Beverage 16; Beverage 2; Beverage 12; Main Dish 42,4,293.9,Beverage 16; Beverage 2; Beverage 12; Main Dish 42,bangalore,koramangala,26,9621551,12.9148094,77.6598023
Restaurant 149,Bangalore,Mg Road,Appetizer / Beverage / Main Course,Appetizer 14; Beverage 9; Main Dish 18,3,194.7,Appetizer 14; Beverage 9; Main Dish 18,bangalore,mg road,54,9621551,12.9320635,77.6122142
Restaurant 149,Bangalore,Whitefield,Appetizer / Main Course,Main Dish 13; Main Dish 4; Appetizer 18,3,273.0,Main Dish 13; Main Dish 4; Appetizer 18,bangalore,whitefield,19,9621551,12.9974051,77.8033185
Restaurant 149,Chennai,Adyar,Beverage / Dessert,Dessert 1; Beverage 11; Dessert 4,3,301.2,Dessert 1; Beverage 11; Dessert 4,chennai,adyar,32,4646732,12.9975835,80.2165211
Restaurant 149,Chennai,Nungambakkam,Beverage,Beverage 3,1,147.0,Beverage 3,chennai,nungambakkam,30,4646732,13.0531961,80.199229
Restaurant 149,Chennai,T. Nagar,Appetizer / Beverage,Appetizer 15; Beverage 10; Appetizer 14,3,122.6,Appetizer 15; Beverage 10; Appetizer 14,chennai,t. nagar,34,4646732,13.0667316,80.1978684
Restaurant 149,Chennai,Velachery,Main Course / Snack,Main Dish 31; Snack 9,2,395.3,Main Dish 31; Snack 9,chennai,velachery,22,4646732,12.971299,80.1815926
Restaurant 149,Mumbai,Andheri,Beverage / Snack,Snack 4; Beverage 17,2,181.7,Snack 4; Beverage 17,mumbai,andheri,22,12442373,19.0864257,72.8635009
Restaurant 149,Mumbai,Bandra,Appetizer,Appetizer 14,1,90.8,Appetizer 14,mumbai,bandra,35,12442373,19.0217073,72.8573007
Restaurant 149,Mumbai,Juhu,Beverage / Dessert,Beverage 12; Dessert 15,2,145.5,Beverage 12; Dessert 15,mumbai,juhu,51,12442373,19.1423212,72.8371965
Restaurant 149,Mumbai,Powai,Dessert / Main Course,Dessert 18; Main Dish 15,2,232.5,Dessert 18; Main Dish 15,mumbai,powai,35,12442373,19.1540192,72.9170166
Restaurant 149,New Delhi,Connaught Place,Main Course,Main Dish 46; Main Dish 25,2,545.2,Main Dish 46; Main Dish 25,new delhi,connaught place,14,5000000,28.5883066,77.2248044
Restaurant 149,New Delhi,Hauz Khas,Beverage / Dessert,Beverage 12; Dessert 15; Beverage 4,3,172.8,Beverage 12; Dessert 15; Beverage 4,new delhi,hauz khas,33,5000000,28.5387306,77.1600868
Restaurant 149,New Delhi,Karol Bagh,Beverage / Dessert / Main Course,Dessert 11; Main Dish 46; Beverage 12,3,217.6,Dessert 11; Main Dish 46; Beverage 12,new delhi,karol bagh,13,5000000,28.6450533,77.14982
Restaurant 149,New Delhi,Rajouri Garden,Dessert,Dessert 6; Dessert 13,2,108.5,Dessert 6; Dessert 13,new delhi,rajouri garden,35,5000000,28.6050085,77.1258842
Restaurant 149,New Delhi,Saket,Beverage / Dessert / Main Course / Snack,Snack 9; Main Dish 24; Main Dish 4; Beverage 13; Dessert 3,5,210.2,Snack 9; Main Dish 24; Main Dish 4; Beverage 13; Dessert 3,new delhi,saket,55,5000000,28.5585493,77.2345272
Restaurant 149,Pune,Aundh,Appetizer / Beverage,Appetizer 18; Beverage 15,2,53.7,Appetizer 18; Beverage 15,pune,aundh,41,9429408,18.5837897,73.8343384
Restaurant 149,Pune,Baner,Beverage / Dessert,Beverage 3; Dessert 13; Dessert 17,3,240.5,Beverage 3; Dessert 13; Dessert 17,pune,baner,49,9429408,18.5357475,73.766524
Restaurant 149,Pune,Kothrud,Main Course,Main Dish 48,1,562.0,Main Dish 48,pune,kothrud,32,9429408,18.5205357,73.769848
Restaurant 149,Pune,Viman Nagar,Appetizer / Beverage / Main Course,Main Dish 13; Appetizer 6; Beverage 7,3,285.4,Main Dish 13; Appetizer 6; Beverage 7,pune,viman nagar,44,9429408,18.5471415,73.8953344
Restaurant 15,Bangalore,Indiranagar,Appetizer / Dessert / Main Course,Dessert 20; Main Dish 4; Appetizer 13,3,403.2,Dessert 20; Main Dish 4; Appetizer 13,bangalore,indiranagar,50,9621551,12.9298284,77.6458912
Restaurant 15,Bangalore,Jayanagar,Appetizer / Beverage / Main Course,Main Dish 39; Appetizer 12; Beverage 1; Appetizer 4; Beverage 7,5,200.5,Main Dish 39; Appetizer 12; Beverage 1; Appetizer 4; Beverage 7,bangalore,jayanagar,40,9621551,12.8968389,77.5495221
Restaurant 15,Bangalore,Koramangala,Appetizer / Beverage / Dessert,Beverage 20; Dessert 14; Appetizer 18; Appetizer 7,4,176.5,Beverage 20; Dessert 14; Appetizer 18; Appetizer 7,bangalore,koramangala,26,9621551,12.9268701,77.582823
Restaurant 15,Bangalore,Mg Road,Beverage,Beverage 19,1,265.2,Beverage 19,bangalore,mg road,54,9621551,13.0044291,77.5728226
Restaurant 15,Bangalore,Whitefield,Main Course,Main Dish 25; Main Dish 31,2,339.9,Main Dish 25; Main Dish 31,bangalore,whitefield,19,9621551,12.9633086,77.7250481
Restaurant 15,Chennai,Adyar,Appetizer / Beverage / Main Course,Main Dish 6; Appetizer 1; Beverage 7,3,290.8,Main Dish 6; Appetizer 1; Beverage 7,chennai,adyar,32,4646732,13.0415096,80.2826753
Restaurant 15,Chennai,Anna Nagar,Dessert / Main Course / Snack,Main Dish 40; Main Dish 49; Snack 4; Main Dish 9; Dessert 7,5,292.9,Main Dish 40; Main Dish 49; Snack 4; Main Dish 9; Dessert 7,chennai,anna nagar,50,4646732,13.0673218,80.2430611
Restaurant 15,Chennai,Nungambakkam,Beverage / Dessert / Main Course,Beverage 4; Main Dish 19; Beverage 1; Dessert 13,4,197.2,Beverage 4; Main Dish 19; Beverage 1; Dessert 13,chennai,nungambakkam,30,4646732,13.0971222,80.2653832
Restaurant 15,Chennai,T. Nagar,Appetizer / Dessert / Main Course,Appetizer 1; Main Dish 35; Dessert 6,3,213.9,Appetizer 1; Main Dish 35; Dessert 6,chennai,t. nagar,34,4646732,13.0394912,80.2772056
Restaurant 15,Chennai,Velachery,Appetizer / Beverage / Dessert / Main Course,Dessert 17; Beverage 6; Main Dish 9; Beverage 7; Appetizer 12; Appetizer 19,6,206.1,Dessert 17; Beverage 6; Main Dish 9; Beverage 7; Appetizer 12; Appetizer 19,chennai,velachery,22,4646732,13.0152251,80.2477468
Restaurant 15,Mumbai,Andheri,Appetizer / Main Course,Appetizer 7; Main Dish 24,2,390.0,Appetizer 7; Main Dish 24,mumbai,andheri,22,12442373,19.1329715,72.8106009
Restaurant 15,Mumbai,Powai,Beverage / Dessert,Dessert 10; Beverage 3,2,197.6,Dessert 10; Beverage 3,mumbai,powai,35,12442373,19.0854476,72.924428
Restaurant 15,New Delhi,Connaught Place,Dessert / Main Course / Snack,Snack 4; Dessert 19; Main Dish 15,3,339.1,Snack 4; Dessert 19; Main Dish 15,new delhi,connaught place,14,5000000,28.6606722,77.1854128
Restaurant 15,New Delhi,Hauz Khas,Appetizer / Beverage / Main Course,Beverage 6; Appetizer 3; Beverage 2; Beverage 12; Main Dish 1,5,220.8,Beverage 6; Appetizer 3; Beverage 2; Beverage 12; Main Dish 1,new delhi,hauz khas,33,5000000,28.5826567,77.226241
Restaurant 15,New Delhi,Karol Bagh,Main Course / Snack,Main Dish 49; Snack 10; Main Dish 5,3,335.0,Main Dish 49; Snack 10; Main Dish 5,new delhi,karol bagh,13,5000000,28.6889794,77.2159742
Restaurant 15,New Delhi,Rajouri Garden,Snack,Snack 13; Snack 11,2,158.0,Snack 13; Snack 11,new delhi,rajouri garden,35,5000000,28.6773741,77.0864926
Restaurant 15,New Delhi,Saket,Appetizer / Main Course / Snack,Snack 3; Main Dish 35; Appetizer 19,3,368.4,Snack 3; Main Dish 35; Appetizer 19,new delhi,saket,55,5000000,28.4800268,77.215055
Restaurant 15,Pune,Aundh,Appetizer,Appetizer 10,1,179.3,Appetizer 10,pune,aundh,41,9429408,18.5286255,73.8071175
Restaurant 15,Pune,Baner,Beverage,Beverage 15; Beverage 5,2,79.6,Beverage 15; Beverage 5,pune,baner,49,9429408,18.5890903,73.7820264
Restaurant 15,Pune,Hinjawadi,Beverage,Beverage 16,1,148.1,Beverage 16,pune,hinjawadi,13,9429408,18.6199929,73.7175357
Restaurant 15,Pune,Kothrud,Beverage / Main Course,Beverage 1; Main Dish 26; Main Dish 5,3,138.7,Beverage 1; Main Dish 26; Main Dish 5,pune,kothrud,32,9429408,18.5219717,73.8417871
Restaurant 15,Pune,Viman Nagar,Appetizer / Dessert / Main Course,Appetizer 4; Main Dish 47; Dessert 10; Appetizer 11,4,200.3,Appetizer 4; Main Dish 47; Dessert 10; Appetizer 11,pune,viman nagar,44,9429408,18.6004843,73.9108368
Restaurant 150,Bangalore,Indiranagar,Main Course,Main Dish 43,1,690.2,Main Dish 43,bangalore,indiranagar,50,9621551,13.002194,77.6064996
Restaurant 150,Bangalore,Jayanagar,Appetizer / Main Course,Main Dish 34; Appetizer 14,2,161.1,Main Dish 34; Appetizer 14,bangalore,jayanagar,40,9621551,12.9762122,77.5848146
Restaurant 150,Bangalore,Whitefield,Main Course,Main Dish 34; Main Dish 37,2,462.6,Main Dish 34; Main Dish 37,bangalore,whitefield,19,9621551,13.0426819,77.7603406
Restaurant 150,Chennai,Adyar,Appetizer / Beverage,Beverage 16; Appetizer 7,2,118.4,Beverage 16; Appetizer 7,chennai,adyar,32,4646732,12.9629871,80.2632031
Restaurant 150,Chennai,Anna Nagar,Snack,Snack 10,1,121.3,Snack 10,chennai,anna nagar,50,4646732,13.0793825,80.1660818
Restaurant 150,Chennai,Nungambakkam,Dessert / Main Course / Snack,Main Dish 3; Main Dish 44; Dessert 6; Main Dish 20; Snack 10,5,403.1,Main Dish 3; Main Dish 44; Dessert 6; Main Dish 20; Snack 10,chennai,nungambakkam,30,4646732,13.0185997,80.245911
Restaurant 150,Chennai,T. Nagar,Beverage / Dessert / Main Course,Beverage 11; Dessert 6; Main Dish 27; Beverage 2,4,314.1,Beverage 11; Dessert 6; Main Dish 27; Beverage 2,chennai,t. nagar,34,4646732,13.0053947,80.1989352
Restaurant 150,Chennai,Velachery,Beverage,Beverage 13,1,132.7,Beverage 13,chennai,velachery,22,4646732,12.9367026,80.2282746
Restaurant 150,Mumbai,Bandra,Main Course,Main Dish 45,1,243.1,Main Dish 45,mumbai,bandra,35,12442373,19.0682531,72.8044007
Restaurant 150,Mumbai,Goregaon,Main Course,Main Dish 50; Main Dish 36; Main Dish 6,3,603.6,Main Dish 50; Main Dish 36; Main Dish 6,mumbai,goregaon,47,12442373,19.1949654,72.8470524
Restaurant 150,Mumbai,Juhu,Snack,Snack 13,1,118.9,Snack 13,mumbai,juhu,51,12442373,19.0737496,72.8446079
Restaurant 150,Mumbai,Powai,Appetizer,Appetizer 7,1,113.4,Appetizer 7,mumbai,powai,35,12442373,19.1319934,72.871528
Restaurant 150,New Delhi,Connaught Place,Main Course,Main Dish 41; Main Dish 27,2,545.5,Main Dish 41; Main Dish 27,new delhi,connaught place,14,5000000,28.6334318,77.26475
Restaurant 150,New Delhi,Hauz Khas,Snack,Snack 2; Snack 11,2,148.0,Snack 2; Snack 11,new delhi,hauz khas,33,5000000,28.5041342,77.2067688
Restaurant 150,New Delhi,Karol Bagh,Beverage / Dessert,Beverage 17; Dessert 13,2,273.2,Beverage 17; Dessert 13,new delhi,karol bagh,13,5000000,28.6104569,77.196502
Restaurant 150,New Delhi,Rajouri Garden,Main Course,Main Dish 18; Main Dish 43,2,625.3,Main Dish 18; Main Dish 43,new delhi,rajouri garden,35,5000000,28.6501337,77.1658298
Restaurant 150,New Delhi,Saket,Appetizer,Appetizer 14,1,169.6,Appetizer 14,new delhi,saket,55,5000000,28.5523924,77.1756634
Restaurant 150,Pune,Aundh,Main Course,Main Dish 13,1,749.6,Main Dish 13,pune,aundh,41,9429408,18.5891231,73.7895163
Restaurant 150,Pune,Baner,Dessert,Dessert 10,1,178.8,Dessert 10,pune,baner,49,9429408,18.5379448,73.8072816
Restaurant 150,Pune,Hinjawadi,Appetizer,Appetizer 16,1,66.0,Appetizer 16,pune,hinjawadi,13,9429408,18.5864932,73.7726507
Restaurant 150,Pune,Kothrud,Beverage / Main Course,Beverage 10; Main Dish 16,2,234.2,Beverage 10; Main Dish 16,pune,kothrud,32,9429408,18.4712938,73.7886282
Restaurant 150,Pune,Viman Nagar,Dessert / Snack,Snack 3; Dessert 11,2,135.2,Snack 3; Dessert 11,pune,viman nagar,44,9429408,18.5493388,73.936092
Restaurant 151,Bangalore,Indiranagar,Appetizer / Beverage,Beverage 20; Appetizer 8,2,139.9,Beverage 20; Appetizer 8,bangalore,indiranagar,50,9621551,12.9749536,77.6858368
Restaurant 151,Bangalore,Jayanagar,Beverage,Beverage 1,1,148.5,Beverage 1,bangalore,jayanagar,40,9621551,12.8924296,77.6128761
Restaurant 151,Bangalore,Koramangala,Appetizer / Main Course,Appetizer 5; Main Dish 12; Main Dish 11; Appetizer 1; Appetizer 19,5,221.9,Appetizer 5; Main Dish 12; Main Dish 11; Appetizer 1; Appetizer 19,bangalore,koramangala,26,9621551,12.9707962,77.6489772
Restaurant 151,Bangalore,Whitefield,Main Course / Snack,Main Dish 7; Snack 7,2,188.7,Main Dish 7; Snack 7,bangalore,whitefield,19,9621551,12.9588993,77.7884021
Restaurant 151,Chennai,Adyar,Beverage / Dessert,Dessert 16; Beverage 15,2,232.0,Dessert 16; Beverage 15,chennai,adyar,32,4646732,13.0353527,80.2238115
Restaurant 151,Chennai,Anna Nagar,Beverage / Main Course,Beverage 10; Main Dish 50,2,389.3,Beverage 10; Main Dish 50,chennai,anna nagar,50,4646732,13.1233086,80.232236
Restaurant 151,Chennai,T. Nagar,Main Course,Main Dish 29,1,417.8,Main Dish 29,chennai,t. nagar,34,4646732,13.084768,80.2342277
Restaurant 151,Mumbai,Andheri,Beverage / Snack,Snack 4; Beverage 11,2,110.7,Snack 4; Beverage 11,mumbai,andheri,22,12442373,19.1344075,72.88254
Restaurant 151,Mumbai,Juhu,Main Course,Main Dish 14,1,730.5,Main Dish 14,mumbai,juhu,51,12442373,19.1202954,72.7917079
Restaurant 151,New Delhi,Connaught Place,Appetizer / Dessert / Main Course,Appetizer 6; Main Dish 11; Dessert 13,3,254.8,Appetizer 6; Main Dish 11; Dessert 13,new delhi,connaught place,14,5000000,28.5993353,77.1864796
Restaurant 151,New Delhi,Hauz Khas,Beverage,Beverage 1,1,244.3,Beverage 1,new delhi,hauz khas,33,5000000,28.5764998,77.1673772
Restaurant 151,New Delhi,Karol Bagh,Dessert / Main Course,Main Dish 21; Main Dish 48; Dessert 6,3,416.0,Main Dish 21; Main Dish 48; Dessert 6,new delhi,karol bagh,13,5000000,28.6828225,77.1571104
Restaurant 151,New Delhi,Rajouri Garden,Appetizer / Dessert / Main Course,Main Dish 7; Appetizer 1; Main Dish 20; Dessert 13,4,363.1,Main Dish 7; Appetizer 1; Main Dish 20; Dessert 13,new delhi,rajouri garden,35,5000000,28.6160372,77.0875594
Restaurant 151,New Delhi,Saket,Dessert / Main Course,Main Dish 22; Dessert 7,2,434.0,Main Dish 22; Dessert 7,new delhi,saket,55,5000000,28.525152,77.2550006
Restaurant 151,Pune,Aundh,Beverage / Dessert / Main Course,Main Dish 39; Dessert 8; Beverage 10,3,203.3,Main Dish 39; Dessert 8; Beverage 10,pune,aundh,41,9429408,18.5556234,73.8446313
Restaurant 151,Pune,Baner,Dessert / Main Course,Main Dish 44; Dessert 8,2,297.1,Main Dish 44; Dessert 8,pune,baner,49,9429408,18.5591451,73.7527236
Restaurant 151,Pune,Hinjawadi,Beverage,Beverage 12,1,186.1,Beverage 12,pune,hinjawadi,13,9429408,18.5736819,73.7079178
Restaurant 151,Pune,Kothrud,Main Course,Main Dish 36,1,769.3,Main Dish 36,pune,kothrud,32,9429408,18.5460579,73.7936999
Restaurant 151,Pune,Viman Nagar,Main Course,Main Dish 23,1,533.6,Main Dish 23,pune,viman nagar,44,9429408,18.5705391,73.881534
Restaurant 152,Bangalore,Jayanagar,Appetizer / Dessert / Main Course,Appetizer 1; Appetizer 13; Appetizer 10; Main Dish 27; Dessert 6,5,217.0,Appetizer 1; Appetizer 13; Appetizer 10; Main Dish 27; Dessert 6,bangalore,jayanagar,40,9621551,12.9359798,77.5342879
Restaurant 152,Bangalore,Koramangala,Dessert / Snack,Dessert 2; Snack 6,2,207.9,Dessert 2; Snack 6,bangalore,koramangala,26,9621551,12.8922737,77.629505
Restaurant 152,Bangalore,Mg Road,Appetizer,Appetizer 20,1,205.7,Appetizer 20,bangalore,mg road,54,9621551,12.9771887,77.6521598
Restaurant 152,Bangalore,Whitefield,Appetizer / Dessert / Main Course,Appetizer 5; Main Dish 3; Dessert 3; Main Dish 27,4,258.3,Appetizer 5; Main Dish 3; Dessert 3; Main Dish 27,bangalore,whitefield,19,9621551,13.0024495,77.7098139
Restaurant 152,Chennai,Adyar,Appetizer / Dessert,Dessert 13; Appetizer 10,2,155.9,Dessert 13; Appetizer 10,chennai,adyar,32,4646732,13.0081123,80.3031487
Restaurant 152,Chennai,Anna Nagar,Beverage / Dessert / Main Course,Main Dish 32; Beverage 13; Dessert 3; Beverage 18,4,301.2,Main Dish 32; Beverage 13; Dessert 3; Beverage 18,chennai,anna nagar,50,4646732,13.0447861,80.2127638
Restaurant 152,Chennai,T. Nagar,Beverage / Main Course,Main Dish 50; Main Dish 7; Beverage 2,3,289.8,Main Dish 50; Main Dish 7; Beverage 2,chennai,t. nagar,34,4646732,13.0009854,80.2622892
Restaurant 152,Chennai,Velachery,Appetizer / Dessert,Dessert 16; Dessert 4; Appetizer 3,3,281.1,Dessert 16; Dessert 4; Appetizer 3,chennai,velachery,22,4646732,13.0090682,80.188883
Restaurant 152,Mumbai,Andheri,Main Course,Main Dish 13,1,350.4,Main Dish 13,mumbai,andheri,22,12442373,19.0837296,72.8293811
Restaurant 152,Mumbai,Bandra,Beverage / Dessert / Main Course / Snack,Main Dish 36; Dessert 10; Beverage 10; Snack 8,4,1231.0,Main Dish 36; Dessert 10; Beverage 10; Snack 8,mumbai,bandra,35,12442373,19.0696891,72.8763398
Restaurant 152,Mumbai,Juhu,Appetizer,Appetizer 2,1,240.7,Appetizer 2,mumbai,juhu,51,12442373,19.1217314,72.863647
Restaurant 152,Mumbai,Powai,Main Course,Main Dish 26,1,660.6,Main Dish 26,mumbai,powai,35,12442373,19.1334294,72.9434671
Restaurant 152,New Delhi,Connaught Place,Appetizer / Beverage / Dessert,Dessert 12; Appetizer 9; Beverage 17; Appetizer 7,4,204.6,Dessert 12; Appetizer 9; Beverage 17; Appetizer 7,new delhi,connaught place,14,5000000,28.6787086,77.2217721
Restaurant 152,New Delhi,Hauz Khas,Main Course,Main Dish 12; Main Dish 33,2,538.5,Main Dish 12; Main Dish 33,new delhi,hauz khas,33,5000000,28.5492594,77.2467144
Restaurant 152,New Delhi,Karol Bagh,Appetizer / Beverage / Dessert / Main Course,Dessert 3; Beverage 17; Appetizer 14; Appetizer 11; Main Dish 10; Main Dish 27,6,324.4,Dessert 3; Beverage 17; Appetizer 14; Appetizer 11; Main Dish 10; Main Dish 27,new delhi,karol bagh,13,5000000,28.6555821,77.2364476
Restaurant 152,New Delhi,Rajouri Garden,Beverage / Dessert / Main Course,Main Dish 4; Main Dish 40; Dessert 19; Beverage 2,4,313.9,Main Dish 4; Main Dish 40; Dessert 19; Beverage 2,new delhi,rajouri garden,35,5000000,28.6954105,77.1228519
Restaurant 152,New Delhi,Saket,Main Course,Main Dish 15; Main Dish 36,2,674.2,Main Dish 15; Main Dish 36,new delhi,saket,55,5000000,28.4910555,77.1767302
Restaurant 152,Pune,Aundh,Appetizer,Appetizer 2,1,226.9,Appetizer 2,pune,aundh,41,9429408,18.5428121,73.7798984
Restaurant 152,Pune,Hinjawadi,Main Course,Main Dish 7; Main Dish 18,2,588.6,Main Dish 7; Main Dish 18,pune,hinjawadi,13,9429408,18.6280529,73.7478841
Restaurant 152,Pune,Viman Nagar,Appetizer,Appetizer 1,1,215.0,Appetizer 1,pune,viman nagar,44,9429408,18.592294,73.9374763
Restaurant 153,Bangalore,Indiranagar,Appetizer / Main Course,Appetizer 5; Main Dish 11,2,205.7,Appetizer 5; Main Dish 11,bangalore,indiranagar,50,9621551,12.9408571,77.6075664
Restaurant 153,Bangalore,Koramangala,Appetizer / Dessert,Appetizer 16; Appetizer 15; Dessert 2; Dessert 17,4,211.5,Appetizer 16; Appetizer 15; Dessert 2; Dessert 17,bangalore,koramangala,26,9621551,12.9646393,77.5901134
Restaurant 153,Chennai,Adyar,Dessert,Dessert 17; Dessert 4,2,180.5,Dessert 17; Dessert 4,chennai,adyar,32,4646732,12.9740158,80.2248783
Restaurant 153,Chennai,Anna Nagar,Beverage / Dessert / Snack,Snack 4; Dessert 4; Beverage 15; Snack 6,4,208.7,Snack 4; Dessert 4; Beverage 15; Snack 6,chennai,anna nagar,50,4646732,13.1171517,80.1733722
Restaurant 153,Chennai,Nungambakkam,Main Course,Main Dish 2; Main Dish 18,2,718.5,Main Dish 2; Main Dish 18,chennai,nungambakkam,30,4646732,13.0909653,80.2065194
Restaurant 153,Chennai,Velachery,Dessert / Main Course,Main Dish 12; Main Dish 50; Dessert 1,3,375.7,Main Dish 12; Main Dish 50; Dessert 1,chennai,velachery,22,4646732,12.9818278,80.2682202
Restaurant 153,Mumbai,Andheri,Dessert / Snack,Snack 11; Dessert 19,2,183.7,Snack 11; Dessert 19,mumbai,andheri,22,12442373,19.1584937,72.8344528
Restaurant 153,Mumbai,Goregaon,Appetizer,Appetizer 12,1,244.4,Appetizer 12,mumbai,goregaon,47,12442373,19.1438199,72.8723076
Restaurant 153,New Delhi,Connaught Place,Main Course,Main Dish 26,1,377.6,Main Dish 26,new delhi,connaught place,14,5000000,28.594926,77.2498336
Restaurant 153,New Delhi,Hauz Khas,Main Course,Main Dish 21; Main Dish 24,2,516.7,Main Dish 21; Main Dish 24,new delhi,hauz khas,33,5000000,28.5151629,77.168444
Restaurant 153,New Delhi,Karol Bagh,Beverage / Main Course,Main Dish 18; Beverage 2,2,117.5,Main Dish 18; Beverage 2,new delhi,karol bagh,13,5000000,28.6214856,77.1581772
Restaurant 153,New Delhi,Rajouri Garden,Main Course,Main Dish 15,1,291.1,Main Dish 15,new delhi,rajouri garden,35,5000000,28.6116279,77.1509134
Restaurant 153,New Delhi,Saket,Appetizer / Beverage / Dessert,Dessert 15; Appetizer 12; Beverage 8,3,206.3,Dessert 15; Appetizer 12; Beverage 8,new delhi,saket,55,5000000,28.5704288,77.2120227
Restaurant 153,Pune,Aundh,Main Course,Main Dish 24; Main Dish 7; Main Dish 4,3,508.3,Main Dish 24; Main Dish 7; Main Dish 4,pune,aundh,41,9429408,18.5971831,73.8198647
Restaurant 153,Pune,Hinjawadi,Dessert / Main Course,Main Dish 10; Dessert 15; Main Dish 28,3,380.8,Main Dish 10; Dessert 15; Main Dish 28,pune,hinjawadi,13,9429408,18.5594813,73.7552955
Restaurant 153,Pune,Viman Nagar,Main Course,Main Dish 4,1,247.7,Main Dish 4,pune,viman nagar,44,9429408,18.5371298,73.9102554
Restaurant 154,Bangalore,Indiranagar,Appetizer / Dessert / Main Course,Appetizer 9; Main Dish 43; Dessert 11; Dessert 5,4,215.5,Appetizer 9; Main Dish 43; Dessert 11; Dessert 5,bangalore,indiranagar,50,9621551,13.0202304,77.6428589
Restaurant 154,Bangalore,Jayanagar,Main Course,Main Dish 28,1,553.6,Main Dish 28,bangalore,jayanagar,40,9621551,12.9572965,77.6231052
Restaurant 154,Bangalore,Koramangala,Appetizer / Dessert / Main Course,Dessert 11; Main Dish 5; Main Dish 27; Main Dish 50; Appetizer 5,5,429.0,Dessert 11; Main Dish 5; Main Dish 27; Main Dish 50; Appetizer 5,bangalore,koramangala,26,9621551,12.9373989,77.6694506
Restaurant 154,Bangalore,Mg Road,Beverage / Dessert,Dessert 10; Beverage 9,2,91.9,Dessert 10; Beverage 9,bangalore,mg road,54,9621551,12.9430922,77.5738894
Restaurant 154,Bangalore,Whitefield,Appetizer / Snack,Appetizer 17; Snack 3,2,136.2,Appetizer 17; Snack 3,bangalore,whitefield,19,9621551,13.0237662,77.7986312
Restaurant 154,Chennai,Adyar,Main Course,Main Dish 38; Main Dish 47; Main Dish 27,3,244.8,Main Dish 38; Main Dish 47; Main Dish 27,chennai,adyar,32,4646732,13.0533891,80.2601708
Restaurant 154,Chennai,Anna Nagar,Appetizer / Main Course,Main Dish 5; Main Dish 21; Main Dish 17; Appetizer 17,4,490.9,Main Dish 5; Main Dish 21; Main Dish 17; Appetizer 17,chennai,anna nagar,50,4646732,13.0899113,80.2527094
Restaurant 154,Chennai,Nungambakkam,Main Course,Main Dish 14; Main Dish 50,2,398.6,Main Dish 14; Main Dish 50,chennai,nungambakkam,30,4646732,13.0637249,80.2858566
Restaurant 154,Chennai,T. Nagar,Appetizer / Dessert / Main Course,Dessert 3; Dessert 14; Main Dish 40; Appetizer 12,4,365.2,Dessert 3; Dessert 14; Main Dish 40; Appetizer 12,chennai,t. nagar,34,4646732,13.0445356,80.183701
Restaurant 154,Chennai,Velachery,Dessert / Main Course,Dessert 20; Dessert 9; Main Dish 21,3,434.4,Dessert 20; Dessert 9; Main Dish 21,chennai,velachery,22,4646732,12.9477313,80.1899498
Restaurant 154,Mumbai,Andheri,Appetizer,Appetizer 8,1,160.6,Appetizer 8,mumbai,andheri,22,12442373,19.0987704,72.8821418
Restaurant 154,Mumbai,Bandra,Appetizer / Snack,Snack 1; Appetizer 16,2,126.1,Snack 1; Appetizer 16,mumbai,bandra,35,12442373,19.0190112,72.8231809
Restaurant 154,Mumbai,Goregaon,Beverage,Beverage 20,1,173.8,Beverage 20,mumbai,goregaon,47,12442373,19.1650202,72.8177496
Restaurant 154,Mumbai,Powai,Appetizer / Dessert,Appetizer 6; Dessert 5,2,158.9,Appetizer 6; Dessert 5,mumbai,powai,35,12442373,19.0827515,72.8903082
Restaurant 154,New Delhi,Hauz Khas,Beverage / Dessert,Dessert 12; Beverage 12,2,225.6,Dessert 12; Beverage 12,new delhi,hauz khas,33,5000000,28.5945362,77.2037365
Restaurant 154,New Delhi,Karol Bagh,Dessert / Main Course,Main Dish 47; Dessert 19,2,462.2,Main Dish 47; Dessert 19,new delhi,karol bagh,13,5000000,28.7008589,77.1934697
Restaurant 154,New Delhi,Rajouri Garden,Appetizer,Appetizer 1,1,132.3,Appetizer 1,new delhi,rajouri garden,35,5000000,28.6551781,77.0723252
Restaurant 154,New Delhi,Saket,Beverage,Beverage 1,1,265.8,Beverage 1,new delhi,saket,55,5000000,28.4866462,77.2400842
Restaurant 154,Pune,Baner,Beverage,Beverage 15,1,287.7,Beverage 15,pune,baner,49,9429408,18.5809,73.8086659
Restaurant 154,Pune,Kothrud,Dessert / Main Course,Main Dish 23; Main Dish 10; Dessert 18,3,378.2,Main Dish 23; Main Dish 10; Dessert 18,pune,kothrud,32,9429408,18.4863346,73.8413889
Restaurant 154,Pune,Viman Nagar,Beverage / Dessert / Main Course,Beverage 2; Main Dish 26; Dessert 10,3,299.7,Beverage 2; Main Dish 26; Dessert 10,pune,viman nagar,44,9429408,18.5976274,73.8926542
Restaurant 155,Bangalore,Indiranagar,Beverage,Beverage 17,1,298.4,Beverage 17,bangalore,indiranagar,50,9621551,12.9364478,77.6709204
Restaurant 155,Bangalore,Koramangala,Appetizer / Beverage / Dessert / Main Course,Appetizer 4; Beverage 14; Dessert 5; Main Dish 21,4,212.3,Appetizer 4; Beverage 14; Dessert 5; Main Dish 21,bangalore,koramangala,26,9621551,12.9033024,77.5911802
Restaurant 155,Bangalore,Mg Road,Main Course / Snack,Snack 12; Main Dish 42; Main Dish 41,3,358.0,Snack 12; Main Dish 42; Main Dish 41,bangalore,mg road,54,9621551,13.0224655,77.6091819
Restaurant 155,Bangalore,Whitefield,Dessert / Main Course,Dessert 3; Main Dish 44,2,190.0,Dessert 3; Main Dish 44,bangalore,whitefield,19,9621551,12.946819,77.7467015
Restaurant 155,Chennai,Adyar,Main Course,Main Dish 28; Main Dish 20; Main Dish 2,3,539.2,Main Dish 28; Main Dish 20; Main Dish 2,chennai,adyar,32,4646732,12.9696065,80.2882323
Restaurant 155,Chennai,Anna Nagar,Dessert / Snack,Snack 3; Dessert 16,2,193.2,Snack 3; Dessert 16,chennai,anna nagar,50,4646732,13.0558148,80.174439
Restaurant 155,Chennai,Nungambakkam,Appetizer / Beverage / Dessert,Appetizer 5; Appetizer 4; Beverage 18; Beverage 6; Appetizer 14; Dessert 12,6,159.7,Appetizer 5; Appetizer 4; Beverage 18; Beverage 6; Appetizer 14; Dessert 12,chennai,nungambakkam,30,4646732,13.0296284,80.2075862
Restaurant 155,Chennai,T. Nagar,Beverage / Main Course / Snack,Beverage 20; Main Dish 47; Snack 2,3,154.0,Beverage 20; Main Dish 47; Snack 2,chennai,t. nagar,34,4646732,13.0658523,80.2725183
Restaurant 155,Chennai,Velachery,Appetizer / Dessert / Main Course,Appetizer 17; Dessert 4; Main Dish 16; Dessert 19,4,192.2,Appetizer 17; Dessert 4; Main Dish 16; Dessert 19,chennai,velachery,22,4646732,13.0271046,80.2252423
Restaurant 155,Mumbai,Andheri,Appetizer / Main Course,Appetizer 13; Main Dish 37,2,404.5,Appetizer 13; Main Dish 37,mumbai,andheri,22,12442373,19.1108311,72.8051625
Restaurant 155,Mumbai,Bandra,Dessert,Dessert 16,1,316.1,Dessert 16,mumbai,bandra,35,12442373,19.0937753,72.8282526
Restaurant 155,Mumbai,Goregaon,Dessert,Dessert 13,1,152.1,Dessert 13,mumbai,goregaon,47,12442373,19.1867751,72.8736919
Restaurant 155,Mumbai,Powai,Appetizer,Appetizer 10,1,225.1,Appetizer 10,mumbai,powai,35,12442373,19.1575156,72.8953799
Restaurant 155,New Delhi,Connaught Place,Appetizer / Beverage / Main Course,Appetizer 5; Appetizer 2; Main Dish 47; Main Dish 6; Beverage 16; Beverage 19; Appetizer 4; Main Dish 34,8,271.1,Appetizer 5; Appetizer 2; Main Dish 47; Main Dish 6; Beverage 16; Beverage 19; Appetizer 4; Main Dish 34,new delhi,connaught place,14,5000000,28.6384762,77.1712454
Restaurant 155,New Delhi,Hauz Khas,Main Course,Main Dish 29,1,157.9,Main Dish 29,new delhi,hauz khas,33,5000000,28.5107536,77.231798
Restaurant 155,New Delhi,Karol Bagh,Beverage / Dessert / Snack,Snack 8; Beverage 5; Dessert 1,3,236.1,Snack 8; Beverage 5; Dessert 1,new delhi,karol bagh,13,5000000,28.6170763,77.2215312
Restaurant 155,New Delhi,Rajouri Garden,Appetizer / Beverage,Beverage 13; Appetizer 19,2,162.1,Beverage 13; Appetizer 19,new delhi,rajouri garden,35,5000000,28.6764948,77.1611425
Restaurant 155,New Delhi,Saket,Beverage / Main Course,Main Dish 35; Main Dish 28; Beverage 8,3,252.4,Main Dish 35; Main Dish 28; Beverage 8,new delhi,saket,55,5000000,28.5301964,77.161496
Restaurant 155,Pune,Aundh,Dessert,Dessert 20,1,225.3,Dessert 20,pune,aundh,41,9429408,18.5286115,73.8272761
Restaurant 155,Pune,Baner,Beverage / Main Course,Main Dish 14; Beverage 7,2,243.4,Main Dish 14; Beverage 7,pune,baner,49,9429408,18.5257358,73.781445
Restaurant 155,Pune,Kothrud,Main Course / Snack,Main Dish 8; Snack 13,2,310.3,Main Dish 8; Snack 13,pune,kothrud,32,9429408,18.4983953,73.7644096
Restaurant 156,Bangalore,Indiranagar,Beverage,Beverage 7,1,121.1,Beverage 7,bangalore,indiranagar,50,9621551,12.979998,77.5923322
Restaurant 156,Bangalore,Jayanagar,Beverage / Dessert / Main Course,Dessert 8; Main Dish 10; Beverage 6,3,273.3,Dessert 8; Main Dish 10; Beverage 6,bangalore,jayanagar,40,9621551,12.8803493,77.5711755
Restaurant 156,Bangalore,Koramangala,Main Course / Snack,Snack 14; Main Dish 45; Main Dish 34,3,361.1,Snack 14; Main Dish 45; Main Dish 34,bangalore,koramangala,26,9621551,12.9826757,77.6264727
Restaurant 156,Bangalore,Mg Road,Beverage,Beverage 11,1,254.2,Beverage 11,bangalore,mg road,54,9621551,12.9386829,77.6372434
Restaurant 156,Bangalore,Whitefield,Dessert / Main Course,Dessert 10; Main Dish 26,2,166.6,Dessert 10; Main Dish 26,bangalore,whitefield,19,9621551,13.0401111,77.7328002
Restaurant 156,Chennai,Adyar,Beverage / Main Course,Main Dish 16; Main Dish 4; Beverage 6,3,226.9,Main Dish 16; Main Dish 4; Beverage 6,chennai,adyar,32,4646732,13.0131567,80.2096441
Restaurant 156,Chennai,Anna Nagar,Beverage,Beverage 7; Beverage 16,2,142.7,Beverage 7; Beverage 16,chennai,anna nagar,50,4646732,13.1351881,80.2097315
Restaurant 156,Chennai,Nungambakkam,Appetizer / Beverage / Main Course,Appetizer 13; Main Dish 8; Beverage 16,3,353.3,Appetizer 13; Main Dish 8; Beverage 16,chennai,nungambakkam,30,4646732,13.1090017,80.2428787
Restaurant 156,Chennai,T. Nagar,Appetizer / Beverage,Beverage 3; Appetizer 2,2,141.8,Beverage 3; Appetizer 2,chennai,t. nagar,34,4646732,12.9889051,80.2205886
Restaurant 156,Chennai,Velachery,Dessert / Main Course,Main Dish 4; Dessert 3,2,171.1,Main Dish 4; Dessert 3,chennai,velachery,22,4646732,12.943322,80.2533038
Restaurant 156,Mumbai,Andheri,Main Course,Main Dish 41,1,592.0,Main Dish 41,mumbai,andheri,22,12442373,19.1547572,72.8713167
Restaurant 156,Mumbai,Bandra,Dessert,Dessert 15,1,316.6,Dessert 15,mumbai,bandra,35,12442373,19.034052,72.8759416
Restaurant 156,Mumbai,Juhu,Main Course,Main Dish 22,1,386.7,Main Dish 22,mumbai,juhu,51,12442373,19.0710535,72.8104881
Restaurant 156,Mumbai,Powai,Main Course / Snack,Snack 5; Main Dish 15,2,363.6,Snack 5; Main Dish 15,mumbai,powai,35,12442373,19.0977923,72.9430689
Restaurant 156,New Delhi,Connaught Place,Appetizer / Main Course,Main Dish 49; Main Dish 40; Appetizer 3,3,351.7,Main Dish 49; Main Dish 40; Appetizer 3,new delhi,connaught place,14,5000000,28.6597929,77.2600627
Restaurant 156,New Delhi,Hauz Khas,Dessert / Main Course / Snack,Main Dish 3; Snack 11; Snack 4; Dessert 14; Dessert 6,5,266.9,Main Dish 3; Snack 11; Snack 4; Dessert 14; Dessert 6,new delhi,hauz khas,33,5000000,28.5543038,77.1532098
Restaurant 156,New Delhi,Karol Bagh,Appetizer / Main Course / Snack,Main Dish 18; Snack 6; Appetizer 10; Appetizer 6,4,271.2,Main Dish 18; Snack 6; Appetizer 10; Appetizer 6,new delhi,karol bagh,13,5000000,28.6606265,77.142943
Restaurant 156,New Delhi,Rajouri Garden,Appetizer / Dessert,Dessert 16; Dessert 1; Appetizer 9; Appetizer 4,4,227.6,Dessert 16; Dessert 1; Appetizer 9; Appetizer 4,new delhi,rajouri garden,35,5000000,28.5995476,77.1092128
Restaurant 156,New Delhi,Saket,Main Course,Main Dish 24; Main Dish 18; Main Dish 32,3,600.6,Main Dish 24; Main Dish 18; Main Dish 32,new delhi,saket,55,5000000,28.5515131,77.2503133
Restaurant 156,Pune,Baner,Appetizer / Main Course / Snack,Appetizer 12; Main Dish 32; Snack 11; Main Dish 48,4,125.9,Appetizer 12; Main Dish 32; Snack 11; Main Dish 48,pune,baner,49,9429408,18.5862334,73.7638438
Restaurant 156,Pune,Hinjawadi,Main Course,Main Dish 22,1,568.7,Main Dish 22,pune,hinjawadi,13,9429408,18.6060271,73.7023955
Restaurant 156,Pune,Viman Nagar,Beverage / Dessert,Dessert 20; Beverage 9,2,265.9,Dessert 20; Beverage 9,pune,viman nagar,44,9429408,18.5641277,73.9477692
Restaurant 157,Bangalore,Indiranagar,Appetizer / Dessert / Main Course / Snack,Snack 14; Appetizer 7; Dessert 16; Main Dish 21,4,293.5,Snack 14; Appetizer 7; Dessert 16; Main Dish 21,bangalore,indiranagar,50,9621551,13.0013147,77.6811495
Restaurant 157,Bangalore,Koramangala,Appetizer / Beverage / Main Course,Beverage 19; Appetizer 15; Main Dish 10; Appetizer 4,4,303.8,Beverage 19; Appetizer 15; Main Dish 10; Appetizer 4,bangalore,koramangala,26,9621551,12.8988931,77.6545342
Restaurant 157,Bangalore,Mg Road,Appetizer / Snack,Snack 3; Appetizer 1,2,90.2,Snack 3; Appetizer 1,bangalore,mg road,54,9621551,12.9822331,77.5586552
Restaurant 157,Bangalore,Whitefield,Main Course,Main Dish 16,1,567.4,Main Dish 16,bangalore,whitefield,19,9621551,12.9797681,77.8072241
Restaurant 157,Chennai,Adyar,Dessert / Main Course,Main Dish 40; Dessert 8; Main Dish 46; Dessert 17,4,287.7,Main Dish 40; Dessert 8; Main Dish 46; Dessert 17,chennai,adyar,32,4646732,13.0344734,80.2984614
Restaurant 157,Chennai,Anna Nagar,Dessert / Main Course,Dessert 7; Main Dish 24; Main Dish 30,3,593.6,Dessert 7; Main Dish 24; Main Dish 30,chennai,anna nagar,50,4646732,13.0514055,80.237793
Restaurant 157,Chennai,Nungambakkam,Dessert / Main Course,Main Dish 2; Dessert 8; Main Dish 29,3,480.6,Main Dish 2; Dessert 8; Main Dish 29,chennai,nungambakkam,30,4646732,13.0252191,80.2709402
Restaurant 157,Chennai,T. Nagar,Beverage / Snack,Snack 1; Beverage 7,2,208.6,Snack 1; Beverage 7,chennai,t. nagar,34,4646732,13.0821972,80.2066873
Restaurant 157,Chennai,Velachery,Appetizer,Appetizer 18; Appetizer 8,2,129.0,Appetizer 18; Appetizer 8,chennai,velachery,22,4646732,12.9868722,80.1747156
Restaurant 157,Mumbai,Andheri,Main Course,Main Dish 6; Main Dish 7,2,580.3,Main Dish 6; Main Dish 7,mumbai,andheri,22,12442373,19.0762347,72.8518445
Restaurant 157,Mumbai,Goregaon,Beverage / Main Course,Main Dish 18; Beverage 11,2,110.9,Main Dish 18; Beverage 11,mumbai,goregaon,47,12442373,19.1316109,72.846471
Restaurant 157,Mumbai,Juhu,Beverage / Snack,Beverage 8; Snack 8,2,173.3,Beverage 8; Snack 8,mumbai,juhu,51,12442373,19.1458176,72.8155598
Restaurant 157,New Delhi,Connaught Place,Beverage,Beverage 11,1,217.6,Beverage 11,new delhi,connaught place,14,5000000,28.5828457,77.208133
Restaurant 157,New Delhi,Hauz Khas,Beverage,Beverage 9,1,142.1,Beverage 9,new delhi,hauz khas,33,5000000,28.5756205,77.2420271
Restaurant 157,New Delhi,Karol Bagh,Appetizer / Main Course,Main Dish 10; Appetizer 13; Main Dish 41,3,301.2,Main Dish 10; Appetizer 13; Main Dish 41,new delhi,karol bagh,13,5000000,28.6819432,77.2317603
Restaurant 157,New Delhi,Rajouri Garden,Appetizer / Beverage / Main Course,Beverage 15; Appetizer 1; Appetizer 7; Main Dish 4,4,256.5,Beverage 15; Appetizer 1; Appetizer 7; Main Dish 4,new delhi,rajouri garden,35,5000000,28.6928397,77.0953115
Restaurant 157,New Delhi,Saket,Main Course / Snack,Main Dish 36; Snack 8,2,373.5,Main Dish 36; Snack 8,new delhi,saket,55,5000000,28.4745659,77.1983836
Restaurant 157,Pune,Aundh,Snack,Snack 13,1,172.5,Snack 13,pune,aundh,41,9429408,18.5751573,73.7743761
Restaurant 157,Pune,Baner,Beverage / Snack,Beverage 18; Snack 13,2,89.5,Beverage 18; Snack 13,pune,baner,49,9429408,18.5527337,73.8189588
Restaurant 157,Pune,Hinjawadi,Appetizer,Appetizer 19,1,100.5,Appetizer 19,pune,hinjawadi,13,9429408,18.6074631,73.7743346
Restaurant 157,Pune,Viman Nagar,Appetizer,Appetizer 15; Appetizer 8,2,138.2,Appetizer 15; Appetizer 8,pune,viman nagar,44,9429408,18.5513164,73.8830363
Restaurant 158,Bangalore,Indiranagar,Beverage,Beverage 12,1,134.1,Beverage 12,bangalore,indiranagar,50,9621551,12.9243675,77.6292198
Restaurant 158,Bangalore,Jayanagar,Dessert / Main Course,Dessert 12; Main Dish 14,2,363.2,Dessert 12; Main Dish 14,bangalore,jayanagar,40,9621551,12.9736414,77.5572742
Restaurant 158,Bangalore,Koramangala,Beverage / Main Course,Beverage 13; Main Dish 2; Main Dish 14,3,427.4,Beverage 13; Main Dish 2; Main Dish 14,bangalore,koramangala,26,9621551,12.9424433,77.575946
Restaurant 158,Bangalore,Mg Road,Appetizer / Dessert / Snack,Dessert 15; Snack 1; Appetizer 10; Dessert 12,4,151.3,Dessert 15; Snack 1; Appetizer 10; Dessert 12,bangalore,mg road,54,9621551,13.0035498,77.6474725
Restaurant 158,Bangalore,Whitefield,Main Course,Main Dish 44; Main Dish 12,2,380.1,Main Dish 44; Main Dish 12,bangalore,whitefield,19,9621551,12.9739048,77.7100964
Restaurant 158,Chennai,Adyar,Appetizer / Beverage,Appetizer 6; Beverage 2,2,174.3,Appetizer 6; Beverage 2,chennai,adyar,32,4646732,12.9575262,80.2465317
Restaurant 158,Chennai,Anna Nagar,Dessert,Dessert 12,1,212.4,Dessert 12,chennai,anna nagar,50,4646732,13.0949557,80.1592048
Restaurant 158,Chennai,T. Nagar,Appetizer / Dessert / Main Course,Main Dish 24; Dessert 7; Appetizer 7,3,304.4,Main Dish 24; Dessert 7; Appetizer 7,chennai,t. nagar,34,4646732,13.0218542,80.2811112
Restaurant 158,Chennai,Velachery,Appetizer / Main Course,Main Dish 5; Main Dish 37; Appetizer 11; Appetizer 15,4,375.8,Main Dish 5; Main Dish 37; Appetizer 11; Appetizer 15,chennai,velachery,22,4646732,13.0081889,80.2635329
Restaurant 158,Mumbai,Andheri,Beverage,Beverage 7,1,53.0,Beverage 7,mumbai,andheri,22,12442373,19.1486003,72.8124529
Restaurant 158,Mumbai,Bandra,Main Course,Main Dish 42,1,613.9,Main Dish 42,mumbai,bandra,35,12442373,19.0461127,72.7989623
Restaurant 158,Mumbai,Goregaon,Main Course,Main Dish 33,1,400.8,Main Dish 33,mumbai,goregaon,47,12442373,19.1921085,72.8288698
Restaurant 158,Mumbai,Juhu,Appetizer,Appetizer 18,1,68.2,Appetizer 18,mumbai,juhu,51,12442373,19.0860943,72.8632488
Restaurant 158,Mumbai,Powai,Snack,Snack 14,1,170.9,Snack 14,mumbai,powai,35,12442373,19.109853,72.8660896
Restaurant 158,New Delhi,Connaught Place,Dessert / Main Course,Main Dish 3; Main Dish 1; Dessert 16,3,559.9,Main Dish 3; Main Dish 1; Dessert 16,new delhi,connaught place,14,5000000,28.6761378,77.1942317
Restaurant 158,New Delhi,Hauz Khas,Appetizer / Main Course,Main Dish 12; Appetizer 14,2,435.3,Main Dish 12; Appetizer 14,new delhi,hauz khas,33,5000000,28.4986733,77.1900974
Restaurant 158,New Delhi,Karol Bagh,Appetizer,Appetizer 3,1,139.4,Appetizer 3,new delhi,karol bagh,13,5000000,28.604996,77.1798306
Restaurant 158,New Delhi,Rajouri Garden,Dessert / Main Course / Snack,Dessert 11; Snack 2; Dessert 16; Main Dish 17; Dessert 9; Dessert 7; Snack 14,7,232.2,Dessert 11; Snack 2; Dessert 16; Main Dish 17; Dessert 9; Dessert 7; Snack 14,new delhi,rajouri garden,35,5000000,28.6324967,77.1697354
Restaurant 158,New Delhi,Saket,Appetizer,Appetizer 2,1,176.7,Appetizer 2,new delhi,saket,55,5000000,28.567858,77.1844823
Restaurant 158,Pune,Baner,Dessert / Main Course,Main Dish 36; Dessert 11,2,275.8,Main Dish 36; Dessert 11,pune,baner,49,9429408,18.5399224,73.7542259
Restaurant 158,Pune,Hinjawadi,Beverage / Main Course,Main Dish 9; Beverage 5,2,124.1,Main Dish 9; Beverage 5,pune,hinjawadi,13,9429408,18.5567852,73.7211757
Restaurant 158,Pune,Kothrud,Main Course,Main Dish 48,1,274.6,Main Dish 48,pune,kothrud,32,9429408,18.5423214,73.8305638
Restaurant 158,Pune,Viman Nagar,Main Course,Main Dish 20; Main Dish 18,2,556.4,Main Dish 20; Main Dish 18,pune,viman nagar,44,9429408,18.6056874,73.9230026
Restaurant 159,Bangalore,Indiranagar,Main Course,Main Dish 26,1,335.3,Main Dish 26,bangalore,indiranagar,50,9621551,13.0176596,77.6153185
Restaurant 159,Bangalore,Jayanagar,Dessert,Dessert 18,1,141.6,Dessert 18,bangalore,jayanagar,40,9621551,12.9132984,77.6316981
Restaurant 159,Bangalore,Koramangala,Main Course,Main Dish 10; Main Dish 18,2,339.2,Main Dish 10; Main Dish 18,bangalore,koramangala,26,9621551,12.96376,77.6647633
Restaurant 159,Bangalore,Mg Road,Appetizer / Dessert / Main Course,Main Dish 4; Main Dish 48; Appetizer 7; Dessert 2,4,269.6,Main Dish 4; Main Dish 48; Appetizer 7; Dessert 2,bangalore,mg road,54,9621551,12.9266026,77.5955428
Restaurant 159,Bangalore,Whitefield,Appetizer,Appetizer 9,1,172.4,Appetizer 9,bangalore,whitefield,19,9621551,13.044906,77.7787946
Restaurant 159,Chennai,Adyar,Appetizer / Main Course,Main Dish 28; Appetizer 5,2,369.0,Main Dish 28; Appetizer 5,chennai,adyar,32,4646732,13.0508183,80.2326304
Restaurant 159,Chennai,Nungambakkam,Appetizer / Beverage / Dessert / Main Course / Snack,Beverage 7; Appetizer 1; Snack 1; Dessert 5; Main Dish 48,5,242.0,Beverage 7; Appetizer 1; Snack 1; Dessert 5; Main Dish 48,chennai,nungambakkam,30,4646732,13.0687693,80.192352
Restaurant 159,Chennai,T. Nagar,Appetizer / Dessert,Dessert 14; Appetizer 14; Dessert 19; Appetizer 7,4,255.7,Dessert 14; Appetizer 14; Dessert 19; Appetizer 7,chennai,t. nagar,34,4646732,13.0159909,80.1839835
Restaurant 159,Chennai,Velachery,Dessert / Snack,Dessert 15; Snack 8,2,221.2,Dessert 15; Snack 8,chennai,velachery,22,4646732,12.9312417,80.2116032
Restaurant 159,Mumbai,Andheri,Main Course,Main Dish 12; Main Dish 17,2,565.5,Main Dish 12; Main Dish 17,mumbai,andheri,22,12442373,19.1213599,72.8917901
Restaurant 159,Mumbai,Bandra,Snack,Snack 11; Snack 9,2,131.1,Snack 11; Snack 9,mumbai,bandra,35,12442373,19.0900388,72.8651165
Restaurant 159,Mumbai,Goregaon,Main Course,Main Dish 40,1,262.2,Main Dish 40,mumbai,goregaon,47,12442373,19.1586088,72.8839848
Restaurant 159,Mumbai,Juhu,Main Course,Main Dish 42,1,611.6,Main Dish 42,mumbai,juhu,51,12442373,19.098155,72.7862695
Restaurant 159,Mumbai,Powai,Main Course,Main Dish 19,1,215.5,Main Dish 19,mumbai,powai,35,12442373,19.1537791,72.9322438
Restaurant 159,New Delhi,Connaught Place,Beverage,Beverage 11,1,258.8,Beverage 11,new delhi,connaught place,14,5000000,28.6157948,77.2686556
Restaurant 159,New Delhi,Hauz Khas,Dessert / Snack,Dessert 5; Snack 8,2,209.0,Dessert 5; Snack 8,new delhi,hauz khas,33,5000000,28.5919654,77.1761961
Restaurant 159,New Delhi,Karol Bagh,Appetizer / Dessert / Main Course,Appetizer 11; Main Dish 8; Main Dish 49; Dessert 2,4,352.7,Appetizer 11; Main Dish 8; Main Dish 49; Dessert 2,new delhi,karol bagh,13,5000000,28.6982881,77.1659293
Restaurant 159,New Delhi,Rajouri Garden,Appetizer / Beverage,Appetizer 13; Beverage 10; Appetizer 15,3,122.8,Appetizer 13; Beverage 10; Appetizer 15,new delhi,rajouri garden,35,5000000,28.6266334,77.0726077
Restaurant 159,New Delhi,Saket,Appetizer / Dessert,Appetizer 13; Dessert 16,2,174.3,Appetizer 13; Dessert 16,new delhi,saket,55,5000000,28.507515,77.2589062
Restaurant 159,Pune,Aundh,Dessert,Dessert 11,1,293.6,Dessert 11,pune,aundh,41,9429408,18.5765933,73.8463152
Restaurant 159,Pune,Hinjawadi,Appetizer,Appetizer 6,1,241.9,Appetizer 6,pune,hinjawadi,13,9429408,18.6315493,73.7262474
Restaurant 159,Pune,Kothrud,Dessert / Main Course / Snack,Snack 6; Dessert 18; Main Dish 8,3,348.2,Snack 6; Dessert 18; Main Dish 8,pune,kothrud,32,9429408,18.4637989,73.8110916
Restaurant 16,Bangalore,Indiranagar,Main Course,Main Dish 45,1,512.0,Main Dish 45,bangalore,indiranagar,50,9621551,12.9573166,77.6897424
Restaurant 16,Bangalore,Jayanagar,Beverage / Main Course,Beverage 20; Beverage 10; Main Dish 11,3,293.2,Beverage 20; Beverage 10; Main Dish 11,bangalore,jayanagar,40,9621551,12.9074351,77.5345704
Restaurant 16,Bangalore,Koramangala,Appetizer / Beverage / Dessert / Main Course,Beverage 13; Appetizer 13; Main Dish 26; Main Dish 36; Dessert 13; Dessert 20; Main Dish 41; Appetizer 11,8,308.5,Beverage 13; Appetizer 13; Main Dish 26; Main Dish 36; Dessert 13; Dessert 20; Main Dish 41; Appetizer 11,bangalore,koramangala,26,9621551,12.8868128,77.6128336
Restaurant 16,Bangalore,Mg Road,Main Course,Main Dish 48,1,697.8,Main Dish 48,bangalore,mg road,54,9621551,13.0198947,77.5816415
Restaurant 16,Chennai,Adyar,Beverage / Main Course,Main Dish 26; Beverage 18,2,467.8,Main Dish 26; Beverage 18,chennai,adyar,32,4646732,12.9904753,80.3070543
Restaurant 16,Chennai,Anna Nagar,Beverage / Dessert / Main Course,Main Dish 13; Beverage 5; Dessert 15,3,185.2,Main Dish 13; Beverage 5; Dessert 15,chennai,anna nagar,50,4646732,13.1162724,80.2480221
Restaurant 16,Chennai,Nungambakkam,Appetizer / Main Course,Appetizer 19; Main Dish 35,2,175.9,Appetizer 19; Main Dish 35,chennai,nungambakkam,30,4646732,13.090086,80.2811693
Restaurant 16,Chennai,T. Nagar,Appetizer / Beverage / Main Course / Snack,Appetizer 10; Main Dish 31; Snack 7; Beverage 20,4,243.5,Appetizer 10; Main Dish 31; Snack 7; Beverage 20,chennai,t. nagar,34,4646732,13.0869921,80.2526817
Restaurant 16,Mumbai,Andheri,Appetizer / Beverage,Appetizer 14; Beverage 5,2,252.6,Appetizer 14; Beverage 5,mumbai,andheri,22,12442373,19.0872634,72.8135197
Restaurant 16,Mumbai,Bandra,Dessert,Dessert 18,1,122.7,Dessert 18,mumbai,bandra,35,12442373,19.0115163,72.8456443
Restaurant 16,Mumbai,Goregaon,Main Course / Snack,Snack 10; Main Dish 15,2,239.8,Snack 10; Main Dish 15,mumbai,goregaon,47,12442373,19.1457975,72.8192519
Restaurant 16,Mumbai,Juhu,Main Course / Snack,Snack 9; Main Dish 13,2,455.8,Snack 9; Main Dish 13,mumbai,juhu,51,12442373,19.1420811,72.8524237
Restaurant 16,Mumbai,Powai,Beverage / Dessert / Main Course,Dessert 17; Beverage 4; Beverage 3; Main Dish 34,4,265.2,Dessert 17; Beverage 4; Beverage 3; Main Dish 34,mumbai,powai,35,12442373,19.0752566,72.9127716
Restaurant 16,New Delhi,Connaught Place,Beverage / Dessert / Main Course,Main Dish 29; Beverage 12; Dessert 8,3,371.8,Main Dish 29; Beverage 12; Dessert 8,new delhi,connaught place,14,5000000,28.6099315,77.1715279
Restaurant 16,New Delhi,Hauz Khas,Beverage / Snack,Snack 10; Beverage 16,2,100.2,Snack 10; Beverage 16,new delhi,hauz khas,33,5000000,28.5316224,77.25062
Restaurant 16,New Delhi,Karol Bagh,Main Course,Main Dish 10; Main Dish 22,2,666.5,Main Dish 10; Main Dish 22,new delhi,karol bagh,13,5000000,28.6379451,77.2403532
Restaurant 16,New Delhi,Rajouri Garden,Appetizer / Beverage / Main Course,Beverage 11; Main Dish 41; Appetizer 15; Appetizer 13; Main Dish 7; Appetizer 20,6,279.9,Beverage 11; Main Dish 41; Appetizer 15; Appetizer 13; Main Dish 7; Appetizer 20,new delhi,rajouri garden,35,5000000,28.6976346,77.1413059
Restaurant 16,New Delhi,Saket,Snack,Snack 7,1,113.6,Snack 7,new delhi,saket,55,5000000,28.5016517,77.1617785
Restaurant 16,Pune,Baner,Main Course,Main Dish 45,1,171.3,Main Dish 45,pune,baner,49,9429408,18.5942934,73.7941922
Restaurant 16,Pune,Hinjawadi,Appetizer / Main Course,Appetizer 4; Main Dish 42,2,203.8,Appetizer 4; Main Dish 42,pune,hinjawadi,13,9429408,18.571826,73.7739364
Restaurant 16,Pune,Kothrud,Main Course,Main Dish 26,1,378.6,Main Dish 26,pune,kothrud,32,9429408,18.5361645,73.7717
Restaurant 16,Pune,Viman Nagar,Dessert / Main Course,Main Dish 16; Dessert 5; Dessert 19,3,249.8,Main Dish 16; Dessert 5; Dessert 19,pune,viman nagar,44,9429408,18.5371158,73.930414
Restaurant 160,Bangalore,Indiranagar,Appetizer / Dessert,Appetizer 7; Appetizer 10; Dessert 9,3,136.5,Appetizer 7; Appetizer 10; Dessert 9,bangalore,indiranagar,50,9621551,12.9514533,77.5926147
Restaurant 160,Bangalore,Jayanagar,Appetizer,Appetizer 19,1,147.1,Appetizer 19,bangalore,jayanagar,40,9621551,12.9784363,77.6032686
Restaurant 160,Bangalore,Koramangala,Appetizer / Dessert / Main Course,Appetizer 9; Main Dish 48; Dessert 3,3,391.0,Appetizer 9; Main Dish 48; Dessert 3,bangalore,koramangala,26,9621551,12.9801049,77.5989323
Restaurant 160,Bangalore,Mg Road,Main Course,Main Dish 27; Main Dish 25,2,268.1,Main Dish 27; Main Dish 25,bangalore,mg road,54,9621551,12.9595517,77.6560654
Restaurant 160,Bangalore,Whitefield,Appetizer,Appetizer 18,1,196.1,Appetizer 18,bangalore,whitefield,19,9621551,12.9446564,77.7760546
Restaurant 160,Chennai,Adyar,Beverage,Beverage 20,1,111.3,Beverage 20,chennai,adyar,32,4646732,12.984612,80.2099266
Restaurant 160,Chennai,Nungambakkam,Beverage / Dessert / Main Course,Main Dish 30; Beverage 14; Dessert 12,3,292.9,Main Dish 30; Beverage 14; Dessert 12,chennai,nungambakkam,30,4646732,13.0131388,80.2292396
Restaurant 160,Chennai,T. Nagar,Appetizer / Dessert / Main Course,Appetizer 5; Dessert 20; Main Dish 3; Main Dish 8,4,291.6,Appetizer 5; Dessert 20; Main Dish 3; Main Dish 8,chennai,t. nagar,34,4646732,12.9867425,80.2499417
Restaurant 160,Chennai,Velachery,Dessert / Main Course,Dessert 9; Main Dish 42,2,378.6,Dessert 9; Main Dish 42,chennai,velachery,22,4646732,13.0245338,80.1977019
Restaurant 160,Mumbai,Andheri,Appetizer / Main Course,Main Dish 31; Appetizer 2,2,323.0,Main Dish 31; Appetizer 2,mumbai,andheri,22,12442373,19.1666367,72.8488122
Restaurant 160,Mumbai,Goregaon,Appetizer,Appetizer 12,1,231.1,Appetizer 12,mumbai,goregaon,47,12442373,19.2001685,72.8592182
Restaurant 160,New Delhi,Connaught Place,Main Course,Main Dish 49,1,274.5,Main Dish 49,new delhi,connaught place,14,5000000,28.6809327,77.2402261
Restaurant 160,New Delhi,Hauz Khas,Beverage,Beverage 2,1,62.3,Beverage 2,new delhi,hauz khas,33,5000000,28.5257591,77.1534923
Restaurant 160,New Delhi,Karol Bagh,Appetizer / Beverage / Main Course / Snack,Snack 11; Beverage 4; Main Dish 49; Main Dish 11; Appetizer 13,5,213.9,Snack 11; Beverage 4; Main Dish 49; Main Dish 11; Appetizer 13,new delhi,karol bagh,13,5000000,28.6320818,77.1432255
Restaurant 160,New Delhi,Rajouri Garden,Beverage / Main Course / Snack,Main Dish 8; Beverage 12; Main Dish 25; Snack 1,4,350.1,Main Dish 8; Beverage 12; Main Dish 25; Snack 1,new delhi,rajouri garden,35,5000000,28.597385,77.1385659
Restaurant 160,New Delhi,Saket,Appetizer / Main Course,Main Dish 45; Appetizer 5; Appetizer 17,3,341.5,Main Dish 45; Appetizer 5; Appetizer 17,new delhi,saket,55,5000000,28.5726529,77.2304767
Restaurant 160,Pune,Baner,Main Course,Main Dish 29,1,560.7,Main Dish 29,pune,baner,49,9429408,18.5257218,73.8016036
Restaurant 160,Pune,Hinjawadi,Main Course,Main Dish 8,1,461.4,Main Dish 8,pune,hinjawadi,13,9429408,18.5838867,73.6969571
Restaurant 160,Pune,Kothrud,Appetizer,Appetizer 8,1,236.2,Appetizer 8,pune,kothrud,32,9429408,18.5089241,73.8510372
Restaurant 160,Pune,Viman Nagar,Beverage,Beverage 15,1,293.4,Beverage 15,pune,viman nagar,44,9429408,18.5836616,73.877514
Restaurant 161,Bangalore,Indiranagar,Beverage / Main Course,Beverage 16; Main Dish 3,2,296.8,Beverage 16; Main Dish 3,bangalore,indiranagar,50,9621551,13.0224545,77.6613129
Restaurant 161,Bangalore,Jayanagar,Appetizer / Beverage / Main Course / Snack,Appetizer 8; Snack 7; Beverage 3; Main Dish 42,4,131.5,Appetizer 8; Snack 7; Beverage 3; Main Dish 42,bangalore,jayanagar,40,9621551,12.8781867,77.6005286
Restaurant 161,Bangalore,Koramangala,Beverage / Snack,Beverage 20; Snack 6,2,121.6,Beverage 20; Snack 6,bangalore,koramangala,26,9621551,12.9197619,77.6733562
Restaurant 161,Bangalore,Mg Road,Dessert / Main Course,Dessert 10; Dessert 15; Main Dish 40,3,451.1,Dessert 10; Dessert 15; Main Dish 40,bangalore,mg road,54,9621551,12.9536884,77.5589377
Restaurant 161,Bangalore,Whitefield,Main Course / Snack,Snack 9; Main Dish 21,2,469.6,Snack 9; Main Dish 21,bangalore,whitefield,19,9621551,13.0215575,77.7093835
Restaurant 161,Chennai,Adyar,Snack,Snack 11,1,172.7,Snack 11,chennai,adyar,32,4646732,13.0556132,80.2786248
Restaurant 161,Chennai,Anna Nagar,Beverage / Main Course,Main Dish 23; Beverage 17; Main Dish 25,3,390.2,Main Dish 23; Beverage 17; Main Dish 25,chennai,anna nagar,50,4646732,13.0393252,80.1960924
Restaurant 161,Chennai,Nungambakkam,Main Course,Main Dish 46,1,263.5,Main Dish 46,chennai,nungambakkam,30,4646732,13.1064309,80.2153383
Restaurant 161,Chennai,T. Nagar,Main Course,Main Dish 15,1,267.9,Main Dish 15,chennai,t. nagar,34,4646732,13.0636436,80.1832706
Restaurant 161,Chennai,Velachery,Beverage / Dessert / Main Course,Main Dish 38; Dessert 12; Main Dish 43; Main Dish 42; Beverage 5; Main Dish 34,6,301.2,Main Dish 38; Dessert 12; Main Dish 43; Main Dish 42; Beverage 5; Main Dish 34,chennai,velachery,22,4646732,12.9641908,80.2721258
Restaurant 161,Mumbai,Andheri,Main Course / Snack,Snack 10; Main Dish 34,2,238.4,Snack 10; Main Dish 34,mumbai,andheri,22,12442373,19.0828541,72.8768737
Restaurant 161,Mumbai,Bandra,Dessert / Main Course / Snack,Dessert 6; Snack 5; Main Dish 28,3,231.6,Dessert 6; Snack 5; Main Dish 28,mumbai,bandra,35,12442373,19.0838819,72.8062527
Restaurant 161,Mumbai,Goregaon,Main Course,Main Dish 28,1,771.2,Main Dish 28,mumbai,goregaon,47,12442373,19.1315969,72.8666296
Restaurant 161,Mumbai,Juhu,Beverage / Main Course,Main Dish 31; Beverage 17,2,279.8,Main Dish 31; Beverage 17,mumbai,juhu,51,12442373,19.0635586,72.8329515
Restaurant 161,Mumbai,Powai,Appetizer / Dessert,Appetizer 2; Dessert 7,2,200.9,Appetizer 2; Dessert 7,mumbai,powai,35,12442373,19.1476222,72.87338
Restaurant 161,New Delhi,Connaught Place,Beverage,Beverage 4,1,50.8,Beverage 4,new delhi,connaught place,14,5000000,28.5806831,77.2374861
Restaurant 161,New Delhi,Hauz Khas,Appetizer / Dessert / Main Course,Appetizer 10; Appetizer 5; Dessert 17; Main Dish 30,4,236.8,Appetizer 10; Appetizer 5; Dessert 17; Main Dish 30,new delhi,hauz khas,33,5000000,28.5967603,77.2221905
Restaurant 161,New Delhi,Karol Bagh,Beverage / Main Course,Main Dish 4; Beverage 9,2,236.2,Main Dish 4; Beverage 9,new delhi,karol bagh,13,5000000,28.703083,77.2119237
Restaurant 161,New Delhi,Rajouri Garden,Main Course,Main Dish 31; Main Dish 28; Main Dish 13,3,314.1,Main Dish 31; Main Dish 28; Main Dish 13,new delhi,rajouri garden,35,5000000,28.6742861,77.0718948
Restaurant 161,New Delhi,Saket,Appetizer / Dessert / Main Course / Snack,Main Dish 48; Appetizer 5; Dessert 14; Dessert 17; Dessert 18; Snack 11,6,289.7,Main Dish 48; Appetizer 5; Dessert 14; Dessert 17; Dessert 18; Snack 11,new delhi,saket,55,5000000,28.4724033,77.2277367
Restaurant 161,Pune,Baner,Snack,Snack 6,1,194.7,Snack 6,pune,baner,49,9429408,18.5722676,73.7487036
Restaurant 161,Pune,Hinjawadi,Beverage,Beverage 8,1,30.7,Beverage 8,pune,hinjawadi,13,9429408,18.6278128,73.7631113
Restaurant 161,Pune,Kothrud,Beverage / Dessert,Dessert 17; Beverage 4,2,169.6,Dessert 17; Beverage 4,pune,kothrud,32,9429408,18.4748276,73.7727668
Restaurant 161,Pune,Viman Nagar,Main Course,Main Dish 15,1,738.2,Main Dish 15,pune,viman nagar,44,9429408,18.5850976,73.9494531
Restaurant 162,Bangalore,Indiranagar,Main Course,Main Dish 2,1,724.6,Main Dish 2,bangalore,indiranagar,50,9621551,12.9222049,77.6585729
Restaurant 162,Bangalore,Jayanagar,Appetizer,Appetizer 14,1,88.0,Appetizer 14,bangalore,jayanagar,40,9621551,12.9550878,77.5338575
Restaurant 162,Bangalore,Koramangala,Appetizer / Beverage,Beverage 10; Appetizer 4; Beverage 8,3,151.8,Beverage 10; Appetizer 4; Beverage 8,bangalore,koramangala,26,9621551,12.9138986,77.5762285
Restaurant 162,Bangalore,Mg Road,Appetizer / Dessert,Dessert 8; Appetizer 13; Appetizer 1,3,191.6,Dessert 8; Appetizer 13; Appetizer 1,bangalore,mg road,54,9621551,13.0246896,77.6276359
Restaurant 162,Bangalore,Whitefield,Appetizer,Appetizer 4,1,154.4,Appetizer 4,bangalore,whitefield,19,9621551,13.0097138,77.8119716
Restaurant 162,Chennai,Adyar,Beverage / Dessert,Beverage 18; Dessert 19,2,228.8,Beverage 18; Dessert 19,chennai,adyar,32,4646732,12.9553636,80.2758848
Restaurant 162,Chennai,Anna Nagar,Appetizer / Dessert / Main Course,Dessert 19; Appetizer 8; Dessert 11; Main Dish 6,4,258.2,Dessert 19; Appetizer 8; Dessert 11; Main Dish 6,chennai,anna nagar,50,4646732,13.1326173,80.1821911
Restaurant 162,Chennai,Nungambakkam,Appetizer,Appetizer 19; Appetizer 20,2,108.8,Appetizer 19; Appetizer 20,chennai,nungambakkam,30,4646732,13.0460879,80.2897622
Restaurant 162,Chennai,T. Nagar,Appetizer / Beverage,Beverage 8; Appetizer 1,2,160.9,Beverage 8; Appetizer 1,chennai,t. nagar,34,4646732,13.0517999,80.2858587
Restaurant 162,Chennai,Velachery,Dessert / Main Course,Dessert 4; Main Dish 9,2,346.3,Dessert 4; Main Dish 9,chennai,velachery,22,4646732,12.9583275,80.1749981
Restaurant 162,Mumbai,Bandra,Main Course,Main Dish 4,1,511.1,Main Dish 4,mumbai,bandra,35,12442373,19.0566415,72.8855899
Restaurant 162,Mumbai,Juhu,Appetizer / Main Course,Appetizer 20; Main Dish 10,2,331.9,Appetizer 20; Main Dish 10,mumbai,juhu,51,12442373,19.1359242,72.7935599
Restaurant 162,New Delhi,Connaught Place,Main Course / Snack,Snack 15; Main Dish 15,2,399.7,Snack 15; Main Dish 15,new delhi,connaught place,14,5000000,28.6575842,77.170815
Restaurant 162,New Delhi,Hauz Khas,Main Course / Snack,Main Dish 14; Snack 12,2,319.7,Main Dish 14; Snack 12,new delhi,hauz khas,33,5000000,28.4965107,77.2194505
Restaurant 162,New Delhi,Karol Bagh,Appetizer / Dessert / Main Course,Appetizer 3; Main Dish 24; Dessert 5,3,236.6,Appetizer 3; Main Dish 24; Dessert 5,new delhi,karol bagh,13,5000000,28.6028334,77.2091837
Restaurant 162,New Delhi,Rajouri Garden,Beverage / Main Course,Main Dish 19; Beverage 19,2,437.3,Main Dish 19; Beverage 19,new delhi,rajouri garden,35,5000000,28.6624424,77.1744829
Restaurant 162,New Delhi,Saket,Appetizer,Appetizer 7,1,208.3,Appetizer 7,new delhi,saket,55,5000000,28.5493044,77.1610656
Restaurant 162,Pune,Aundh,Main Course,Main Dish 7; Main Dish 25,2,361.6,Main Dish 7; Main Dish 25,pune,aundh,41,9429408,18.5259154,73.7931563
Restaurant 162,Pune,Baner,Main Course,Main Dish 27,1,635.9,Main Dish 27,pune,baner,49,9429408,18.5737036,73.8206427
Restaurant 162,Pune,Hinjawadi,Appetizer / Main Course / Snack,Main Dish 13; Appetizer 1; Main Dish 42; Snack 11,4,307.7,Main Dish 13; Appetizer 1; Main Dish 42; Snack 11,pune,hinjawadi,13,9429408,18.5492903,73.7436391
Restaurant 162,Pune,Kothrud,Snack,Snack 4,1,78.3,Snack 4,pune,kothrud,32,9429408,18.5542009,73.8080593
Restaurant 162,Pune,Viman Nagar,Appetizer / Main Course,Main Dish 30; Appetizer 16,2,235.1,Main Dish 30; Appetizer 16,pune,viman nagar,44,9429408,18.5344197,73.8962942
Restaurant 163,Bangalore,Indiranagar,Main Course,Main Dish 6; Main Dish 30; Main Dish 24; Main Dish 10; Main Dish 34,5,519.4,Main Dish 6; Main Dish 30; Main Dish 24; Main Dish 10; Main Dish 34,bangalore,indiranagar,50,9621551,12.999106,77.5919018
Restaurant 163,Bangalore,Jayanagar,Beverage / Dessert / Main Course / Snack,Snack 14; Dessert 11; Beverage 20; Dessert 18; Main Dish 10; Beverage 11,6,152.1,Snack 14; Dessert 11; Beverage 20; Dessert 18; Main Dish 10; Beverage 11,bangalore,jayanagar,40,9621551,12.9432441,77.6364456
Restaurant 163,Bangalore,Mg Road,Appetizer / Main Course / Snack,Main Dish 32; Main Dish 9; Main Dish 30; Main Dish 22; Appetizer 17; Snack 14,6,426.5,Main Dish 32; Main Dish 9; Main Dish 30; Main Dish 22; Appetizer 17; Snack 14,bangalore,mg road,54,9621551,12.92444,77.6248959
Restaurant 163,Bangalore,Whitefield,Snack,Snack 8,1,107.0,Snack 8,bangalore,whitefield,19,9621551,12.9482782,77.7271159
Restaurant 163,Chennai,Anna Nagar,Main Course,Main Dish 40,1,519.4,Main Dish 40,chennai,anna nagar,50,4646732,13.0722743,80.256615
Restaurant 163,Chennai,Nungambakkam,Beverage / Dessert / Main Course,Beverage 9; Main Dish 38; Main Dish 23; Beverage 20; Dessert 9,5,317.4,Beverage 9; Main Dish 38; Main Dish 23; Beverage 20; Dessert 9,chennai,nungambakkam,30,4646732,13.0402246,80.1926345
Restaurant 163,Chennai,T. Nagar,Appetizer / Beverage / Main Course,Beverage 12; Beverage 6; Main Dish 7; Appetizer 2,4,202.5,Beverage 12; Beverage 6; Main Dish 7; Appetizer 2,chennai,t. nagar,34,4646732,12.9903643,80.201003
Restaurant 163,Chennai,Velachery,Appetizer,Appetizer 4,1,206.3,Appetizer 4,chennai,velachery,22,4646732,13.0293287,80.2436963
Restaurant 163,Mumbai,Andheri,Dessert / Main Course,Dessert 1; Main Dish 8,2,311.7,Dessert 1; Main Dish 8,mumbai,andheri,22,12442373,19.1264043,72.7982855
Restaurant 163,Mumbai,Bandra,Main Course,Main Dish 28,1,270.8,Main Dish 28,mumbai,bandra,35,12442373,19.022545,72.8073195
Restaurant 163,Mumbai,Goregaon,Beverage,Beverage 3,1,228.5,Beverage 3,mumbai,goregaon,47,12442373,19.1781427,72.8137296
Restaurant 163,New Delhi,Connaught Place,Appetizer / Beverage / Main Course,Beverage 11; Main Dish 20; Beverage 4; Appetizer 10,4,269.9,Beverage 11; Main Dish 20; Beverage 4; Appetizer 10,new delhi,connaught place,14,5000000,28.6457405,77.2734031
Restaurant 163,New Delhi,Hauz Khas,Main Course,Main Dish 48,1,271.3,Main Dish 48,new delhi,hauz khas,33,5000000,28.5734118,77.1527794
Restaurant 163,New Delhi,Karol Bagh,Snack,Snack 2,1,173.1,Snack 2,new delhi,karol bagh,13,5000000,28.6797345,77.1425126
Restaurant 163,New Delhi,Saket,Appetizer,Appetizer 15,1,180.2,Appetizer 15,new delhi,saket,55,5000000,28.5374607,77.2636537
Restaurant 163,Pune,Aundh,Beverage,Beverage 11,1,55.6,Beverage 11,pune,aundh,41,9429408,18.6006795,73.798228
Restaurant 163,Pune,Baner,Main Course,Main Dish 21,1,437.0,Main Dish 21,pune,baner,49,9429408,18.5230257,73.7674838
Restaurant 163,Pune,Hinjawadi,Main Course,Main Dish 42,1,345.3,Main Dish 42,pune,hinjawadi,13,9429408,18.6216559,73.7042475
Restaurant 163,Pune,Kothrud,Appetizer / Main Course,Appetizer 6; Appetizer 3; Main Dish 35; Main Dish 30,4,313.2,Appetizer 6; Appetizer 3; Main Dish 35; Main Dish 30,pune,kothrud,32,9429408,18.4704183,73.8361208
Restaurant 164,Bangalore,Indiranagar,Appetizer,Appetizer 2,1,173.7,Appetizer 2,bangalore,indiranagar,50,9621551,12.9872623,77.6944899
Restaurant 164,Bangalore,Jayanagar,Beverage / Main Course,Beverage 12; Main Dish 34,2,365.6,Beverage 12; Main Dish 34,bangalore,jayanagar,40,9621551,12.8818085,77.5515899
Restaurant 164,Bangalore,Koramangala,Dessert / Main Course,Main Dish 8; Dessert 2,2,429.1,Main Dish 8; Dessert 2,bangalore,koramangala,26,9621551,12.9848998,77.6449267
Restaurant 164,Bangalore,Mg Road,Beverage / Main Course,Beverage 19; Main Dish 19,2,284.5,Beverage 19; Main Dish 19,bangalore,mg road,54,9621551,13.0013411,77.5582248
Restaurant 164,Bangalore,Whitefield,Main Course,Main Dish 31; Main Dish 20,2,357.0,Main Dish 31; Main Dish 20,bangalore,whitefield,19,9621551,13.0523581,77.7484904
Restaurant 164,Chennai,Adyar,Main Course,Main Dish 7,1,329.0,Main Dish 7,chennai,adyar,32,4646732,13.0322647,80.2092137
Restaurant 164,Chennai,Nungambakkam,Beverage / Main Course,Main Dish 13; Main Dish 29; Beverage 11,3,189.2,Main Dish 13; Main Dish 29; Beverage 11,chennai,nungambakkam,30,4646732,13.1112258,80.2613327
Restaurant 164,Chennai,T. Nagar,Beverage,Beverage 12,1,47.4,Beverage 12,chennai,t. nagar,34,4646732,13.0944442,80.2223775
Restaurant 164,Chennai,Velachery,Dessert / Snack,Dessert 13; Snack 12,2,130.3,Dessert 13; Snack 12,chennai,velachery,22,4646732,12.9290791,80.2409563
Restaurant 164,Mumbai,Andheri,Appetizer / Snack,Snack 11; Appetizer 10,2,101.0,Snack 11; Appetizer 10,mumbai,andheri,22,12442373,19.147721,72.8871028
Restaurant 164,Mumbai,Bandra,Main Course,Main Dish 36,1,672.7,Main Dish 36,mumbai,bandra,35,12442373,19.1019183,72.842612
Restaurant 164,Mumbai,Goregaon,Appetizer,Appetizer 18,1,153.3,Appetizer 18,mumbai,goregaon,47,12442373,19.1795787,72.8856687
Restaurant 164,Mumbai,Juhu,Appetizer / Main Course,Main Dish 32; Appetizer 12; Main Dish 27,3,384.6,Main Dish 32; Appetizer 12; Main Dish 27,mumbai,juhu,51,12442373,19.1086838,72.8728971
Restaurant 164,Mumbai,Powai,Main Course,Main Dish 19,1,721.7,Main Dish 19,mumbai,powai,35,12442373,19.1203818,72.9527172
Restaurant 164,New Delhi,Connaught Place,Appetizer / Beverage / Dessert / Main Course / Snack,Snack 8; Main Dish 18; Beverage 16; Appetizer 6; Dessert 20,5,296.8,Snack 8; Main Dish 18; Beverage 16; Appetizer 6; Dessert 20,new delhi,connaught place,14,5000000,28.5843049,77.1885474
Restaurant 164,New Delhi,Hauz Khas,Main Course / Snack,Main Dish 28; Snack 7; Main Dish 14; Main Dish 36,4,211.7,Main Dish 28; Snack 7; Main Dish 14; Main Dish 36,new delhi,hauz khas,33,5000000,28.5615681,77.2553675
Restaurant 164,New Delhi,Karol Bagh,Appetizer / Main Course,Main Dish 1; Appetizer 11,2,321.4,Main Dish 1; Appetizer 11,new delhi,karol bagh,13,5000000,28.6678908,77.2451007
Restaurant 164,New Delhi,Rajouri Garden,Appetizer / Main Course,Main Dish 45; Appetizer 15,2,422.0,Main Dish 45; Appetizer 15,new delhi,rajouri garden,35,5000000,28.6010068,77.0896272
Restaurant 164,New Delhi,Saket,Appetizer / Beverage / Main Course / Snack,Beverage 5; Snack 10; Appetizer 13; Main Dish 23; Beverage 2; Main Dish 24; Beverage 9,7,250.4,Beverage 5; Snack 10; Appetizer 13; Main Dish 23; Beverage 2; Main Dish 24; Beverage 9,new delhi,saket,55,5000000,28.4760251,77.178798
Restaurant 164,Pune,Aundh,Dessert / Main Course,Main Dish 27; Dessert 2,2,238.7,Main Dish 27; Dessert 2,pune,aundh,41,9429408,18.5409562,73.845917
Restaurant 164,Pune,Baner,Appetizer / Dessert,Dessert 20; Appetizer 11,2,315.8,Dessert 20; Appetizer 11,pune,baner,49,9429408,18.5977898,73.7725555
Restaurant 164,Pune,Hinjawadi,Appetizer / Beverage / Main Course,Appetizer 4; Main Dish 47; Beverage 11,3,162.7,Appetizer 4; Main Dish 47; Beverage 11,pune,hinjawadi,13,9429408,18.5944155,73.7835847
Restaurant 164,Pune,Viman Nagar,Appetizer,Appetizer 6,1,60.2,Appetizer 6,pune,viman nagar,44,9429408,18.6091838,73.9013659
Restaurant 165,Bangalore,Indiranagar,Appetizer / Main Course,Appetizer 12; Main Dish 17,2,143.9,Appetizer 12; Main Dish 17,bangalore,indiranagar,50,9621551,12.9258267,77.6096342
Restaurant 165,Bangalore,Jayanagar,Dessert / Main Course,Main Dish 42; Dessert 13,2,249.9,Main Dish 42; Dessert 13,bangalore,jayanagar,40,9621551,12.9858884,77.5729644
Restaurant 165,Bangalore,Koramangala,Appetizer / Beverage / Dessert,Beverage 15; Dessert 1; Appetizer 5,3,181.4,Beverage 15; Dessert 1; Appetizer 5,bangalore,koramangala,26,9621551,12.8846502,77.6421867
Restaurant 165,Bangalore,Whitefield,Appetizer / Snack,Appetizer 2; Snack 4,2,140.5,Appetizer 2; Snack 4,bangalore,whitefield,19,9621551,12.9598929,77.8037968
Restaurant 165,Chennai,Adyar,Beverage / Dessert / Main Course,Main Dish 30; Main Dish 23; Beverage 7; Dessert 9,4,398.7,Main Dish 30; Main Dish 23; Beverage 7; Dessert 9,chennai,adyar,32,4646732,13.020421,80.3118018
Restaurant 165,Chennai,Nungambakkam,Main Course,Main Dish 32,1,762.9,Main Dish 32,chennai,nungambakkam,30,4646732,13.0109762,80.2585927
Restaurant 165,Chennai,T. Nagar,Appetizer / Dessert / Main Course,Dessert 3; Main Dish 41; Main Dish 18; Appetizer 15,4,357.6,Dessert 3; Main Dish 41; Main Dish 18; Appetizer 15,chennai,t. nagar,34,4646732,13.001979,80.2776839
Restaurant 165,Chennai,Velachery,Main Course,Main Dish 16,1,582.2,Main Dish 16,chennai,velachery,22,4646732,13.0059802,80.1742852
Restaurant 165,Mumbai,Andheri,Beverage / Main Course / Snack,Snack 10; Main Dish 47; Snack 14; Beverage 19,4,260.5,Snack 10; Main Dish 47; Snack 14; Beverage 19,mumbai,andheri,22,12442373,19.0707738,72.8351731
Restaurant 165,Mumbai,Bandra,Main Course,Main Dish 20,1,314.8,Main Dish 20,mumbai,bandra,35,12442373,19.0181357,72.8706735
Restaurant 165,Mumbai,Juhu,Main Course / Snack,Snack 9; Main Dish 46,2,323.4,Snack 9; Main Dish 46,mumbai,juhu,51,12442373,19.0745873,72.7946267
Restaurant 165,Mumbai,Powai,Main Course / Snack,Main Dish 22; Snack 14; Snack 13,3,203.3,Main Dish 22; Snack 14; Snack 13,mumbai,powai,35,12442373,19.0862853,72.8744468
Restaurant 165,New Delhi,Connaught Place,Appetizer / Beverage / Main Course,Appetizer 14; Main Dish 31; Beverage 1,3,175.3,Appetizer 14; Main Dish 31; Beverage 1,new delhi,connaught place,14,5000000,28.6883848,77.2099219
Restaurant 165,New Delhi,Hauz Khas,Appetizer / Dessert / Main Course,Appetizer 8; Dessert 7; Main Dish 6,3,144.5,Appetizer 8; Dessert 7; Main Dish 6,new delhi,hauz khas,33,5000000,28.5001325,77.1705118
Restaurant 165,New Delhi,Karol Bagh,Appetizer / Main Course,Appetizer 13; Main Dish 10; Main Dish 27,3,262.5,Appetizer 13; Main Dish 10; Main Dish 27,new delhi,karol bagh,13,5000000,28.6064552,77.160245
Restaurant 165,New Delhi,Rajouri Garden,Main Course,Main Dish 31,1,586.4,Main Dish 31,new delhi,rajouri garden,35,5000000,28.7050867,77.1110017
Restaurant 165,New Delhi,Saket,Appetizer / Beverage / Main Course,Appetizer 13; Main Dish 13; Beverage 8; Main Dish 25,4,334.7,Appetizer 13; Main Dish 13; Beverage 8; Main Dish 25,new delhi,saket,55,5000000,28.580105,77.2001725
Restaurant 165,Pune,Aundh,Main Course,Main Dish 50; Main Dish 9; Main Dish 13,3,480.9,Main Dish 50; Main Dish 9; Main Dish 13,pune,aundh,41,9429408,18.5530169,73.7689377
Restaurant 165,Pune,Baner,Dessert,Dessert 17,1,174.3,Dessert 17,pune,baner,49,9429408,18.5380665,73.8202445
Restaurant 165,Pune,Hinjawadi,Appetizer / Main Course,Main Dish 11; Appetizer 13,2,316.9,Main Dish 11; Appetizer 13,pune,hinjawadi,13,9429408,18.560319,73.7053143
Restaurant 165,Pune,Viman Nagar,Appetizer,Appetizer 3; Appetizer 15,2,143.7,Appetizer 3; Appetizer 15,pune,viman nagar,44,9429408,18.5494605,73.9490549
Restaurant 166,Bangalore,Indiranagar,Main Course / Snack,Main Dish 16; Snack 6,2,224.5,Main Dish 16; Snack 6,bangalore,indiranagar,50,9621551,13.0299066,77.6310087
Restaurant 166,Bangalore,Jayanagar,Dessert / Main Course,Main Dish 26; Dessert 20; Main Dish 25,3,387.1,Main Dish 26; Dessert 20; Main Dish 25,bangalore,jayanagar,40,9621551,12.8934232,77.6282708
Restaurant 166,Bangalore,Koramangala,Main Course,Main Dish 49; Main Dish 37,2,317.2,Main Dish 49; Main Dish 37,bangalore,koramangala,26,9621551,12.9615513,77.5755156
Restaurant 166,Bangalore,Mg Road,Beverage / Dessert / Main Course / Snack,Dessert 12; Main Dish 12; Beverage 14; Snack 10,4,297.7,Dessert 12; Main Dish 12; Beverage 14; Snack 10,bangalore,mg road,54,9621551,12.9894974,77.6608129
Restaurant 166,Bangalore,Whitefield,Beverage / Main Course,Main Dish 11; Beverage 4; Main Dish 13,3,282.1,Main Dish 11; Beverage 4; Main Dish 13,bangalore,whitefield,19,9621551,12.9911451,77.6991283
Restaurant 166,Chennai,Adyar,Beverage,Beverage 19,1,32.5,Beverage 19,chennai,adyar,32,4646732,12.9589854,80.2269461
Restaurant 166,Chennai,Anna Nagar,Main Course,Main Dish 34,1,776.8,Main Dish 34,chennai,anna nagar,50,4646732,13.066411,80.1594873
Restaurant 166,Chennai,Nungambakkam,Beverage / Main Course,Beverage 5; Beverage 7; Main Dish 23,3,409.8,Beverage 5; Beverage 7; Main Dish 23,chennai,nungambakkam,30,4646732,13.0878773,80.1919216
Restaurant 166,Chennai,T. Nagar,Beverage / Dessert / Main Course,Main Dish 12; Beverage 13; Dessert 17,3,379.6,Main Dish 12; Beverage 13; Dessert 17,chennai,t. nagar,34,4646732,13.0332312,80.1730154
Restaurant 166,Chennai,Velachery,Appetizer / Beverage / Dessert / Main Course,Main Dish 37; Beverage 18; Appetizer 17; Dessert 16,4,385.0,Main Dish 37; Beverage 18; Appetizer 17; Dessert 16,chennai,velachery,22,4646732,12.9941365,80.2768733
Restaurant 166,Mumbai,Andheri,Beverage / Dessert,Beverage 20; Dessert 18,2,272.9,Beverage 20; Dessert 18,mumbai,andheri,22,12442373,19.1640659,72.8212718
Restaurant 166,Mumbai,Bandra,Beverage / Main Course,Main Dish 21; Beverage 12,2,298.7,Main Dish 21; Beverage 12,mumbai,bandra,35,12442373,19.0616859,72.7920853
Restaurant 166,Mumbai,Goregaon,Main Course,Main Dish 24; Main Dish 31,2,518.6,Main Dish 24; Main Dish 31,mumbai,goregaon,47,12442373,19.1289008,72.8325098
Restaurant 166,Mumbai,Powai,Appetizer / Main Course,Main Dish 32; Main Dish 40; Appetizer 17,3,304.8,Main Dish 32; Main Dish 40; Appetizer 17,mumbai,powai,35,12442373,19.1656586,72.9097393
Restaurant 166,New Delhi,Hauz Khas,Appetizer / Beverage / Main Course,Main Dish 39; Beverage 4; Appetizer 7; Main Dish 5; Appetizer 11,5,287.0,Main Dish 39; Beverage 4; Appetizer 7; Main Dish 5; Appetizer 11,new delhi,hauz khas,33,5000000,28.6042124,77.1918863
Restaurant 166,New Delhi,Rajouri Garden,Main Course,Main Dish 18; Main Dish 43,2,264.5,Main Dish 18; Main Dish 43,new delhi,rajouri garden,35,5000000,28.6126215,77.1663081
Restaurant 166,New Delhi,Saket,Appetizer,Appetizer 5,1,242.8,Appetizer 5,new delhi,saket,55,5000000,28.4876398,77.2554789
Restaurant 166,Pune,Aundh,Beverage,Beverage 3; Beverage 17,2,256.3,Beverage 3; Beverage 17,pune,aundh,41,9429408,18.596943,73.8350919
Restaurant 166,Pune,Kothrud,Main Course / Snack,Snack 8; Main Dish 39,2,243.7,Snack 8; Main Dish 39,pune,kothrud,32,9429408,18.5139685,73.7575326
Restaurant 166,Pune,Viman Nagar,Beverage,Beverage 6,1,283.8,Beverage 6,pune,viman nagar,44,9429408,18.5615212,73.8720756
Restaurant 167,Bangalore,Indiranagar,Beverage,Beverage 2,1,210.1,Beverage 2,bangalore,indiranagar,50,9621551,12.9374414,77.6863151
Restaurant 167,Bangalore,Jayanagar,Main Course,Main Dish 4; Main Dish 6,2,420.4,Main Dish 4; Main Dish 6,bangalore,jayanagar,40,9621551,12.9246754,77.5236023
Restaurant 167,Bangalore,Koramangala,Main Course,Main Dish 4,1,598.3,Main Dish 4,bangalore,koramangala,26,9621551,12.9497076,77.6781037
Restaurant 167,Bangalore,Mg Road,Beverage,Beverage 4,1,182.6,Beverage 4,bangalore,mg road,54,9621551,12.9280618,77.5759572
Restaurant 167,Bangalore,Whitefield,Appetizer / Main Course / Snack,Snack 3; Appetizer 3; Appetizer 19; Main Dish 11,4,243.9,Snack 3; Appetizer 3; Appetizer 19; Main Dish 11,bangalore,whitefield,19,9621551,13.0394506,77.7987615
Restaurant 167,Chennai,Adyar,Beverage / Dessert / Main Course,Dessert 9; Main Dish 13; Beverage 11,3,343.7,Dessert 9; Main Dish 13; Beverage 11,chennai,adyar,32,4646732,13.0630653,80.2483206
Restaurant 167,Chennai,Anna Nagar,Appetizer / Beverage / Main Course,Main Dish 1; Beverage 6; Appetizer 4; Beverage 4,4,275.5,Main Dish 1; Beverage 6; Appetizer 4; Beverage 4,chennai,anna nagar,50,4646732,13.1374122,80.2281855
Restaurant 167,Chennai,Nungambakkam,Dessert,Dessert 5,1,123.8,Dessert 5,chennai,nungambakkam,30,4646732,13.0760336,80.2945097
Restaurant 167,Chennai,T. Nagar,Appetizer / Dessert / Main Course,Dessert 2; Main Dish 3; Dessert 6; Appetizer 11; Main Dish 18; Dessert 20,6,314.0,Dessert 2; Main Dish 3; Dessert 6; Appetizer 11; Main Dish 18; Dessert 20,chennai,t. nagar,34,4646732,13.0815367,80.2726486
Restaurant 167,Chennai,Velachery,Appetizer / Beverage / Dessert / Main Course,Main Dish 5; Beverage 17; Main Dish 26; Dessert 12; Appetizer 3,5,410.5,Main Dish 5; Beverage 17; Main Dish 26; Dessert 12; Appetizer 3,chennai,velachery,22,4646732,12.9327009,80.1920176
Restaurant 167,Mumbai,Bandra,Main Course,Main Dish 40,1,510.8,Main Dish 40,mumbai,bandra,35,12442373,19.0830026,72.8809026
Restaurant 167,Mumbai,Goregaon,Snack,Snack 8,1,149.6,Snack 8,mumbai,goregaon,47,12442373,19.2036649,72.8375815
Restaurant 167,Mumbai,Powai,Beverage / Main Course,Main Dish 36; Beverage 14,2,426.9,Main Dish 36; Beverage 14,mumbai,powai,35,12442373,19.081876,72.9378008
Restaurant 167,New Delhi,Connaught Place,Appetizer / Dessert / Main Course,Main Dish 37; Dessert 9; Appetizer 9; Main Dish 4,4,245.1,Main Dish 37; Dessert 9; Appetizer 9; Main Dish 4,new delhi,connaught place,14,5000000,28.5959196,77.2652283
Restaurant 167,New Delhi,Hauz Khas,Appetizer,Appetizer 4,1,108.4,Appetizer 4,new delhi,hauz khas,33,5000000,28.5117472,77.2471927
Restaurant 167,New Delhi,Karol Bagh,Appetizer,Appetizer 19,1,148.0,Appetizer 19,new delhi,karol bagh,13,5000000,28.7105351,77.1816195
Restaurant 167,New Delhi,Rajouri Garden,Dessert / Main Course,Dessert 16; Main Dish 6; Main Dish 13; Dessert 19,4,506.5,Dessert 16; Main Dish 6; Main Dish 13; Dessert 19,new delhi,rajouri garden,35,5000000,28.6438737,77.0616396
Restaurant 167,New Delhi,Saket,Appetizer / Beverage,Appetizer 1; Beverage 20,2,217.4,Appetizer 1; Beverage 20,new delhi,saket,55,5000000,28.518892,77.1508104
Restaurant 167,Pune,Aundh,Beverage / Snack,Snack 6; Beverage 4,2,114.2,Snack 6; Beverage 4,pune,aundh,41,9429408,18.5184205,73.8156197
Restaurant 167,Pune,Hinjawadi,Dessert / Main Course,Dessert 18; Main Dish 25,2,517.1,Dessert 18; Main Dish 25,pune,hinjawadi,13,9429408,18.6396923,73.7406068
Restaurant 167,Pune,Kothrud,Appetizer / Main Course,Appetizer 20; Main Dish 18,2,276.5,Appetizer 20; Main Dish 18,pune,kothrud,32,9429408,18.5352852,73.8463499
Restaurant 168,Bangalore,Indiranagar,Dessert,Dessert 17,1,305.6,Dessert 17,bangalore,indiranagar,50,9621551,12.9686936,77.5816466
Restaurant 168,Bangalore,Jayanagar,Main Course,Main Dish 32,1,792.0,Main Dish 32,bangalore,jayanagar,40,9621551,12.9729809,77.6232355
Restaurant 168,Bangalore,Koramangala,Dessert / Main Course,Main Dish 22; Dessert 6; Main Dish 20; Main Dish 2,4,424.6,Main Dish 22; Dessert 6; Main Dish 20; Main Dish 2,bangalore,koramangala,26,9621551,12.888272,77.593248
Restaurant 168,Bangalore,Mg Road,Snack,Snack 8,1,189.4,Snack 8,bangalore,mg road,54,9621551,13.0321417,77.5973317
Restaurant 168,Bangalore,Whitefield,Beverage / Main Course,Main Dish 49; Main Dish 44; Beverage 4,3,375.7,Main Dish 49; Main Dish 44; Beverage 4,bangalore,whitefield,19,9621551,12.9351455,77.7573718
Restaurant 168,Chennai,Adyar,Beverage / Main Course,Beverage 11; Main Dish 34; Main Dish 33,3,176.2,Beverage 11; Main Dish 34; Main Dish 33,chennai,adyar,32,4646732,12.9706001,80.303627
Restaurant 168,Chennai,Anna Nagar,Dessert / Main Course,Main Dish 31; Dessert 16; Main Dish 37,3,440.6,Main Dish 31; Dessert 16; Main Dish 37,chennai,anna nagar,50,4646732,13.0371626,80.2254455
Restaurant 168,Chennai,Nungambakkam,Appetizer / Dessert,Dessert 5; Appetizer 5; Appetizer 4,3,174.6,Dessert 5; Appetizer 5; Appetizer 4,chennai,nungambakkam,30,4646732,13.014598,80.209654
Restaurant 168,Chennai,T. Nagar,Appetizer,Appetizer 8,1,95.9,Appetizer 8,chennai,t. nagar,34,4646732,12.9772316,80.2312589
Restaurant 168,Chennai,Velachery,Appetizer / Dessert / Main Course / Snack,Snack 11; Dessert 11; Main Dish 38; Appetizer 13; Snack 3,5,183.7,Snack 11; Dessert 11; Main Dish 38; Appetizer 13; Snack 3,chennai,velachery,22,4646732,13.0367808,80.2133921
Restaurant 168,Mumbai,Andheri,Main Course,Main Dish 4,1,210.8,Main Dish 4,mumbai,andheri,22,12442373,19.1037229,72.8956957
Restaurant 168,Mumbai,Bandra,Dessert,Dessert 5; Dessert 2,2,234.7,Dessert 5; Dessert 2,mumbai,bandra,35,12442373,19.0060554,72.8289729
Restaurant 168,Mumbai,Goregaon,Main Course,Main Dish 16,1,455.5,Main Dish 16,mumbai,goregaon,47,12442373,19.1439416,72.8852705
Restaurant 168,Mumbai,Juhu,Dessert / Main Course,Dessert 16; Main Dish 29,2,463.4,Dessert 16; Main Dish 29,mumbai,juhu,51,12442373,19.1539606,72.8299192
Restaurant 168,New Delhi,Connaught Place,Appetizer / Main Course,Appetizer 6; Main Dish 42,2,253.3,Appetizer 6; Main Dish 42,new delhi,connaught place,14,5000000,28.6271718,77.1605598
Restaurant 168,New Delhi,Hauz Khas,Main Course,Main Dish 30,1,592.2,Main Dish 30,new delhi,hauz khas,33,5000000,28.5429994,77.1425242
Restaurant 168,New Delhi,Karol Bagh,Dessert / Main Course / Snack,Main Dish 36; Snack 3; Dessert 14,3,318.6,Main Dish 36; Snack 3; Dessert 14,new delhi,karol bagh,13,5000000,28.6180699,77.2369259
Restaurant 168,New Delhi,Rajouri Garden,Main Course,Main Dish 26; Main Dish 50,2,301.6,Main Dish 26; Main Dish 50,new delhi,rajouri garden,35,5000000,28.6921792,77.1612728
Restaurant 168,New Delhi,Saket,Main Course,Main Dish 25; Main Dish 45; Main Dish 41,3,470.8,Main Dish 25; Main Dish 45; Main Dish 41,new delhi,saket,55,5000000,28.5671975,77.2504436
Restaurant 168,Pune,Aundh,Appetizer,Appetizer 11,1,228.0,Appetizer 11,pune,aundh,41,9429408,18.5907861,73.7762281
Restaurant 168,Pune,Baner,Appetizer,Appetizer 15,1,109.6,Appetizer 15,pune,baner,49,9429408,18.5501272,73.7432652
Restaurant 168,Pune,Hinjawadi,Beverage,Beverage 18,1,205.7,Beverage 18,pune,hinjawadi,13,9429408,18.5559097,73.7686683
Restaurant 168,Pune,Kothrud,Dessert / Main Course,Main Dish 38; Dessert 4,2,348.0,Main Dish 38; Dessert 4,pune,kothrud,32,9429408,18.458338,73.7944202
Restaurant 168,Pune,Viman Nagar,Appetizer,Appetizer 7,1,179.0,Appetizer 7,pune,viman nagar,44,9429408,18.6054473,73.9382298
Restaurant 169,Bangalore,Indiranagar,Beverage / Main Course / Snack,Snack 12; Beverage 3; Main Dish 34,3,393.5,Snack 12; Beverage 3; Main Dish 34,bangalore,indiranagar,50,9621551,13.0169991,77.6812798
Restaurant 169,Bangalore,Jayanagar,Appetizer / Snack,Appetizer 1; Snack 10; Snack 8,3,132.7,Appetizer 1; Snack 10; Snack 8,bangalore,jayanagar,40,9621551,12.8686758,77.5818458
Restaurant 169,Bangalore,Mg Road,Appetizer / Beverage,Beverage 5; Appetizer 2,2,166.3,Beverage 5; Appetizer 2,bangalore,mg road,54,9621551,12.9396765,77.6526381
Restaurant 169,Bangalore,Whitefield,Appetizer / Dessert,Dessert 11; Appetizer 18,2,251.0,Dessert 11; Appetizer 18,bangalore,whitefield,19,9621551,13.0414101,77.7169067
Restaurant 169,Chennai,Adyar,Beverage,Beverage 7,1,67.8,Beverage 7,chennai,adyar,32,4646732,13.0018523,80.1989585
Restaurant 169,Chennai,Anna Nagar,Dessert / Snack,Dessert 14; Snack 7,2,238.6,Dessert 14; Snack 7,chennai,anna nagar,50,4646732,13.1140637,80.1587744
Restaurant 169,Chennai,Nungambakkam,Main Course,Main Dish 35,1,154.8,Main Dish 35,chennai,nungambakkam,30,4646732,13.1186779,80.2310285
Restaurant 169,Chennai,T. Nagar,Appetizer,Appetizer 10,1,112.0,Appetizer 10,chennai,t. nagar,34,4646732,13.0834962,80.1907938
Restaurant 169,Chennai,Velachery,Beverage / Dessert / Main Course,Dessert 18; Beverage 19; Main Dish 42,3,319.1,Dessert 18; Beverage 19; Main Dish 42,chennai,velachery,22,4646732,12.9443156,80.2686985
Restaurant 169,Mumbai,Andheri,Appetizer / Beverage,Beverage 19; Appetizer 11,2,159.4,Beverage 19; Appetizer 11,mumbai,andheri,22,12442373,19.0978596,72.798568
Restaurant 169,Mumbai,Bandra,Beverage / Dessert,Dessert 9; Beverage 17,2,182.7,Dessert 9; Beverage 17,mumbai,bandra,35,12442373,19.0993475,72.8150716
Restaurant 169,Mumbai,Goregaon,Appetizer / Snack,Appetizer 17; Snack 12,2,212.7,Appetizer 17; Snack 12,mumbai,goregaon,47,12442373,19.1560023,72.8082912
Restaurant 169,Mumbai,Powai,Main Course,Main Dish 31,1,434.8,Main Dish 31,mumbai,powai,35,12442373,19.1254262,72.8592126
Restaurant 169,New Delhi,Connaught Place,Appetizer / Dessert / Main Course,Main Dish 32; Dessert 14; Main Dish 15; Dessert 12; Appetizer 11,5,275.5,Main Dish 32; Dessert 14; Main Dish 15; Dessert 12; Appetizer 11,new delhi,connaught place,14,5000000,28.6754773,77.260193
Restaurant 169,New Delhi,Hauz Khas,Main Course,Main Dish 28,1,469.9,Main Dish 28,new delhi,hauz khas,33,5000000,28.5913049,77.2421574
Restaurant 169,New Delhi,Karol Bagh,Appetizer / Beverage / Main Course,Main Dish 46; Beverage 6; Appetizer 16,3,191.5,Main Dish 46; Beverage 6; Appetizer 16,new delhi,karol bagh,13,5000000,28.6493221,77.1322574
Restaurant 169,New Delhi,Rajouri Garden,Main Course / Snack,Snack 10; Main Dish 24,2,348.4,Snack 10; Main Dish 24,new delhi,rajouri garden,35,5000000,28.5878741,77.1198831
Restaurant 169,New Delhi,Saket,Dessert / Main Course,Dessert 2; Main Dish 27,2,333.9,Dessert 2; Main Dish 27,new delhi,saket,55,5000000,28.4628924,77.2090539
Restaurant 169,Pune,Aundh,Snack,Snack 9,1,188.7,Snack 9,pune,aundh,41,9429408,18.5635457,73.8555653
Restaurant 169,Pune,Viman Nagar,Main Course / Snack,Main Dish 26; Main Dish 32; Snack 11,3,276.9,Main Dish 26; Main Dish 32; Snack 11,pune,viman nagar,44,9429408,18.5269248,73.9187576
Restaurant 17,Bangalore,Indiranagar,Appetizer / Beverage / Main Course,Beverage 2; Main Dish 20; Appetizer 13; Beverage 12,4,208.3,Beverage 2; Main Dish 20; Appetizer 13; Beverage 12,bangalore,indiranagar,50,9621551,12.912694,77.6398901
Restaurant 17,Bangalore,Jayanagar,Appetizer / Beverage / Main Course,Appetizer 14; Main Dish 40; Beverage 8; Main Dish 16,4,247.4,Appetizer 14; Main Dish 40; Beverage 8; Main Dish 16,bangalore,jayanagar,40,9621551,12.9749404,77.5413807
Restaurant 17,Bangalore,Koramangala,Appetizer / Main Course,Appetizer 10; Main Dish 13,2,304.7,Appetizer 10; Main Dish 13,bangalore,koramangala,26,9621551,12.9923519,77.6146225
Restaurant 17,Bangalore,Mg Road,Appetizer / Dessert / Main Course,Appetizer 12; Main Dish 7; Dessert 2,3,297.7,Appetizer 12; Main Dish 7; Dessert 2,bangalore,mg road,54,9621551,12.9709287,77.5479696
Restaurant 17,Bangalore,Whitefield,Appetizer / Dessert,Appetizer 20; Dessert 6,2,210.2,Appetizer 20; Dessert 6,bangalore,whitefield,19,9621551,12.9897154,77.8198562
Restaurant 17,Chennai,Adyar,Main Course,Main Dish 9,1,355.7,Main Dish 9,chennai,adyar,32,4646732,13.0501578,80.2985917
Restaurant 17,Chennai,Anna Nagar,Appetizer / Dessert / Main Course,Main Dish 26; Dessert 5; Main Dish 46; Appetizer 19,4,271.7,Main Dish 26; Dessert 5; Main Dish 46; Appetizer 19,chennai,anna nagar,50,4646732,13.10222,80.2613625
Restaurant 17,Chennai,Nungambakkam,Appetizer / Beverage / Main Course / Snack,Main Dish 9; Snack 1; Appetizer 20; Main Dish 21; Beverage 3,5,286.4,Main Dish 9; Snack 1; Appetizer 20; Main Dish 21; Beverage 3,chennai,nungambakkam,30,4646732,13.0262127,80.2863349
Restaurant 17,Chennai,T. Nagar,Snack,Snack 4,1,53.3,Snack 4,chennai,t. nagar,34,4646732,13.0318015,80.2937433
Restaurant 17,Chennai,Velachery,Main Course / Snack,Snack 4; Main Dish 8; Main Dish 49; Snack 10,4,176.1,Snack 4; Main Dish 8; Main Dish 49; Snack 10,chennai,velachery,22,4646732,12.9755678,80.16403
Restaurant 17,Mumbai,Andheri,Main Course,Main Dish 11,1,753.6,Main Dish 11,mumbai,andheri,22,12442373,19.1688608,72.8672662
Restaurant 17,Mumbai,Bandra,Appetizer / Beverage,Beverage 19; Appetizer 13,2,233.9,Beverage 19; Appetizer 13,mumbai,bandra,35,12442373,19.0390045,72.8894955
Restaurant 17,Mumbai,Goregaon,Beverage,Beverage 20,1,236.2,Beverage 20,mumbai,goregaon,47,12442373,19.1999284,72.8744454
Restaurant 17,Mumbai,Juhu,Main Course,Main Dish 6,1,642.7,Main Dish 6,mumbai,juhu,51,12442373,19.070178,72.8579807
Restaurant 17,New Delhi,Connaught Place,Beverage / Main Course,Main Dish 27; Beverage 13; Main Dish 33,3,378.3,Main Dish 27; Beverage 13; Main Dish 33,new delhi,connaught place,14,5000000,28.5711722,77.2188033
Restaurant 17,New Delhi,Hauz Khas,Main Course,Main Dish 14,1,603.0,Main Dish 14,new delhi,hauz khas,33,5000000,28.4869998,77.2007677
Restaurant 17,New Delhi,Karol Bagh,Main Course,Main Dish 15; Main Dish 18; Main Dish 42,3,373.3,Main Dish 15; Main Dish 18; Main Dish 42,new delhi,karol bagh,13,5000000,28.6976276,77.2318906
Restaurant 17,New Delhi,Rajouri Garden,Beverage / Main Course,Beverage 15; Main Dish 16,2,127.2,Beverage 15; Main Dish 16,new delhi,rajouri garden,35,5000000,28.6941387,77.079418
Restaurant 17,New Delhi,Saket,Appetizer / Dessert / Main Course,Main Dish 30; Dessert 1; Appetizer 11,3,305.4,Main Dish 30; Dessert 1; Appetizer 11,new delhi,saket,55,5000000,28.569157,77.1685888
Restaurant 17,Pune,Aundh,Beverage / Main Course,Beverage 2; Main Dish 15,2,392.4,Beverage 2; Main Dish 15,pune,aundh,41,9429408,18.5294492,73.7772949
Restaurant 17,Pune,Baner,Main Course,Main Dish 28; Main Dish 48,2,317.6,Main Dish 28; Main Dish 48,pune,baner,49,9429408,18.5940533,73.8094194
Restaurant 17,Pune,Hinjawadi,Beverage / Main Course,Main Dish 10; Beverage 12,2,396.4,Main Dish 10; Beverage 12,pune,hinjawadi,13,9429408,18.5994599,73.6900801
Restaurant 17,Pune,Kothrud,Appetizer,Appetizer 12,1,154.0,Appetizer 12,pune,kothrud,32,9429408,18.5516301,73.7805189
Restaurant 17,Pune,Viman Nagar,Beverage / Main Course,Beverage 17; Main Dish 20; Main Dish 17,3,376.3,Beverage 17; Main Dish 20; Main Dish 17,pune,viman nagar,44,9429408,18.5992904,73.879366
Restaurant 170,Bangalore,Jayanagar,Main Course,Main Dish 35; Main Dish 29,2,317.4,Main Dish 35; Main Dish 29,bangalore,jayanagar,40,9621551,12.9232457,77.6443302
Restaurant 170,Bangalore,Koramangala,Beverage,Beverage 7; Beverage 18,2,158.6,Beverage 7; Beverage 18,bangalore,koramangala,26,9621551,12.8998867,77.6699289
Restaurant 170,Bangalore,Mg Road,Main Course,Main Dish 11,1,289.5,Main Dish 11,bangalore,mg road,54,9621551,13.0192342,77.6476028
Restaurant 170,Bangalore,Whitefield,Dessert,Dessert 20,1,327.6,Dessert 20,bangalore,whitefield,19,9621551,12.9578886,77.7075896
Restaurant 170,Chennai,Adyar,Appetizer / Dessert,Appetizer 7; Dessert 13,2,156.2,Appetizer 7; Dessert 13,chennai,adyar,32,4646732,12.9458527,80.257202
Restaurant 170,Chennai,Anna Nagar,Main Course,Main Dish 5; Main Dish 20; Main Dish 36,3,409.6,Main Dish 5; Main Dish 20; Main Dish 36,chennai,anna nagar,50,4646732,13.0407844,80.1765068
Restaurant 170,Chennai,Nungambakkam,Appetizer / Main Course,Main Dish 36; Appetizer 1; Main Dish 8,3,142.7,Main Dish 36; Appetizer 1; Main Dish 8,chennai,nungambakkam,30,4646732,13.0574649,80.1816664
Restaurant 170,Chennai,T. Nagar,Main Course / Snack,Main Dish 22; Main Dish 11; Snack 15,3,336.9,Main Dish 22; Main Dish 11; Snack 15,chennai,t. nagar,34,4646732,12.9999747,80.1814767
Restaurant 170,Chennai,Velachery,Appetizer,Appetizer 5,1,202.0,Appetizer 5,chennai,velachery,22,4646732,13.0238733,80.2636632
Restaurant 170,Mumbai,Bandra,Beverage / Main Course,Beverage 14; Main Dish 15,2,334.3,Beverage 14; Main Dish 15,mumbai,bandra,35,12442373,19.0331412,72.7923678
Restaurant 170,Mumbai,Goregaon,Beverage,Beverage 8,1,62.9,Beverage 8,mumbai,goregaon,47,12442373,19.1214059,72.8549732
Restaurant 170,New Delhi,Hauz Khas,Dessert / Main Course,Dessert 3; Main Dish 20,2,285.9,Dessert 3; Main Dish 20,new delhi,hauz khas,33,5000000,28.5932644,77.1603026
Restaurant 170,New Delhi,Rajouri Garden,Beverage / Dessert / Main Course / Snack,Main Dish 10; Dessert 19; Snack 9; Dessert 18; Beverage 16,5,286.9,Main Dish 10; Dessert 19; Snack 9; Dessert 18; Beverage 16,new delhi,rajouri garden,35,5000000,28.642444,77.1823675
Restaurant 170,New Delhi,Saket,Dessert,Dessert 19,1,382.8,Dessert 19,new delhi,saket,55,5000000,28.5174623,77.2715383
Restaurant 170,Pune,Aundh,Beverage,Beverage 1,1,42.1,Beverage 1,pune,aundh,41,9429408,18.6088225,73.8125874
Restaurant 170,Pune,Baner,Appetizer,Appetizer 14,1,231.9,Appetizer 14,pune,baner,49,9429408,18.5155308,73.7899472
Restaurant 170,Pune,Hinjawadi,Appetizer / Snack,Snack 12; Appetizer 7,2,175.8,Snack 12; Appetizer 7,pune,hinjawadi,13,9429408,18.6207766,73.7788974
Restaurant 170,Pune,Kothrud,Appetizer / Main Course,Main Dish 42; Appetizer 8; Main Dish 44,3,271.3,Main Dish 42; Appetizer 8; Main Dish 44,pune,kothrud,32,9429408,18.4912871,73.8549428
Restaurant 170,Pune,Viman Nagar,Main Course,Main Dish 29,1,759.3,Main Dish 29,pune,viman nagar,44,9429408,18.57205,73.9587032
Restaurant 171,Bangalore,Indiranagar,Appetizer / Beverage / Dessert / Main Course / Snack,Main Dish 35; Snack 9; Appetizer 1; Beverage 19; Dessert 13; Appetizer 10,6,223.6,Main Dish 35; Snack 9; Appetizer 1; Beverage 19; Dessert 13; Appetizer 10,bangalore,indiranagar,50,9621551,13.0189586,77.599425
Restaurant 171,Bangalore,Jayanagar,Appetizer / Beverage,Beverage 2; Appetizer 7,2,215.2,Beverage 2; Appetizer 7,bangalore,jayanagar,40,9621551,12.8914189,77.5320636
Restaurant 171,Bangalore,Koramangala,Beverage / Dessert / Main Course,Dessert 10; Beverage 17; Main Dish 1,3,392.1,Dessert 10; Beverage 17; Main Dish 1,bangalore,koramangala,26,9621551,12.9311389,77.5652604
Restaurant 171,Bangalore,Mg Road,Beverage,Beverage 2,1,179.1,Beverage 2,bangalore,mg road,54,9621551,12.9149291,77.6062131
Restaurant 171,Bangalore,Whitefield,Appetizer / Main Course,Appetizer 10; Appetizer 1; Main Dish 37,3,229.1,Appetizer 10; Appetizer 1; Main Dish 37,bangalore,whitefield,19,9621551,13.058459,77.7696587
Restaurant 171,Chennai,Anna Nagar,Appetizer,Appetizer 20,1,194.4,Appetizer 20,chennai,anna nagar,50,4646732,13.1448643,80.1978813
Restaurant 171,Chennai,Nungambakkam,Main Course,Main Dish 44; Main Dish 28,2,367.8,Main Dish 44; Main Dish 28,chennai,nungambakkam,30,4646732,13.1057704,80.2812996
Restaurant 171,Chennai,T. Nagar,Appetizer / Beverage,Beverage 3; Appetizer 12,2,118.2,Beverage 3; Appetizer 12,chennai,t. nagar,34,4646732,13.1005451,80.2435458
Restaurant 171,Chennai,Velachery,Dessert / Main Course,Dessert 5; Main Dish 36,2,383.2,Dessert 5; Main Dish 36,chennai,velachery,22,4646732,12.9195682,80.2222735
Restaurant 171,Mumbai,Andheri,Dessert / Main Course,Main Dish 31; Dessert 16; Dessert 20,3,222.0,Main Dish 31; Dessert 16; Dessert 20,mumbai,andheri,22,12442373,19.0686112,72.8645262
Restaurant 171,Mumbai,Juhu,Appetizer / Beverage / Dessert,Dessert 20; Beverage 16; Appetizer 17,3,222.3,Dessert 20; Beverage 16; Appetizer 17,mumbai,juhu,51,12442373,19.1137282,72.7793925
Restaurant 171,New Delhi,Connaught Place,Beverage / Dessert / Main Course,Main Dish 9; Dessert 15; Beverage 14,3,238.8,Main Dish 9; Dessert 15; Beverage 14,new delhi,connaught place,14,5000000,28.6774368,77.1783382
Restaurant 171,New Delhi,Hauz Khas,Appetizer / Main Course,Main Dish 25; Appetizer 1; Main Dish 32; Main Dish 4,4,383.1,Main Dish 25; Appetizer 1; Main Dish 32; Main Dish 4,new delhi,hauz khas,33,5000000,28.5415697,77.2632521
Restaurant 171,New Delhi,Karol Bagh,Dessert / Main Course / Snack,Main Dish 30; Snack 2; Dessert 6; Main Dish 50,4,450.5,Main Dish 30; Snack 2; Dessert 6; Main Dish 50,new delhi,karol bagh,13,5000000,28.5933225,77.1905009
Restaurant 171,New Delhi,Rajouri Garden,Appetizer / Snack,Snack 3; Appetizer 6,2,219.4,Snack 3; Appetizer 6,new delhi,rajouri garden,35,5000000,28.6106172,77.0701009
Restaurant 171,New Delhi,Saket,Beverage / Main Course,Main Dish 21; Beverage 1,2,371.7,Main Dish 21; Beverage 1,new delhi,saket,55,5000000,28.4856355,77.1592717
Restaurant 171,Pune,Baner,Dessert,Dessert 19,1,328.9,Dessert 19,pune,baner,49,9429408,18.5878964,73.7505556
Restaurant 171,Pune,Hinjawadi,Main Course,Main Dish 8,1,561.0,Main Dish 8,pune,hinjawadi,13,9429408,18.5438294,73.7269677
Restaurant 172,Bangalore,Indiranagar,Appetizer / Beverage / Dessert / Main Course,Main Dish 43; Dessert 6; Appetizer 17; Beverage 7,4,216.0,Main Dish 43; Dessert 6; Appetizer 17; Beverage 7,bangalore,indiranagar,50,9621551,12.9672639,77.7023745
Restaurant 172,Bangalore,Jayanagar,Dessert / Main Course / Snack,Dessert 6; Snack 1; Main Dish 43,3,212.2,Dessert 6; Snack 1; Main Dish 43,bangalore,jayanagar,40,9621551,12.9919893,77.5941327
Restaurant 172,Bangalore,Koramangala,Appetizer / Main Course,Appetizer 10; Main Dish 11; Main Dish 26; Main Dish 21,4,231.7,Appetizer 10; Main Dish 11; Main Dish 26; Main Dish 21,bangalore,koramangala,26,9621551,12.9794444,77.6648936
Restaurant 172,Bangalore,Mg Road,Main Course,Main Dish 28; Main Dish 7; Main Dish 26,3,419.6,Main Dish 28; Main Dish 7; Main Dish 26,bangalore,mg road,54,9621551,13.0211937,77.565748
Restaurant 172,Bangalore,Whitefield,Beverage / Main Course,Main Dish 6; Main Dish 28; Beverage 6; Beverage 19; Main Dish 15; Beverage 1; Beverage 20,7,396.2,Main Dish 6; Main Dish 28; Beverage 6; Beverage 19; Main Dish 15; Beverage 1; Beverage 20,bangalore,whitefield,19,9621551,12.940909,77.7921017
Restaurant 172,Chennai,Adyar,Appetizer / Beverage / Snack,Beverage 2; Snack 2; Appetizer 14; Appetizer 12; Appetizer 19,5,75.2,Beverage 2; Snack 2; Appetizer 14; Appetizer 12; Appetizer 19,chennai,adyar,32,4646732,13.0521173,80.2167369
Restaurant 172,Chennai,Anna Nagar,Appetizer / Beverage / Dessert / Main Course,Dessert 15; Beverage 13; Main Dish 24; Appetizer 17,4,142.2,Dessert 15; Beverage 13; Main Dish 24; Appetizer 17,chennai,anna nagar,50,4646732,13.0523991,80.2531877
Restaurant 172,Chennai,Nungambakkam,Appetizer / Beverage / Main Course,Main Dish 7; Beverage 17; Appetizer 9; Main Dish 13,4,413.2,Main Dish 7; Beverage 17; Appetizer 9; Main Dish 13,chennai,nungambakkam,30,4646732,13.0014653,80.2399099
Restaurant 172,Chennai,T. Nagar,Beverage / Main Course / Snack,Snack 14; Main Dish 43; Beverage 4; Main Dish 28,4,276.9,Snack 14; Main Dish 43; Beverage 4; Main Dish 28,chennai,t. nagar,34,4646732,12.9829951,80.2659888
Restaurant 172,Chennai,Velachery,Beverage / Main Course,Main Dish 18; Main Dish 48; Beverage 15,3,338.0,Main Dish 18; Main Dish 48; Beverage 15,chennai,velachery,22,4646732,13.0258328,80.1818084
Restaurant 172,Mumbai,Andheri,Beverage / Main Course,Main Dish 26; Beverage 20,2,171.6,Main Dish 26; Beverage 20,mumbai,andheri,22,12442373,19.1455123,72.7978551
Restaurant 172,Mumbai,Bandra,Main Course / Snack,Snack 6; Main Dish 8,2,245.0,Snack 6; Main Dish 8,mumbai,bandra,35,12442373,19.1041424,72.861066
Restaurant 172,Mumbai,Goregaon,Appetizer,Appetizer 4,1,198.2,Appetizer 4,mumbai,goregaon,47,12442373,19.1937715,72.8155816
Restaurant 172,Mumbai,Powai,Dessert / Main Course / Snack,Dessert 12; Main Dish 9; Snack 5,3,319.2,Dessert 12; Main Dish 9; Snack 5,mumbai,powai,35,12442373,19.1467429,72.9480299
Restaurant 172,New Delhi,Connaught Place,Appetizer / Beverage / Main Course,Appetizer 15; Beverage 14; Main Dish 5; Appetizer 17,4,163.2,Appetizer 15; Beverage 14; Main Dish 5; Appetizer 17,new delhi,connaught place,14,5000000,28.6257421,77.2812877
Restaurant 172,New Delhi,Hauz Khas,Main Course,Main Dish 41,1,396.0,Main Dish 41,new delhi,hauz khas,33,5000000,28.5097429,77.1509855
Restaurant 172,New Delhi,Karol Bagh,Dessert / Main Course,Main Dish 28; Main Dish 34; Dessert 16; Main Dish 3; Main Dish 37,5,493.7,Main Dish 28; Main Dish 34; Dessert 16; Main Dish 3; Main Dish 37,new delhi,karol bagh,13,5000000,28.6995871,77.1500358
Restaurant 172,New Delhi,Rajouri Garden,Appetizer / Main Course / Snack,Main Dish 35; Main Dish 5; Main Dish 13; Snack 7; Appetizer 4; Main Dish 37,6,422.5,Main Dish 35; Main Dish 5; Main Dish 13; Snack 7; Appetizer 4; Main Dish 37,new delhi,rajouri garden,35,5000000,28.7111876,77.13217
Restaurant 172,New Delhi,Saket,Appetizer,Appetizer 9,1,92.8,Appetizer 9,new delhi,saket,55,5000000,28.5862059,77.2213408
Restaurant 172,Pune,Aundh,Dessert,Dessert 5,1,180.3,Dessert 5,pune,aundh,41,9429408,18.5250399,73.8406489
Restaurant 172,Pune,Baner,Beverage,Beverage 13,1,30.9,Beverage 13,pune,baner,49,9429408,18.560656,73.8298928
Restaurant 172,Pune,Hinjawadi,Appetizer / Main Course,Appetizer 14; Main Dish 11,2,435.8,Appetizer 14; Main Dish 11,pune,hinjawadi,13,9429408,18.6371215,73.7130664
Restaurant 172,Pune,Viman Nagar,Dessert / Snack,Snack 2; Dessert 3,2,236.7,Snack 2; Dessert 3,pune,viman nagar,44,9429408,18.5379535,73.8804328
Restaurant 173,Bangalore,Indiranagar,Main Course,Main Dish 33,1,230.7,Main Dish 33,bangalore,indiranagar,50,9621551,12.9354371,77.5901079
Restaurant 173,Bangalore,Jayanagar,Appetizer / Beverage / Dessert / Snack,Appetizer 13; Dessert 18; Snack 9; Beverage 17,4,159.4,Appetizer 13; Dessert 18; Snack 9; Beverage 17,bangalore,jayanagar,40,9621551,12.8744393,77.6165757
Restaurant 173,Bangalore,Koramangala,Appetizer / Main Course,Main Dish 37; Appetizer 8; Appetizer 10,3,217.2,Main Dish 37; Appetizer 8; Appetizer 10,bangalore,koramangala,26,9621551,12.8751393,77.6235039
Restaurant 173,Bangalore,Mg Road,Beverage / Main Course,Beverage 15; Main Dish 1,2,221.7,Beverage 15; Main Dish 1,bangalore,mg road,54,9621551,12.969499,77.6686975
Restaurant 173,Chennai,Adyar,Main Course,Main Dish 44,1,768.2,Main Dish 44,chennai,adyar,32,4646732,13.0004226,80.3196864
Restaurant 173,Chennai,Anna Nagar,Appetizer,Appetizer 5,1,116.4,Appetizer 5,chennai,anna nagar,50,4646732,13.0836513,80.1485192
Restaurant 173,Chennai,Nungambakkam,Appetizer / Main Course,Main Dish 39; Appetizer 8,2,304.0,Main Dish 39; Appetizer 8,chennai,nungambakkam,30,4646732,13.1077299,80.1994448
Restaurant 173,Chennai,T. Nagar,Dessert / Main Course,Main Dish 25; Main Dish 34; Dessert 12; Main Dish 23,4,393.6,Main Dish 25; Main Dish 34; Dessert 12; Main Dish 23,chennai,t. nagar,34,4646732,13.0554065,80.1688425
Restaurant 173,Chennai,Velachery,Dessert / Main Course / Snack,Snack 4; Main Dish 47; Dessert 2,3,297.6,Snack 4; Main Dish 47; Dessert 2,chennai,velachery,22,4646732,12.9741381,80.2847579
Restaurant 173,Mumbai,Juhu,Beverage / Main Course,Main Dish 26; Beverage 1,2,159.6,Main Dish 26; Beverage 1,mumbai,juhu,51,12442373,19.1350449,72.8682098
Restaurant 173,Mumbai,Powai,Appetizer / Dessert,Appetizer 1; Dessert 11,2,216.5,Appetizer 1; Dessert 11,mumbai,powai,35,12442373,19.0697957,72.8961002
Restaurant 173,New Delhi,Connaught Place,Dessert / Main Course,Dessert 12; Main Dish 26,2,464.5,Dessert 12; Main Dish 26,new delhi,connaught place,14,5000000,28.5939153,77.1690211
Restaurant 173,New Delhi,Hauz Khas,Beverage,Beverage 5; Beverage 4,2,89.7,Beverage 5; Beverage 4,new delhi,hauz khas,33,5000000,28.6103133,77.2130546
Restaurant 173,New Delhi,Karol Bagh,Beverage,Beverage 11,1,235.3,Beverage 11,new delhi,karol bagh,13,5000000,28.6478924,77.2529853
Restaurant 173,New Delhi,Rajouri Garden,Main Course,Main Dish 12; Main Dish 4; Main Dish 21,3,325.0,Main Dish 12; Main Dish 4; Main Dish 21,new delhi,rajouri garden,35,5000000,28.5936376,77.154613
Restaurant 173,New Delhi,Saket,Main Course,Main Dish 12; Main Dish 20,2,423.9,Main Dish 12; Main Dish 20,new delhi,saket,55,5000000,28.4686559,77.2437838
Restaurant 173,Pune,Aundh,Beverage / Dessert / Main Course,Dessert 11; Main Dish 30; Beverage 12,3,236.0,Dessert 11; Main Dish 30; Beverage 12,pune,aundh,41,9429408,18.5685901,73.7620607
Restaurant 173,Pune,Hinjawadi,Appetizer / Beverage,Appetizer 7; Appetizer 1; Beverage 18,3,99.2,Appetizer 7; Appetizer 1; Beverage 18,pune,hinjawadi,13,9429408,18.5767785,73.7874903
Restaurant 173,Pune,Viman Nagar,Appetizer / Main Course,Appetizer 16; Main Dish 31; Main Dish 15; Appetizer 8,4,387.2,Appetizer 16; Main Dish 31; Main Dish 15; Appetizer 8,pune,viman nagar,44,9429408,18.6173268,73.9157253
Restaurant 174,Bangalore,Indiranagar,Appetizer,Appetizer 14,1,226.5,Appetizer 14,bangalore,indiranagar,50,9621551,13.0360075,77.652177
Restaurant 174,Bangalore,Jayanagar,Appetizer / Beverage / Dessert / Snack,Dessert 20; Appetizer 14; Snack 2; Beverage 9,4,170.2,Dessert 20; Appetizer 14; Snack 2; Beverage 9,bangalore,jayanagar,40,9621551,12.9468507,77.5194294
Restaurant 174,Bangalore,Koramangala,Appetizer,Appetizer 16,1,111.0,Appetizer 16,bangalore,koramangala,26,9621551,12.9814039,77.5830388
Restaurant 174,Bangalore,Mg Road,Beverage,Beverage 1,1,109.1,Beverage 1,bangalore,mg road,54,9621551,12.9376722,77.5564309
Restaurant 174,Bangalore,Whitefield,Beverage,Beverage 14,1,123.0,Beverage 14,bangalore,whitefield,19,9621551,13.0133204,77.6949554
Restaurant 174,Chennai,Adyar,Main Course,Main Dish 48,1,287.5,Main Dish 48,chennai,adyar,32,4646732,12.9685958,80.2074198
Restaurant 174,Chennai,Nungambakkam,Dessert / Main Course,Main Dish 13; Dessert 7; Main Dish 46,3,347.4,Main Dish 13; Dessert 7; Main Dish 46,chennai,nungambakkam,30,4646732,13.0560352,80.3023943
Restaurant 174,Chennai,Velachery,Appetizer / Main Course / Snack,Appetizer 5; Main Dish 12; Snack 12; Main Dish 7,4,373.1,Appetizer 5; Main Dish 12; Snack 12; Main Dish 7,chennai,velachery,22,4646732,12.9423113,80.1724913
Restaurant 174,Mumbai,Bandra,Main Course,Main Dish 3,1,698.4,Main Dish 3,mumbai,bandra,35,12442373,19.0038928,72.858326
Restaurant 174,Mumbai,Juhu,Snack,Snack 4,1,79.4,Snack 4,mumbai,juhu,51,12442373,19.0580977,72.8162801
Restaurant 174,Mumbai,Powai,Main Course,Main Dish 28,1,608.1,Main Dish 28,mumbai,powai,35,12442373,19.1630878,72.8821989
Restaurant 174,New Delhi,Hauz Khas,Main Course,Main Dish 1,1,355.4,Main Dish 1,new delhi,hauz khas,33,5000000,28.4927633,77.2354976
Restaurant 174,New Delhi,Karol Bagh,Dessert / Main Course / Snack,Dessert 13; Snack 7; Main Dish 16,3,247.3,Dessert 13; Snack 7; Main Dish 16,new delhi,karol bagh,13,5000000,28.6160656,77.1407187
Restaurant 174,New Delhi,Rajouri Garden,Main Course,Main Dish 46; Main Dish 47,2,597.8,Main Dish 46; Main Dish 47,new delhi,rajouri garden,35,5000000,28.666049,77.0574667
Restaurant 174,New Delhi,Saket,Main Course / Snack,Main Dish 39; Snack 7,2,386.1,Main Dish 39; Snack 7,new delhi,saket,55,5000000,28.5410673,77.1466375
Restaurant 174,Pune,Aundh,Dessert / Main Course,Main Dish 12; Dessert 7,2,424.9,Main Dish 12; Dessert 7,pune,aundh,41,9429408,18.5899068,73.850878
Restaurant 174,Pune,Baner,Main Course,Main Dish 12; Main Dish 5,2,370.2,Main Dish 12; Main Dish 5,pune,baner,49,9429408,18.5265595,73.7516224
Restaurant 174,Pune,Hinjawadi,Appetizer / Main Course / Snack,Appetizer 20; Snack 5; Main Dish 26,3,203.2,Appetizer 20; Snack 5; Main Dish 26,pune,hinjawadi,13,9429408,18.5709152,73.6903626
Restaurant 174,Pune,Kothrud,Main Course,Main Dish 19,1,461.0,Main Dish 19,pune,kothrud,32,9429408,18.4854238,73.7578151
Restaurant 175,Bangalore,Indiranagar,Appetizer / Main Course,Main Dish 47; Appetizer 9,2,264.3,Main Dish 47; Appetizer 9,bangalore,indiranagar,50,9621551,12.9184575,77.67462
Restaurant 175,Bangalore,Jayanagar,Beverage / Main Course,Main Dish 50; Main Dish 22; Beverage 15,3,412.9,Main Dish 50; Main Dish 22; Beverage 15,bangalore,jayanagar,40,9621551,12.9592256,77.6414592
Restaurant 175,Bangalore,Koramangala,Appetizer / Main Course,Main Dish 41; Appetizer 19; Appetizer 20; Main Dish 48; Appetizer 18,5,310.8,Main Dish 41; Appetizer 19; Appetizer 20; Main Dish 48; Appetizer 18,bangalore,koramangala,26,9621551,12.9297092,77.6859883
Restaurant 175,Bangalore,Mg Road,Appetizer / Main Course,Main Dish 22; Appetizer 13,2,266.3,Main Dish 22; Appetizer 13,bangalore,mg road,54,9621551,13.0382426,77.6185
Restaurant 175,Bangalore,Whitefield,Appetizer / Beverage / Main Course,Main Dish 44; Beverage 1; Beverage 2; Main Dish 16; Appetizer 14,5,353.1,Main Dish 44; Beverage 1; Beverage 2; Main Dish 16; Appetizer 14,bangalore,whitefield,19,9621551,13.0256953,77.8169852
Restaurant 175,Chennai,Adyar,Appetizer / Beverage / Dessert / Snack,Beverage 5; Dessert 16; Beverage 17; Snack 10; Appetizer 11,5,116.4,Beverage 5; Dessert 16; Beverage 17; Snack 10; Appetizer 11,chennai,adyar,32,4646732,13.0691662,80.2694889
Restaurant 175,Chennai,Anna Nagar,Main Course,Main Dish 36,1,198.1,Main Dish 36,chennai,anna nagar,50,4646732,13.1319568,80.2481524
Restaurant 175,Chennai,T. Nagar,Main Course,Main Dish 21; Main Dish 36; Main Dish 7,3,513.2,Main Dish 21; Main Dish 36; Main Dish 7,chennai,t. nagar,34,4646732,13.0677814,80.2908723
Restaurant 175,Chennai,Velachery,Appetizer / Main Course,Main Dish 27; Appetizer 19; Appetizer 14; Main Dish 48,4,215.5,Main Dish 27; Appetizer 19; Appetizer 14; Main Dish 48,chennai,velachery,22,4646732,13.0428817,80.2345604
Restaurant 175,Mumbai,Andheri,Dessert / Snack,Snack 14; Dessert 10,2,106.0,Snack 14; Dessert 10,mumbai,andheri,22,12442373,19.1336686,72.9004432
Restaurant 175,Mumbai,Bandra,Appetizer / Main Course,Main Dish 41; Appetizer 10,2,211.0,Main Dish 41; Appetizer 10,mumbai,bandra,35,12442373,19.0807939,72.7916549
Restaurant 175,Mumbai,Goregaon,Appetizer / Beverage / Main Course,Appetizer 16; Main Dish 39; Beverage 5,3,330.0,Appetizer 16; Main Dish 39; Beverage 5,mumbai,goregaon,47,12442373,19.1665311,72.8949188
Restaurant 175,Mumbai,Powai,Main Course,Main Dish 11,1,369.4,Main Dish 11,mumbai,powai,35,12442373,19.1027448,72.9566228
Restaurant 175,New Delhi,Connaught Place,Main Course,Main Dish 50; Main Dish 21,2,296.1,Main Dish 50; Main Dish 21,new delhi,connaught place,14,5000000,28.6944857,77.2310902
Restaurant 175,New Delhi,Karol Bagh,Beverage / Main Course,Beverage 20; Main Dish 38,2,239.7,Beverage 20; Main Dish 38,new delhi,karol bagh,13,5000000,28.716636,77.2027878
Restaurant 175,New Delhi,Rajouri Garden,Appetizer / Beverage / Main Course,Main Dish 30; Main Dish 50; Main Dish 42; Appetizer 16; Beverage 13,5,419.3,Main Dish 30; Main Dish 50; Main Dish 42; Appetizer 16; Beverage 13,new delhi,rajouri garden,35,5000000,28.6784239,77.1794965
Restaurant 175,New Delhi,Saket,Beverage / Dessert,Beverage 5; Dessert 9,2,82.8,Beverage 5; Dessert 9,new delhi,saket,55,5000000,28.5534422,77.2686673
Restaurant 175,Pune,Baner,Main Course,Main Dish 31,1,605.8,Main Dish 31,pune,baner,49,9429408,18.6059328,73.7869149
Restaurant 175,Pune,Hinjawadi,Main Course,Main Dish 9,1,791.4,Main Dish 9,pune,hinjawadi,13,9429408,18.6419164,73.7590608
Restaurant 175,Pune,Kothrud,Appetizer / Beverage / Dessert,Dessert 13; Appetizer 7; Beverage 13,3,190.0,Dessert 13; Appetizer 7; Beverage 13,pune,kothrud,32,9429408,18.556425,73.8265133
Restaurant 175,Pune,Viman Nagar,Dessert / Snack,Dessert 6; Snack 2,2,252.9,Dessert 6; Snack 2,pune,viman nagar,44,9429408,18.5335442,73.9437868
Restaurant 176,Bangalore,Indiranagar,Appetizer / Main Course / Snack,Appetizer 2; Appetizer 15; Main Dish 22; Snack 5; Snack 4,5,254.5,Appetizer 2; Appetizer 15; Main Dish 22; Snack 5; Snack 4,bangalore,indiranagar,50,9621551,12.9908689,77.5774737
Restaurant 176,Bangalore,Jayanagar,Appetizer,Appetizer 9,1,211.4,Appetizer 9,bangalore,jayanagar,40,9621551,12.8665597,77.5588426
Restaurant 176,Bangalore,Koramangala,Dessert / Main Course,Dessert 4; Dessert 12; Main Dish 42; Main Dish 6,4,365.0,Dessert 4; Dessert 12; Main Dish 42; Main Dish 6,bangalore,koramangala,26,9621551,12.8978824,77.5737217
Restaurant 176,Bangalore,Mg Road,Appetizer / Beverage / Dessert / Main Course,Dessert 1; Main Dish 32; Appetizer 1; Beverage 2,4,224.7,Dessert 1; Main Dish 32; Appetizer 1; Beverage 2,bangalore,mg road,54,9621551,12.9206926,77.640943
Restaurant 176,Bangalore,Whitefield,Appetizer / Main Course,Main Dish 22; Appetizer 8; Appetizer 20,3,198.9,Main Dish 22; Appetizer 8; Appetizer 20,bangalore,whitefield,19,9621551,12.9330294,77.7343686
Restaurant 176,Chennai,Adyar,Dessert,Dessert 12,1,189.7,Dessert 12,chennai,adyar,32,4646732,12.9516162,80.2919319
Restaurant 176,Chennai,Anna Nagar,Dessert,Dessert 2,1,137.7,Dessert 2,chennai,anna nagar,50,4646732,13.0276517,80.2067627
Restaurant 176,Chennai,T. Nagar,Appetizer,Appetizer 6,1,62.3,Appetizer 6,chennai,t. nagar,34,4646732,12.9751155,80.2082557
Restaurant 176,Chennai,Velachery,Appetizer / Beverage / Dessert / Main Course,Beverage 15; Main Dish 25; Dessert 13; Main Dish 46; Appetizer 9; Appetizer 10; Dessert 2,7,291.5,Beverage 15; Main Dish 25; Dessert 13; Main Dish 46; Appetizer 9; Appetizer 10; Dessert 2,chennai,velachery,22,4646732,12.9253317,80.2570034
Restaurant 176,Mumbai,Bandra,Snack,Snack 6,1,190.0,Snack 6,mumbai,bandra,35,12442373,19.0689502,72.894243
Restaurant 176,Mumbai,Juhu,Main Course / Snack,Main Dish 14; Snack 4; Main Dish 41,3,335.1,Main Dish 14; Snack 4; Main Dish 41,mumbai,juhu,51,12442373,19.1513898,72.8023788
Restaurant 176,Mumbai,Powai,Appetizer,Appetizer 10; Appetizer 11,2,99.5,Appetizer 10; Appetizer 11,mumbai,powai,35,12442373,19.0968815,72.8594951
Restaurant 176,New Delhi,Connaught Place,Appetizer / Beverage / Main Course,Main Dish 47; Main Dish 35; Beverage 16; Appetizer 20,4,439.2,Main Dish 47; Main Dish 35; Beverage 16; Appetizer 20,new delhi,connaught place,14,5000000,28.5769357,77.2535332
Restaurant 176,New Delhi,Hauz Khas,Appetizer / Beverage,Appetizer 12; Beverage 7; Beverage 13,3,83.8,Appetizer 12; Beverage 7; Beverage 13,new delhi,hauz khas,33,5000000,28.5651747,77.1383513
Restaurant 176,New Delhi,Karol Bagh,Appetizer / Beverage / Main Course,Main Dish 46; Appetizer 6; Beverage 15,3,328.6,Main Dish 46; Appetizer 6; Beverage 15,new delhi,karol bagh,13,5000000,28.599086,77.2252308
Restaurant 176,New Delhi,Rajouri Garden,Dessert / Snack,Snack 14; Dessert 6,2,223.3,Snack 14; Dessert 6,new delhi,rajouri garden,35,5000000,28.585758,77.0968799
Restaurant 176,New Delhi,Saket,Appetizer / Dessert / Main Course,Main Dish 36; Dessert 3; Main Dish 1; Appetizer 3,4,301.6,Main Dish 36; Dessert 3; Main Dish 1; Appetizer 3,new delhi,saket,55,5000000,28.4607763,77.1860507
Restaurant 176,Pune,Aundh,Appetizer / Main Course,Main Dish 25; Appetizer 2,2,162.8,Main Dish 25; Appetizer 2,pune,aundh,41,9429408,18.5129596,73.7989483
Restaurant 176,Pune,Baner,Appetizer / Main Course / Snack,Snack 11; Main Dish 16; Appetizer 3,3,190.1,Snack 11; Main Dish 16; Appetizer 3,pune,baner,49,9429408,18.5221502,73.8149764
Restaurant 176,Pune,Hinjawadi,Appetizer,Appetizer 16,1,65.9,Appetizer 16,pune,hinjawadi,13,9429408,18.5416668,73.7563208
Restaurant 176,Pune,Kothrud,Main Course,Main Dish 36,1,656.0,Main Dish 36,pune,kothrud,32,9429408,18.4561754,73.8237733
Restaurant 177,Bangalore,Indiranagar,Main Course,Main Dish 41,1,226.1,Main Dish 41,bangalore,indiranagar,50,9621551,13.0032438,77.6995035
Restaurant 177,Bangalore,Jayanagar,Main Course,Main Dish 19; Main Dish 4,2,481.8,Main Dish 19; Main Dish 4,bangalore,jayanagar,40,9621551,12.9921865,77.5571496
Restaurant 177,Bangalore,Koramangala,Appetizer / Beverage / Main Course / Snack,Main Dish 12; Appetizer 5; Beverage 4; Snack 12,4,195.1,Main Dish 12; Appetizer 5; Beverage 4; Snack 12,bangalore,koramangala,26,9621551,12.9984528,77.6357908
Restaurant 177,Bangalore,Mg Road,Main Course,Main Dish 42; Main Dish 48,2,182.3,Main Dish 42; Main Dish 48,bangalore,mg road,54,9621551,12.993104,77.5437967
Restaurant 177,Bangalore,Whitefield,Appetizer / Dessert / Main Course,Appetizer 7; Main Dish 46; Main Dish 15; Dessert 1,4,408.4,Appetizer 7; Main Dish 46; Main Dish 15; Dessert 1,bangalore,whitefield,19,9621551,13.0586562,77.7326756
Restaurant 177,Chennai,Nungambakkam,Main Course,Main Dish 4; Main Dish 11,2,523.3,Main Dish 4; Main Dish 11,chennai,nungambakkam,30,4646732,13.0242084,80.1901277
Restaurant 177,Chennai,T. Nagar,Dessert,Dessert 9,1,396.5,Dessert 9,chennai,t. nagar,34,4646732,13.1007423,80.2065627
Restaurant 177,Chennai,Velachery,Main Course,Main Dish 39,1,290.5,Main Dish 39,chennai,velachery,22,4646732,12.9977431,80.1598571
Restaurant 177,Mumbai,Andheri,Main Course,Main Dish 4,1,777.6,Main Dish 4,mumbai,andheri,22,12442373,19.072233,72.8155875
Restaurant 177,Mumbai,Bandra,Appetizer / Dessert / Main Course,Dessert 15; Main Dish 48; Appetizer 17,3,248.7,Dessert 15; Main Dish 48; Appetizer 17,mumbai,bandra,35,12442373,19.0075146,72.8093873
Restaurant 177,Mumbai,Juhu,Main Course,Main Dish 2,1,518.0,Main Dish 2,mumbai,juhu,51,12442373,19.0910468,72.8768027
Restaurant 177,New Delhi,Connaught Place,Dessert,Dessert 5; Dessert 13,2,256.6,Dessert 5; Dessert 13,new delhi,connaught place,14,5000000,28.6493471,77.1563869
Restaurant 177,New Delhi,Hauz Khas,Main Course,Main Dish 3; Main Dish 40,2,596.5,Main Dish 3; Main Dish 40,new delhi,hauz khas,33,5000000,28.5775496,77.2603811
Restaurant 177,New Delhi,Karol Bagh,Beverage,Beverage 4,1,218.7,Beverage 4,new delhi,karol bagh,13,5000000,28.6714974,77.1280845
Restaurant 177,New Delhi,Rajouri Garden,Beverage / Main Course / Snack,Beverage 3; Snack 2; Main Dish 45; Main Dish 34,4,410.4,Beverage 3; Snack 2; Main Dish 45; Main Dish 34,new delhi,rajouri garden,35,5000000,28.7113848,77.0951869
Restaurant 177,New Delhi,Saket,Dessert / Snack,Snack 9; Dessert 18,2,129.9,Snack 9; Dessert 18,new delhi,saket,55,5000000,28.5864031,77.1843577
Restaurant 177,Pune,Aundh,Main Course,Main Dish 4,1,574.9,Main Dish 4,pune,aundh,41,9429408,18.6062517,73.785047
Restaurant 177,Pune,Hinjawadi,Appetizer,Appetizer 8,1,123.2,Appetizer 8,pune,hinjawadi,13,9429408,18.6185679,73.6896497
Restaurant 177,Pune,Kothrud,Main Course,Main Dish 4,1,590.1,Main Dish 4,pune,kothrud,32,9429408,18.5330765,73.7571022
Restaurant 177,Pune,Viman Nagar,Main Course,Main Dish 12; Main Dish 15; Main Dish 2,3,260.0,Main Dish 12; Main Dish 15; Main Dish 2,pune,viman nagar,44,9429408,18.5770944,73.8651986
Restaurant 178,Bangalore,Indiranagar,Appetizer / Main Course,Main Dish 50; Appetizer 20; Appetizer 10,3,225.2,Main Dish 50; Appetizer 20; Appetizer 10,bangalore,indiranagar,50,9621551,12.9105779,77.6168869
Restaurant 178,Bangalore,Jayanagar,Dessert / Main Course,Main Dish 48; Dessert 14,2,319.0,Main Dish 48; Dessert 14,bangalore,jayanagar,40,9621551,12.8996088,77.6442775
Restaurant 178,Bangalore,Koramangala,Appetizer / Main Course,Main Dish 21; Appetizer 13,2,139.5,Main Dish 21; Appetizer 13,bangalore,koramangala,26,9621551,12.8809028,77.6582338
Restaurant 178,Bangalore,Mg Road,Beverage / Dessert,Dessert 16; Dessert 10; Dessert 14; Beverage 2,4,244.0,Dessert 16; Dessert 10; Dessert 14; Beverage 2,bangalore,mg road,54,9621551,13.0054789,77.6658265
Restaurant 178,Bangalore,Whitefield,Main Course,Main Dish 17,1,455.5,Main Dish 17,bangalore,whitefield,19,9621551,12.9660785,77.8198035
Restaurant 178,Chennai,Adyar,Appetizer / Beverage / Snack,Beverage 11; Snack 4; Appetizer 9; Beverage 1; Snack 15,5,182.2,Beverage 11; Snack 4; Appetizer 9; Beverage 1; Snack 15,chennai,adyar,32,4646732,13.0240276,80.1947856
Restaurant 178,Chennai,Anna Nagar,Appetizer / Main Course,Main Dish 41; Appetizer 1,2,317.8,Main Dish 41; Appetizer 1,chennai,anna nagar,50,4646732,13.1339163,80.1662976
Restaurant 178,Chennai,Nungambakkam,Appetizer / Beverage / Main Course,Beverage 6; Main Dish 34; Appetizer 20; Appetizer 17,4,176.0,Beverage 6; Main Dish 34; Appetizer 20; Appetizer 17,chennai,nungambakkam,30,4646732,13.1247788,80.2521968
Restaurant 178,Chennai,T. Nagar,Main Course / Snack,Snack 15; Main Dish 29,2,378.9,Snack 15; Main Dish 29,chennai,t. nagar,34,4646732,13.0081646,80.2936906
Restaurant 178,Chennai,Velachery,Dessert / Main Course,Main Dish 20; Main Dish 18; Dessert 4,3,469.3,Main Dish 20; Main Dish 18; Dessert 4,chennai,velachery,22,4646732,13.010118,80.2818869
Restaurant 178,Mumbai,Bandra,Appetizer / Main Course,Appetizer 8; Main Dish 48,2,292.9,Appetizer 8; Main Dish 48,mumbai,bandra,35,12442373,19.1115945,72.8307618
Restaurant 178,Mumbai,Goregaon,Appetizer / Main Course,Appetizer 6; Main Dish 19,2,433.2,Appetizer 6; Main Dish 19,mumbai,goregaon,47,12442373,19.1324346,72.8166484
Restaurant 178,Mumbai,Juhu,Appetizer / Beverage / Main Course,Beverage 14; Main Dish 5; Appetizer 15,3,189.5,Beverage 14; Main Dish 5; Appetizer 15,mumbai,juhu,51,12442373,19.0851835,72.779675
Restaurant 178,Mumbai,Powai,Main Course,Main Dish 27,1,402.7,Main Dish 27,mumbai,powai,35,12442373,19.1678827,72.9281933
Restaurant 178,New Delhi,Hauz Khas,Appetizer / Beverage / Dessert / Main Course,Appetizer 4; Main Dish 26; Dessert 11; Beverage 13; Main Dish 8,5,317.8,Appetizer 4; Main Dish 26; Dessert 11; Beverage 13; Main Dish 8,new delhi,hauz khas,33,5000000,28.4848837,77.1777645
Restaurant 178,New Delhi,Karol Bagh,Appetizer / Main Course,Appetizer 14; Main Dish 8; Appetizer 2,3,253.9,Appetizer 14; Main Dish 8; Appetizer 2,new delhi,karol bagh,13,5000000,28.6838723,77.2501143
Restaurant 178,New Delhi,Rajouri Garden,Dessert / Main Course / Snack,Dessert 5; Snack 8; Main Dish 29,3,320.5,Dessert 5; Snack 8; Main Dish 29,new delhi,rajouri garden,35,5000000,28.6188071,77.1823148
Restaurant 178,New Delhi,Saket,Main Course,Main Dish 41,1,747.2,Main Dish 41,new delhi,saket,55,5000000,28.4938254,77.2714856
Restaurant 178,Pune,Baner,Dessert,Dessert 13,1,208.5,Dessert 13,pune,baner,49,9429408,18.5657004,73.7363882
Restaurant 178,Pune,Hinjawadi,Appetizer,Appetizer 3,1,182.4,Appetizer 3,pune,hinjawadi,13,9429408,18.6067242,73.7922378
Restaurant 178,Pune,Kothrud,Beverage / Main Course,Beverage 15; Main Dish 4; Beverage 1,3,355.9,Beverage 15; Main Dish 4; Beverage 1,pune,kothrud,32,9429408,18.5212328,73.8596903
Restaurant 179,Bangalore,Indiranagar,Beverage,Beverage 12,1,95.0,Beverage 12,bangalore,indiranagar,50,9621551,13.0362047,77.6151939
Restaurant 179,Bangalore,Koramangala,Beverage / Dessert / Main Course,Beverage 18; Main Dish 35; Dessert 6,3,205.2,Beverage 18; Main Dish 35; Dessert 6,bangalore,koramangala,26,9621551,12.9533142,77.5610875
Restaurant 179,Bangalore,Mg Road,Main Course,Main Dish 7; Main Dish 42,2,452.8,Main Dish 7; Main Dish 42,bangalore,mg road,54,9621551,12.912813,77.5832099
Restaurant 179,Bangalore,Whitefield,Appetizer / Main Course,Main Dish 36; Main Dish 35; Appetizer 11,3,344.9,Main Dish 36; Main Dish 35; Appetizer 11,bangalore,whitefield,19,9621551,12.9756017,77.6915358
Restaurant 179,Chennai,Adyar,Main Course,Main Dish 2; Main Dish 20,2,512.8,Main Dish 2; Main Dish 20,chennai,adyar,32,4646732,13.0364025,80.3168154
Restaurant 179,Chennai,Anna Nagar,Appetizer / Dessert / Main Course,Dessert 20; Main Dish 13; Appetizer 9; Dessert 18; Main Dish 28,5,379.4,Dessert 20; Main Dish 13; Appetizer 9; Dessert 18; Main Dish 28,chennai,anna nagar,50,4646732,13.0822216,80.2692471
Restaurant 179,Chennai,Nungambakkam,Dessert / Main Course / Snack,Dessert 18; Main Dish 8; Snack 1,3,433.6,Dessert 18; Main Dish 8; Snack 1,chennai,nungambakkam,30,4646732,13.0072288,80.2746398
Restaurant 179,Chennai,T. Nagar,Appetizer / Beverage,Appetizer 13; Beverage 17,2,134.1,Appetizer 13; Beverage 17,chennai,t. nagar,34,4646732,13.0176878,80.1654229
Restaurant 179,Chennai,Velachery,Appetizer,Appetizer 10,1,192.4,Appetizer 10,chennai,velachery,22,4646732,12.9174521,80.1992703
Restaurant 179,Mumbai,Bandra,Dessert,Dessert 17,1,279.3,Dessert 17,mumbai,bandra,35,12442373,19.0191293,72.8860682
Restaurant 179,Mumbai,Goregaon,Main Course / Snack,Main Dish 1; Snack 5,2,293.9,Main Dish 1; Snack 5,mumbai,goregaon,47,12442373,19.2118079,72.8519409
Restaurant 179,Mumbai,Juhu,Main Course,Main Dish 42; Main Dish 3,2,554.5,Main Dish 42; Main Dish 3,mumbai,juhu,51,12442373,19.1561847,72.8483732
Restaurant 179,Mumbai,Powai,Appetizer / Snack,Snack 4; Appetizer 20,2,102.0,Snack 4; Appetizer 20,mumbai,powai,35,12442373,19.0676331,72.9254533
Restaurant 179,New Delhi,Connaught Place,Beverage,Beverage 1,1,223.1,Beverage 1,new delhi,connaught place,14,5000000,28.661722,77.2784167
Restaurant 179,New Delhi,Hauz Khas,Appetizer / Dessert,Appetizer 9; Dessert 18,2,223.9,Appetizer 9; Dessert 18,new delhi,hauz khas,33,5000000,28.6105105,77.1760715
Restaurant 179,New Delhi,Karol Bagh,Appetizer / Beverage / Main Course,Beverage 7; Appetizer 1; Main Dish 23; Main Dish 2,4,198.0,Beverage 7; Appetizer 1; Main Dish 23; Main Dish 2,new delhi,karol bagh,13,5000000,28.5912064,77.1674977
Restaurant 179,New Delhi,Rajouri Garden,Main Course,Main Dish 37,1,281.7,Main Dish 37,new delhi,rajouri garden,35,5000000,28.6283303,77.0540471
Restaurant 179,New Delhi,Saket,Appetizer / Dessert / Main Course,Dessert 4; Main Dish 32; Appetizer 6,3,327.6,Dessert 4; Main Dish 32; Appetizer 6,new delhi,saket,55,5000000,28.5033486,77.1432179
Restaurant 179,Pune,Aundh,Dessert / Main Course,Dessert 20; Main Dish 1,2,266.7,Dessert 20; Main Dish 1,pune,aundh,41,9429408,18.5459087,73.8594709
Restaurant 179,Pune,Hinjawadi,Appetizer,Appetizer 12,1,98.6,Appetizer 12,pune,hinjawadi,13,9429408,18.5452886,73.7073821
Restaurant 179,Pune,Kothrud,Main Course,Main Dish 47,1,522.8,Main Dish 47,pune,kothrud,32,9429408,18.4597972,73.7748346
Restaurant 18,Bangalore,Indiranagar,Appetizer / Beverage / Main Course,Main Dish 38; Appetizer 13; Beverage 10,3,316.2,Main Dish 38; Appetizer 13; Beverage 10,bangalore,indiranagar,50,9621551,12.943627,77.7023218
Restaurant 18,Bangalore,Jayanagar,Appetizer / Snack,Appetizer 3; Snack 8,2,79.8,Appetizer 3; Snack 8,bangalore,jayanagar,40,9621551,12.909132,77.5160098
Restaurant 18,Bangalore,Koramangala,Appetizer / Main Course,Appetizer 2; Main Dish 23,2,399.8,Appetizer 2; Main Dish 23,bangalore,koramangala,26,9621551,12.9656891,77.6831173
Restaurant 18,Bangalore,Mg Road,Dessert / Main Course,Main Dish 1; Dessert 6,2,336.8,Main Dish 1; Dessert 6,bangalore,mg road,54,9621551,13.0384398,77.5815169
Restaurant 18,Bangalore,Whitefield,Beverage,Beverage 16; Beverage 10,2,226.1,Beverage 16; Beverage 10,bangalore,whitefield,19,9621551,13.056144,77.7937222
Restaurant 18,Chennai,Adyar,Appetizer / Dessert / Main Course,Dessert 12; Main Dish 49; Appetizer 15; Appetizer 16,4,388.5,Dessert 12; Main Dish 49; Appetizer 15; Appetizer 16,chennai,adyar,32,4646732,12.9437366,80.2341988
Restaurant 18,Chennai,Anna Nagar,Dessert / Main Course,Dessert 12; Main Dish 27,2,325.2,Dessert 12; Main Dish 27,chennai,anna nagar,50,4646732,13.0503948,80.1569805
Restaurant 18,Chennai,Nungambakkam,Appetizer / Dessert / Main Course,Appetizer 20; Dessert 11; Main Dish 42,3,199.6,Appetizer 20; Dessert 11; Main Dish 42,chennai,nungambakkam,30,4646732,13.0796402,80.1774935
Restaurant 18,Chennai,T. Nagar,Main Course,Main Dish 10; Main Dish 37,2,460.1,Main Dish 10; Main Dish 37,chennai,t. nagar,34,4646732,13.0982301,80.2676093
Restaurant 18,Chennai,Velachery,Beverage / Main Course,Beverage 13; Main Dish 39; Main Dish 14; Main Dish 30,4,431.0,Beverage 13; Main Dish 39; Main Dish 14; Main Dish 30,chennai,velachery,22,4646732,13.0430789,80.1975773
Restaurant 18,Mumbai,Andheri,Snack,Snack 14,1,71.6,Snack 14,mumbai,andheri,22,12442373,19.1763129,72.836962
Restaurant 18,Mumbai,Bandra,Appetizer,Appetizer 7,1,243.7,Appetizer 7,mumbai,bandra,35,12442373,19.0503815,72.7813997
Restaurant 18,Mumbai,Goregaon,Snack,Snack 1,1,124.2,Snack 1,mumbai,goregaon,47,12442373,19.1280253,72.8800024
Restaurant 18,Mumbai,Powai,Appetizer / Main Course,Appetizer 9; Appetizer 3; Main Dish 13,3,291.1,Appetizer 9; Appetizer 3; Main Dish 13,mumbai,powai,35,12442373,19.1445342,72.8587822
Restaurant 18,New Delhi,Connaught Place,Appetizer / Main Course,Appetizer 9; Appetizer 3; Main Dish 48,3,327.0,Appetizer 9; Appetizer 3; Main Dish 48,new delhi,connaught place,14,5000000,28.5690561,77.1958001
Restaurant 18,New Delhi,Hauz Khas,Beverage,Beverage 15; Beverage 4,2,199.6,Beverage 15; Beverage 4,new delhi,hauz khas,33,5000000,28.5179328,77.2631994
Restaurant 18,New Delhi,Karol Bagh,Appetizer / Main Course,Main Dish 4; Appetizer 17,2,361.9,Main Dish 4; Appetizer 17,new delhi,karol bagh,13,5000000,28.7168332,77.1658047
Restaurant 18,New Delhi,Rajouri Garden,Appetizer / Main Course,Main Dish 34; Appetizer 19; Appetizer 7,3,323.3,Main Dish 34; Appetizer 19; Appetizer 7,new delhi,rajouri garden,35,5000000,28.7088726,77.1562335
Restaurant 18,New Delhi,Saket,Appetizer / Main Course,Appetizer 12; Appetizer 14; Main Dish 9,3,344.1,Appetizer 12; Appetizer 14; Main Dish 9,new delhi,saket,55,5000000,28.5838909,77.2454043
Restaurant 18,Pune,Baner,Main Course,Main Dish 8,1,648.6,Main Dish 8,pune,baner,49,9429408,18.5870171,73.8252055
Restaurant 18,Pune,Kothrud,Appetizer / Beverage,Appetizer 3; Beverage 13,2,84.1,Appetizer 3; Beverage 13,pune,kothrud,32,9429408,18.5638771,73.7962091
Restaurant 18,Pune,Viman Nagar,Beverage / Main Course,Main Dish 18; Beverage 15,2,495.1,Main Dish 18; Beverage 15,pune,viman nagar,44,9429408,18.5984111,73.9540159
Restaurant 180,Bangalore,Indiranagar,Main Course / Snack,Main Dish 44; Main Dish 18; Snack 14; Main Dish 23,4,362.9,Main Dish 44; Main Dish 18; Snack 14; Main Dish 23,bangalore,indiranagar,50,9621551,12.9531502,77.5740541
Restaurant 180,Bangalore,Jayanagar,Appetizer,Appetizer 3,1,220.6,Appetizer 3,bangalore,jayanagar,40,9621551,12.9896743,77.6181962
Restaurant 180,Bangalore,Koramangala,Dessert / Snack,Snack 6; Dessert 3,2,214.1,Snack 6; Dessert 3,bangalore,koramangala,26,9621551,12.8730232,77.6005007
Restaurant 180,Bangalore,Mg Road,Main Course,Main Dish 12,1,162.3,Main Dish 12,bangalore,mg road,54,9621551,12.9458621,77.6686448
Restaurant 180,Bangalore,Whitefield,Appetizer / Main Course / Snack,Snack 8; Main Dish 44; Appetizer 2; Main Dish 30; Snack 2,5,284.5,Snack 8; Main Dish 44; Appetizer 2; Main Dish 30; Snack 2,bangalore,whitefield,19,9621551,12.9262574,77.7725358
Restaurant 180,Chennai,Adyar,Dessert / Main Course / Snack,Snack 6; Snack 1; Main Dish 31; Dessert 13; Main Dish 8,5,290.2,Snack 6; Snack 1; Main Dish 31; Dessert 13; Main Dish 8,chennai,adyar,32,4646732,13.0693634,80.2325058
Restaurant 180,Chennai,Anna Nagar,Appetizer,Appetizer 8,1,139.2,Appetizer 8,chennai,anna nagar,50,4646732,13.1509652,80.2190496
Restaurant 180,Chennai,Nungambakkam,Appetizer / Beverage,Appetizer 10; Beverage 3; Appetizer 1,3,168.0,Appetizer 10; Beverage 3; Appetizer 1,chennai,nungambakkam,30,4646732,13.0920151,80.2995233
Restaurant 180,Chennai,T. Nagar,Main Course / Snack,Snack 5; Main Dish 35; Main Dish 36,3,324.6,Snack 5; Main Dish 35; Main Dish 36,chennai,t. nagar,34,4646732,12.9683435,80.2464229
Restaurant 180,Mumbai,Juhu,Appetizer / Main Course / Snack,Snack 11; Main Dish 3; Appetizer 6; Main Dish 34,4,314.7,Snack 11; Main Dish 3; Appetizer 6; Main Dish 34,mumbai,juhu,51,12442373,19.0559351,72.8456332
Restaurant 180,Mumbai,Powai,Snack,Snack 10,1,83.0,Snack 10,mumbai,powai,35,12442373,19.1326905,72.9613703
Restaurant 180,New Delhi,Connaught Place,Appetizer / Main Course / Snack,Main Dish 8; Snack 6; Main Dish 35; Snack 1; Appetizer 4,5,219.6,Main Dish 8; Snack 6; Main Dish 35; Snack 1; Appetizer 4,new delhi,connaught place,14,5000000,28.6946829,77.1941071
Restaurant 180,New Delhi,Hauz Khas,Appetizer / Main Course / Snack,Snack 14; Appetizer 15; Main Dish 3; Snack 10,4,146.3,Snack 14; Appetizer 15; Main Dish 3; Snack 10,new delhi,hauz khas,33,5000000,28.527456,77.1349317
Restaurant 180,New Delhi,Karol Bagh,Main Course,Main Dish 5,1,315.3,Main Dish 5,new delhi,karol bagh,13,5000000,28.6242555,77.2529326
Restaurant 180,New Delhi,Rajouri Garden,Main Course,Main Dish 25,1,556.7,Main Dish 25,new delhi,rajouri garden,35,5000000,28.578986,77.1350471
Restaurant 180,New Delhi,Saket,Dessert / Main Course,Main Dish 27; Main Dish 41; Dessert 13; Dessert 19; Dessert 10,5,288.1,Main Dish 27; Main Dish 41; Dessert 13; Dessert 19; Dessert 10,new delhi,saket,55,5000000,28.4540043,77.2242179
Restaurant 180,Pune,Aundh,Beverage,Beverage 3,1,102.7,Beverage 3,pune,aundh,41,9429408,18.5400454,73.7623432
Restaurant 180,Pune,Baner,Appetizer,Appetizer 3,1,242.6,Appetizer 3,pune,baner,49,9429408,18.5100699,73.7732758
Restaurant 180,Pune,Hinjawadi,Main Course,Main Dish 7; Main Dish 45,2,458.3,Main Dish 7; Main Dish 45,pune,hinjawadi,13,9429408,18.6493685,73.7287566
Restaurant 180,Pune,Kothrud,Beverage / Main Course,Main Dish 19; Beverage 5,2,224.6,Main Dish 19; Beverage 5,pune,kothrud,32,9429408,18.4714119,73.8515155
Restaurant 181,Bangalore,Indiranagar,Appetizer / Beverage / Dessert,Appetizer 3; Dessert 14; Beverage 4; Appetizer 4,4,174.9,Appetizer 3; Dessert 14; Beverage 4; Appetizer 4,bangalore,indiranagar,50,9621551,13.0336925,77.6762405
Restaurant 181,Bangalore,Jayanagar,Appetizer / Beverage,Appetizer 13; Beverage 15,2,228.9,Appetizer 13; Beverage 15,bangalore,jayanagar,40,9621551,12.8597877,77.5970098
Restaurant 181,Bangalore,Koramangala,Appetizer / Beverage / Main Course,Appetizer 18; Beverage 14; Main Dish 34,3,395.5,Appetizer 18; Beverage 14; Main Dish 34,bangalore,koramangala,26,9621551,12.99865,77.5988077
Restaurant 181,Bangalore,Mg Road,Appetizer,Appetizer 3,1,238.2,Appetizer 3,bangalore,mg road,54,9621551,12.9553853,77.5403771
Restaurant 181,Bangalore,Whitefield,Main Course,Main Dish 26; Main Dish 24,2,465.9,Main Dish 26; Main Dish 24,bangalore,whitefield,19,9621551,13.037592,77.6996061
Restaurant 181,Chennai,Adyar,Dessert / Main Course,Main Dish 27; Main Dish 2; Main Dish 49; Dessert 20,4,582.2,Main Dish 27; Main Dish 2; Main Dish 49; Dessert 20,chennai,adyar,32,4646732,12.9767857,80.3196337
Restaurant 181,Chennai,Nungambakkam,Dessert,Dessert 5,1,118.0,Dessert 5,chennai,nungambakkam,30,4646732,12.9993492,80.2169067
Restaurant 181,Chennai,T. Nagar,Dessert / Main Course / Snack,Snack 3; Main Dish 41; Main Dish 49; Dessert 1,4,382.0,Snack 3; Main Dish 41; Main Dish 49; Dessert 1,chennai,t. nagar,34,4646732,13.0796781,80.1734932
Restaurant 181,Chennai,Velachery,Beverage / Main Course,Beverage 15; Main Dish 47,2,451.6,Beverage 15; Main Dish 47,chennai,velachery,22,4646732,12.9505012,80.2847052
Restaurant 181,Mumbai,Andheri,Main Course,Main Dish 20,1,369.6,Main Dish 20,mumbai,andheri,22,12442373,19.0838477,72.8922684
Restaurant 181,Mumbai,Goregaon,Appetizer,Appetizer 11,1,140.5,Appetizer 11,mumbai,goregaon,47,12442373,19.1715755,72.8014142
Restaurant 181,Mumbai,Juhu,Beverage / Dessert,Dessert 1; Beverage 8,2,252.5,Dessert 1; Beverage 8,mumbai,juhu,51,12442373,19.1328362,72.7789621
Restaurant 181,New Delhi,Connaught Place,Dessert,Dessert 19,1,110.8,Dessert 19,new delhi,connaught place,14,5000000,28.6021052,77.281235
Restaurant 181,New Delhi,Hauz Khas,Appetizer / Main Course,Appetizer 3; Main Dish 39; Appetizer 13; Main Dish 41,4,249.2,Appetizer 3; Main Dish 39; Appetizer 13; Main Dish 41,new delhi,hauz khas,33,5000000,28.6079983,77.2371181
Restaurant 181,New Delhi,Karol Bagh,Appetizer / Main Course,Appetizer 2; Main Dish 48,2,176.7,Appetizer 2; Main Dish 48,new delhi,karol bagh,13,5000000,28.6337787,77.1246649
Restaurant 181,New Delhi,Rajouri Garden,Main Course,Main Dish 26,1,692.9,Main Dish 26,new delhi,rajouri garden,35,5000000,28.6903206,77.0621174
Restaurant 181,New Delhi,Saket,Appetizer / Dessert / Main Course,Dessert 2; Main Dish 40; Appetizer 9; Main Dish 7; Main Dish 10,5,360.8,Dessert 2; Main Dish 40; Appetizer 9; Main Dish 7; Main Dish 10,new delhi,saket,55,5000000,28.5653389,77.1512882
Restaurant 181,Pune,Aundh,Beverage / Dessert / Snack,Beverage 16; Snack 4; Dessert 10; Dessert 3,4,178.1,Beverage 16; Snack 4; Dessert 10; Dessert 3,pune,aundh,41,9429408,18.6110466,73.8310414
Restaurant 181,Pune,Viman Nagar,Dessert,Dessert 10,1,242.5,Dessert 10,pune,viman nagar,44,9429408,18.5214639,73.9020862
Restaurant 182,Bangalore,Indiranagar,Dessert / Main Course,Main Dish 43; Dessert 10; Main Dish 36; Main Dish 6; Dessert 8,5,335.0,Main Dish 43; Dessert 10; Main Dish 36; Main Dish 6; Dessert 8,bangalore,indiranagar,50,9621551,12.9038059,77.6550541
Restaurant 182,Bangalore,Jayanagar,Main Course / Snack,Snack 14; Main Dish 30,2,387.2,Snack 14; Main Dish 30,bangalore,jayanagar,40,9621551,12.9711223,77.5240801
Restaurant 182,Bangalore,Koramangala,Beverage / Main Course,Main Dish 39; Beverage 4; Beverage 19,3,368.6,Main Dish 39; Beverage 4; Beverage 19,bangalore,koramangala,26,9621551,12.9060723,77.6859356
Restaurant 182,Bangalore,Whitefield,Beverage / Dessert / Main Course,Beverage 7; Beverage 18; Main Dish 40; Dessert 12; Dessert 4,5,217.6,Beverage 7; Beverage 18; Main Dish 40; Dessert 12; Dessert 4,bangalore,whitefield,19,9621551,13.00439,77.8300321
Restaurant 182,Chennai,Adyar,Beverage / Main Course / Snack,Beverage 18; Snack 4; Main Dish 25,3,239.9,Beverage 18; Snack 4; Main Dish 25,chennai,adyar,32,4646732,12.9863089,80.191366
Restaurant 182,Chennai,Anna Nagar,Beverage,Beverage 9,1,217.5,Beverage 9,chennai,anna nagar,50,4646732,13.0334152,80.2414926
Restaurant 182,Chennai,Nungambakkam,Beverage,Beverage 10,1,51.2,Beverage 10,chennai,nungambakkam,30,4646732,13.124976,80.2152137
Restaurant 182,Chennai,T. Nagar,Dessert / Main Course,Dessert 14; Main Dish 27,2,316.2,Dessert 14; Main Dish 27,chennai,t. nagar,34,4646732,13.0464761,80.3039192
Restaurant 182,Mumbai,Andheri,Snack,Snack 6,1,156.2,Snack 6,mumbai,andheri,22,12442373,19.1150999,72.7875999
Restaurant 182,Mumbai,Bandra,Appetizer / Beverage / Dessert,Beverage 5; Dessert 14; Appetizer 8,3,106.4,Beverage 5; Dessert 14; Appetizer 8,mumbai,bandra,35,12442373,19.098687,72.8810329
Restaurant 182,Mumbai,Juhu,Appetizer / Beverage,Appetizer 13; Beverage 12,2,207.2,Appetizer 13; Beverage 12,mumbai,juhu,51,12442373,19.1209925,72.8815502
Restaurant 182,New Delhi,Connaught Place,Appetizer / Beverage / Main Course,Main Dish 26; Appetizer 15; Appetizer 10; Beverage 15,4,247.5,Main Dish 26; Appetizer 15; Appetizer 10; Beverage 15,new delhi,connaught place,14,5000000,28.6116284,77.1529673
Restaurant 182,New Delhi,Hauz Khas,Dessert / Main Course,Dessert 17; Dessert 18; Main Dish 31; Main Dish 16; Dessert 12,5,334.5,Dessert 17; Dessert 18; Main Dish 31; Main Dish 16; Dessert 12,new delhi,hauz khas,33,5000000,28.4781117,77.2159317
Restaurant 182,New Delhi,Karol Bagh,Appetizer / Beverage / Main Course,Beverage 4; Appetizer 10; Appetizer 17; Main Dish 35,4,300.7,Beverage 4; Appetizer 10; Appetizer 17; Main Dish 35,new delhi,karol bagh,13,5000000,28.714321,77.2268513
Restaurant 182,New Delhi,Rajouri Garden,Beverage,Beverage 9,1,69.5,Beverage 9,new delhi,rajouri garden,35,5000000,28.6571186,77.1925434
Restaurant 182,New Delhi,Saket,Main Course,Main Dish 22,1,424.1,Main Dish 22,new delhi,saket,55,5000000,28.5321369,77.2817142
Restaurant 182,Pune,Aundh,Main Course,Main Dish 49; Main Dish 4,2,576.9,Main Dish 49; Main Dish 4,pune,aundh,41,9429408,18.510797,73.8283014
Restaurant 182,Pune,Baner,Appetizer,Appetizer 2,1,244.4,Appetizer 2,pune,baner,49,9429408,18.603362,73.7593745
Restaurant 182,Pune,Hinjawadi,Appetizer / Main Course,Appetizer 4; Main Dish 29,2,426.7,Appetizer 4; Main Dish 29,pune,hinjawadi,13,9429408,18.5569033,73.784063
Restaurant 182,Pune,Kothrud,Main Course,Main Dish 15,1,424.3,Main Dish 15,pune,kothrud,32,9429408,18.5026641,73.746847
Restaurant 183,Bangalore,Indiranagar,Appetizer / Beverage / Main Course,Beverage 19; Main Dish 29; Appetizer 18,3,221.1,Beverage 19; Main Dish 29; Appetizer 18,bangalore,indiranagar,50,9621551,13.0151405,77.5821244
Restaurant 183,Bangalore,Koramangala,Main Course,Main Dish 35,1,323.0,Main Dish 35,bangalore,koramangala,26,9621551,12.9155955,77.5576679
Restaurant 183,Bangalore,Mg Road,Appetizer / Dessert / Main Course / Snack,Main Dish 19; Appetizer 20; Main Dish 27; Snack 5; Appetizer 5; Dessert 12; Appetizer 11,7,217.4,Main Dish 19; Appetizer 20; Main Dish 27; Snack 5; Appetizer 5; Dessert 12; Appetizer 11,bangalore,mg road,54,9621551,13.0359276,77.6425635
Restaurant 183,Bangalore,Whitefield,Main Course,Main Dish 7,1,210.4,Main Dish 7,bangalore,whitefield,19,9621551,12.9400681,77.710117
Restaurant 183,Chennai,Adyar,Dessert,Dessert 7,1,147.8,Dessert 7,chennai,adyar,32,4646732,13.0668512,80.2935524
Restaurant 183,Chennai,Nungambakkam,Main Course / Snack,Main Dish 39; Main Dish 49; Snack 11,3,200.3,Main Dish 39; Main Dish 49; Snack 11,chennai,nungambakkam,30,4646732,13.0323983,80.3023416
Restaurant 183,Chennai,T. Nagar,Main Course,Main Dish 48,1,169.9,Main Dish 48,chennai,t. nagar,34,4646732,12.9821542,80.1840041
Restaurant 183,Chennai,Velachery,Dessert / Main Course,Dessert 11; Main Dish 39,2,304.5,Dessert 11; Main Dish 39,chennai,velachery,22,4646732,12.9600244,80.1564375
Restaurant 183,Mumbai,Andheri,Main Course,Main Dish 43; Main Dish 16,2,510.6,Main Dish 43; Main Dish 16,mumbai,andheri,22,12442373,19.1634054,72.8872331
Restaurant 183,Mumbai,Goregaon,Appetizer / Dessert / Main Course,Dessert 8; Main Dish 27; Appetizer 17,3,215.5,Dessert 8; Main Dish 27; Appetizer 17,mumbai,goregaon,47,12442373,19.1928922,72.8902315
Restaurant 183,Mumbai,Juhu,Main Course,Main Dish 20,1,228.9,Main Dish 20,mumbai,juhu,51,12442373,19.0595569,72.7966945
Restaurant 183,Mumbai,Powai,Beverage,Beverage 20,1,207.3,Beverage 20,mumbai,powai,35,12442373,19.0712549,72.8765146
Restaurant 183,New Delhi,Connaught Place,Appetizer / Beverage / Main Course,Beverage 11; Main Dish 47; Appetizer 18,3,222.8,Beverage 11; Main Dish 47; Appetizer 18,new delhi,connaught place,14,5000000,28.6921707,77.2551537
Restaurant 183,New Delhi,Hauz Khas,Appetizer / Main Course / Snack,Appetizer 15; Snack 4; Main Dish 19; Appetizer 6,4,254.4,Appetizer 15; Snack 4; Main Dish 19; Appetizer 6,new delhi,hauz khas,33,5000000,28.5894463,77.143002
Restaurant 183,New Delhi,Karol Bagh,Main Course / Snack,Snack 2; Main Dish 25,2,305.4,Snack 2; Main Dish 25,new delhi,karol bagh,13,5000000,28.5844344,77.2056649
Restaurant 183,New Delhi,Rajouri Garden,Beverage / Dessert / Main Course / Snack,Main Dish 7; Dessert 8; Snack 11; Beverage 9,4,349.1,Main Dish 7; Dessert 8; Snack 11; Beverage 9,new delhi,rajouri garden,35,5000000,28.5927967,77.0726283
Restaurant 183,New Delhi,Saket,Main Course,Main Dish 27; Main Dish 47,2,658.6,Main Dish 27; Main Dish 47,new delhi,saket,55,5000000,28.467815,77.1617991
Restaurant 183,Pune,Aundh,Beverage / Snack,Snack 12; Beverage 13; Snack 2,3,136.2,Snack 12; Beverage 13; Snack 2,pune,aundh,41,9429408,18.5876981,73.7616303
Restaurant 183,Pune,Baner,Main Course,Main Dish 14,1,645.5,Main Dish 14,pune,baner,49,9429408,18.543019,73.8337984
Restaurant 183,Pune,Hinjawadi,Beverage,Beverage 16,1,287.3,Beverage 16,pune,hinjawadi,13,9429408,18.5881555,73.6793945
Restaurant 183,Pune,Kothrud,Main Course / Snack,Main Dish 46; Snack 6,2,205.0,Main Dish 46; Snack 6,pune,kothrud,32,9429408,18.5509696,73.8464802
Restaurant 183,Pune,Viman Nagar,Appetizer / Beverage,Beverage 18; Appetizer 15,2,166.5,Beverage 18; Appetizer 15,pune,viman nagar,44,9429408,18.614756,73.8881849
Restaurant 184,Bangalore,Indiranagar,Main Course / Snack,Snack 8; Main Dish 20,2,241.7,Snack 8; Main Dish 20,bangalore,indiranagar,50,9621551,12.9819385,77.7125504
Restaurant 184,Bangalore,Jayanagar,Main Course / Snack,Main Dish 21; Snack 3,2,172.2,Main Dish 21; Snack 3,bangalore,jayanagar,40,9621551,12.9379203,77.6545061
Restaurant 184,Bangalore,Koramangala,Appetizer,Appetizer 20,1,214.5,Appetizer 20,bangalore,koramangala,26,9621551,12.9961378,77.6598543
Restaurant 184,Bangalore,Mg Road,Beverage / Main Course / Snack,Snack 3; Main Dish 19; Beverage 13; Beverage 7; Main Dish 2,5,334.4,Snack 3; Main Dish 19; Beverage 13; Beverage 7; Main Dish 2,bangalore,mg road,54,9621551,12.906041,77.6213771
Restaurant 184,Bangalore,Whitefield,Appetizer / Beverage / Main Course,Beverage 1; Appetizer 14; Main Dish 33,3,146.6,Beverage 1; Appetizer 14; Main Dish 33,bangalore,whitefield,19,9621551,13.0699051,77.7555853
Restaurant 184,Chennai,Adyar,Appetizer / Beverage / Dessert / Main Course,Beverage 15; Appetizer 12; Dessert 20; Main Dish 46,4,201.1,Beverage 15; Appetizer 12; Dessert 20; Main Dish 46,chennai,adyar,32,4646732,12.9369646,80.272366
Restaurant 184,Chennai,Anna Nagar,Main Course,Main Dish 42; Main Dish 47,2,313.6,Main Dish 42; Main Dish 47,chennai,anna nagar,50,4646732,13.1058266,80.1443463
Restaurant 184,Chennai,Nungambakkam,Beverage / Main Course,Beverage 12; Main Dish 38; Beverage 17; Beverage 9,4,168.8,Beverage 12; Main Dish 38; Beverage 17; Beverage 9,chennai,nungambakkam,30,4646732,13.0419215,80.1740739
Restaurant 184,Chennai,T. Nagar,Appetizer / Beverage,Beverage 10; Appetizer 17; Appetizer 18; Beverage 6,4,191.4,Beverage 10; Appetizer 17; Appetizer 18; Beverage 6,chennai,t. nagar,34,4646732,13.1119912,80.2294724
Restaurant 184,Mumbai,Andheri,Dessert / Main Course,Main Dish 25; Dessert 18; Main Dish 35,3,413.4,Main Dish 25; Dessert 18; Main Dish 35,mumbai,andheri,22,12442373,19.0591003,72.8458434
Restaurant 184,Mumbai,Goregaon,Appetizer,Appetizer 18,1,169.6,Appetizer 18,mumbai,goregaon,47,12442373,19.115945,72.8383018
Restaurant 184,Mumbai,Juhu,Snack,Snack 15,1,126.5,Snack 15,mumbai,juhu,51,12442373,19.1636368,72.818069
Restaurant 184,New Delhi,Connaught Place,Main Course / Snack,Snack 13; Main Dish 21; Main Dish 16,3,358.8,Snack 13; Main Dish 21; Main Dish 16,new delhi,connaught place,14,5000000,28.5622841,77.2339673
Restaurant 184,New Delhi,Karol Bagh,Main Course,Main Dish 5,1,798.9,Main Dish 5,new delhi,karol bagh,13,5000000,28.695769,77.1327352
Restaurant 184,New Delhi,Rajouri Garden,Main Course,Main Dish 20,1,161.4,Main Dish 20,new delhi,rajouri garden,35,5000000,28.7226337,77.1180966
Restaurant 184,New Delhi,Saket,Beverage,Beverage 10; Beverage 4,2,101.0,Beverage 10; Beverage 4,new delhi,saket,55,5000000,28.597652,77.2072674
Restaurant 184,Pune,Aundh,Dessert / Main Course,Dessert 1; Main Dish 34,2,388.4,Dessert 1; Main Dish 34,pune,aundh,41,9429408,18.5758544,73.8642184
Restaurant 184,Pune,Baner,Main Course,Main Dish 36; Main Dish 15; Main Dish 16,3,451.2,Main Dish 36; Main Dish 15; Main Dish 16,pune,baner,49,9429408,18.5371557,73.7366707
Restaurant 184,Pune,Hinjawadi,Main Course,Main Dish 36,1,560.9,Main Dish 36,pune,hinjawadi,13,9429408,18.636461,73.7790277
Restaurant 184,Pune,Kothrud,Appetizer,Appetizer 5,1,145.5,Appetizer 5,pune,kothrud,32,9429408,18.4466645,73.8050905
Restaurant 184,Pune,Viman Nagar,Beverage / Main Course,Beverage 12; Main Dish 44,2,351.7,Beverage 12; Main Dish 44,pune,viman nagar,44,9429408,18.554413,73.9626088
Restaurant 185,Bangalore,Indiranagar,Appetizer / Dessert / Main Course,Appetizer 15; Appetizer 20; Dessert 17; Dessert 2; Main Dish 2,5,807.1,Appetizer 15; Appetizer 20; Dessert 17; Dessert 2; Main Dish 2,bangalore,indiranagar,50,9621551,12.9176166,77.5926353
Restaurant 185,Bangalore,Jayanagar,Beverage / Main Course / Snack,Snack 7; Main Dish 32; Beverage 19; Main Dish 20; Snack 5,5,340.9,Snack 7; Main Dish 32; Beverage 19; Main Dish 20; Snack 5,bangalore,jayanagar,40,9621551,12.8735984,77.534591
Restaurant 185,Bangalore,Koramangala,Dessert / Main Course,Main Dish 23; Dessert 12; Main Dish 28,3,283.6,Main Dish 23; Dessert 12; Main Dish 28,bangalore,koramangala,26,9621551,12.8662512,77.6386679
Restaurant 185,Bangalore,Mg Road,Main Course / Snack,Main Dish 47; Snack 7; Main Dish 46,3,556.9,Main Dish 47; Snack 7; Main Dish 46,bangalore,mg road,54,9621551,13.0173756,77.5484474
Restaurant 185,Bangalore,Whitefield,Main Course,Main Dish 26,1,683.8,Main Dish 26,bangalore,whitefield,19,9621551,12.9420822,77.8103468
Restaurant 185,Chennai,Anna Nagar,Dessert / Main Course,Main Dish 18; Main Dish 39; Dessert 15,3,300.1,Main Dish 18; Main Dish 39; Dessert 15,chennai,anna nagar,50,4646732,13.1182015,80.2663761
Restaurant 185,Chennai,Nungambakkam,Snack,Snack 14,1,135.6,Snack 14,chennai,nungambakkam,30,4646732,13.1224638,80.2762603
Restaurant 185,Chennai,Velachery,Appetizer / Main Course,Main Dish 49; Appetizer 13,2,256.0,Main Dish 49; Appetizer 13,chennai,velachery,22,4646732,13.0405667,80.2586239
Restaurant 185,Mumbai,Andheri,Appetizer / Main Course,Main Dish 18; Appetizer 10,2,134.8,Main Dish 18; Appetizer 10,mumbai,andheri,22,12442373,19.1653649,72.8053783
Restaurant 185,Mumbai,Bandra,Beverage,Beverage 8,1,265.4,Beverage 8,mumbai,bandra,35,12442373,18.9943819,72.8396432
Restaurant 185,Mumbai,Goregaon,Dessert / Main Course,Dessert 8; Main Dish 40,2,364.1,Dessert 8; Main Dish 40,mumbai,goregaon,47,12442373,19.2092371,72.8244005
Restaurant 185,Mumbai,Juhu,Snack,Snack 12; Snack 6,2,87.8,Snack 12; Snack 6,mumbai,juhu,51,12442373,19.0711716,72.8733754
Restaurant 185,New Delhi,Connaught Place,Beverage,Beverage 6,1,179.7,Beverage 6,new delhi,connaught place,14,5000000,28.6736187,77.1610376
Restaurant 185,New Delhi,Hauz Khas,Main Course,Main Dish 12; Main Dish 32,2,406.2,Main Dish 12; Main Dish 32,new delhi,hauz khas,33,5000000,28.5562443,77.273428
Restaurant 185,New Delhi,Karol Bagh,Main Course,Main Dish 6,1,346.2,Main Dish 6,new delhi,karol bagh,13,5000000,28.662567,77.2631612
Restaurant 185,New Delhi,Rajouri Garden,Main Course,Main Dish 31; Main Dish 48; Main Dish 50,3,508.1,Main Dish 31; Main Dish 48; Main Dish 50,new delhi,rajouri garden,35,5000000,28.5948108,77.1728581
Restaurant 185,New Delhi,Saket,Beverage,Beverage 14,1,188.8,Beverage 14,new delhi,saket,55,5000000,28.4698291,77.2620289
Restaurant 185,Pune,Aundh,Dessert / Main Course,Dessert 12; Main Dish 50,2,269.9,Dessert 12; Main Dish 50,pune,aundh,41,9429408,18.5144188,73.7793627
Restaurant 185,Pune,Baner,Beverage / Main Course,Beverage 4; Main Dish 5,2,373.4,Beverage 4; Main Dish 5,pune,baner,49,9429408,18.6081569,73.8053689
Restaurant 185,Pune,Hinjawadi,Main Course / Snack,Main Dish 45; Snack 12,2,361.0,Main Dish 45; Snack 12,pune,hinjawadi,13,9429408,18.5321559,73.737638
Restaurant 185,Pune,Viman Nagar,Dessert / Main Course,Dessert 19; Main Dish 9,2,366.9,Dessert 19; Main Dish 9,pune,viman nagar,44,9429408,18.5485497,73.8654811
Restaurant 186,Bangalore,Indiranagar,Beverage / Dessert,Dessert 4; Beverage 20,2,224.9,Dessert 4; Beverage 20,bangalore,indiranagar,50,9621551,13.0474536,77.6381036
Restaurant 186,Bangalore,Jayanagar,Appetizer,Appetizer 9,1,101.3,Appetizer 9,bangalore,jayanagar,40,9621551,13.0034354,77.5800593
Restaurant 186,Bangalore,Koramangala,Beverage / Main Course / Snack,Beverage 19; Main Dish 6; Snack 6; Main Dish 3,4,280.3,Beverage 19; Main Dish 6; Snack 6; Main Dish 3,bangalore,koramangala,26,9621551,12.9775858,77.5657382
Restaurant 186,Bangalore,Mg Road,Beverage / Main Course,Beverage 18; Main Dish 34; Main Dish 23,3,246.4,Beverage 18; Main Dish 34; Main Dish 23,bangalore,mg road,54,9621551,12.9841736,77.6788734
Restaurant 186,Bangalore,Whitefield,Main Course / Snack,Main Dish 2; Main Dish 38; Snack 15; Main Dish 48,4,402.4,Main Dish 2; Main Dish 38; Snack 15; Main Dish 48,bangalore,whitefield,19,9621551,12.9999605,77.6822663
Restaurant 186,Chennai,Anna Nagar,Main Course / Snack,Main Dish 20; Main Dish 19; Snack 3,3,438.8,Main Dish 20; Main Dish 19; Snack 3,chennai,anna nagar,50,4646732,13.0255356,80.1837595
Restaurant 186,Chennai,Nungambakkam,Appetizer / Snack,Snack 11; Snack 8; Appetizer 10,3,149.3,Snack 11; Snack 8; Appetizer 10,chennai,nungambakkam,30,4646732,12.9925772,80.2550739
Restaurant 186,Chennai,T. Nagar,Main Course,Main Dish 4,1,438.0,Main Dish 4,chennai,t. nagar,34,4646732,12.9841683,80.2842339
Restaurant 186,Chennai,Velachery,Appetizer,Appetizer 2,1,241.0,Appetizer 2,chennai,velachery,22,4646732,12.9106801,80.2374375
Restaurant 186,Mumbai,Andheri,Main Course,Main Dish 41,1,183.3,Main Dish 41,mumbai,andheri,22,12442373,19.1136702,72.9083278
Restaurant 186,Mumbai,Goregaon,Main Course,Main Dish 9; Main Dish 14; Main Dish 35,3,509.7,Main Dish 9; Main Dish 14; Main Dish 35,mumbai,goregaon,47,12442373,19.1488941,72.8988244
Restaurant 186,New Delhi,Connaught Place,Main Course,Main Dish 27,1,742.9,Main Dish 27,new delhi,connaught place,14,5000000,28.6404167,77.2914636
Restaurant 186,New Delhi,Hauz Khas,Beverage,Beverage 5,1,45.7,Beverage 5,new delhi,hauz khas,33,5000000,28.4919224,77.1535129
Restaurant 186,New Delhi,Karol Bagh,Appetizer / Main Course,Appetizer 15; Main Dish 21; Appetizer 12; Main Dish 36,4,463.7,Appetizer 15; Main Dish 21; Appetizer 12; Main Dish 36,new delhi,karol bagh,13,5000000,28.5982451,77.1432461
Restaurant 186,New Delhi,Rajouri Garden,Appetizer / Beverage / Dessert / Main Course / Snack,Dessert 19; Snack 12; Main Dish 6; Beverage 12; Main Dish 17; Appetizer 4; Beverage 3; Main Dish 18,8,356.6,Dessert 19; Snack 12; Main Dish 6; Beverage 12; Main Dish 17; Appetizer 4; Beverage 3; Main Dish 18,new delhi,rajouri garden,35,5000000,28.6526891,77.0447776
Restaurant 186,New Delhi,Saket,Appetizer,Appetizer 18,1,191.6,Appetizer 18,new delhi,saket,55,5000000,28.5277074,77.1339484
Restaurant 186,Pune,Aundh,Dessert / Snack,Dessert 9; Dessert 20; Snack 13,3,170.8,Dessert 9; Dessert 20; Snack 13,pune,aundh,41,9429408,18.6184987,73.8007372
Restaurant 186,Pune,Baner,Main Course,Main Dish 25,1,242.6,Main Dish 25,pune,baner,49,9429408,18.5079073,73.8026289
Restaurant 186,Pune,Kothrud,Dessert / Main Course,Main Dish 47; Main Dish 34; Main Dish 20; Dessert 20,4,363.0,Main Dish 47; Main Dish 34; Main Dish 20; Dessert 20,pune,kothrud,32,9429408,18.5529291,73.7646254
Restaurant 186,Pune,Viman Nagar,Appetizer / Main Course,Main Dish 10; Appetizer 8,2,459.9,Main Dish 10; Appetizer 8,pune,viman nagar,44,9429408,18.6195509,73.9341793
Restaurant 187,Bangalore,Indiranagar,Appetizer / Beverage,Appetizer 2; Beverage 6,2,210.9,Appetizer 2; Beverage 6,bangalore,indiranagar,50,9621551,12.9196307,77.6928651
Restaurant 187,Bangalore,Jayanagar,Dessert / Main Course,Dessert 13; Main Dish 3,2,491.8,Dessert 13; Main Dish 3,bangalore,jayanagar,40,9621551,12.8756125,77.6348208
Restaurant 187,Bangalore,Koramangala,Beverage / Dessert / Main Course,Beverage 5; Dessert 17; Main Dish 24,3,170.3,Beverage 5; Dessert 17; Main Dish 24,bangalore,koramangala,26,9621551,12.9443838,77.6961642
Restaurant 187,Bangalore,Mg Road,Appetizer / Dessert,Appetizer 1; Appetizer 15; Dessert 4,3,165.1,Appetizer 1; Appetizer 15; Dessert 4,bangalore,mg road,54,9621551,12.9198517,77.5589583
Restaurant 187,Bangalore,Whitefield,Main Course,Main Dish 45,1,648.3,Main Dish 45,bangalore,whitefield,19,9621551,13.0442626,77.8172227
Restaurant 187,Chennai,Adyar,Appetizer / Beverage / Main Course,Main Dish 4; Appetizer 3; Beverage 3,3,297.2,Main Dish 4; Appetizer 3; Beverage 3,chennai,adyar,32,4646732,13.0482992,80.1994363
Restaurant 187,Chennai,Anna Nagar,Beverage / Main Course,Main Dish 23; Beverage 5,2,251.5,Main Dish 23; Beverage 5,chennai,anna nagar,50,4646732,13.1511624,80.1820665
Restaurant 187,Chennai,Nungambakkam,Appetizer / Dessert,Dessert 18; Dessert 5; Appetizer 15; Appetizer 1,4,239.4,Dessert 18; Dessert 5; Appetizer 15; Appetizer 1,chennai,nungambakkam,30,4646732,13.1039118,80.1821442
Restaurant 187,Chennai,T. Nagar,Main Course,Main Dish 10; Main Dish 13; Main Dish 16,3,591.9,Main Dish 10; Main Dish 13; Main Dish 16,chennai,t. nagar,34,4646732,13.0420466,80.1561534
Restaurant 187,Chennai,Velachery,Main Course,Main Dish 43,1,713.5,Main Dish 43,chennai,velachery,22,4646732,13.0220147,80.1645078
Restaurant 187,Mumbai,Andheri,Dessert / Snack,Snack 13; Dessert 4; Dessert 19,3,184.8,Snack 13; Dessert 4; Dessert 19,mumbai,andheri,22,12442373,19.0818434,72.7960612
Restaurant 187,Mumbai,Bandra,Snack,Snack 2,1,117.2,Snack 2,mumbai,bandra,35,12442373,19.1006465,72.7991781
Restaurant 187,Mumbai,Juhu,Dessert / Main Course,Main Dish 2; Dessert 15; Main Dish 18,3,408.0,Main Dish 2; Dessert 15; Main Dish 18,mumbai,juhu,51,12442373,19.1024238,72.7687069
Restaurant 187,Mumbai,Powai,Main Course / Snack,Snack 8; Main Dish 14; Snack 9; Snack 2,4,197.2,Snack 8; Main Dish 14; Snack 9; Snack 2,mumbai,powai,35,12442373,19.1753348,72.8978891
Restaurant 187,New Delhi,Connaught Place,Appetizer,Appetizer 2,1,52.1,Appetizer 2,new delhi,connaught place,14,5000000,28.5760948,77.1715485
Restaurant 187,New Delhi,Hauz Khas,Appetizer / Snack,Snack 13; Appetizer 7,2,183.7,Snack 13; Appetizer 7,new delhi,hauz khas,33,5000000,28.6217594,77.1989812
Restaurant 187,New Delhi,Karol Bagh,Beverage / Main Course / Snack,Snack 6; Main Dish 47; Beverage 18,3,355.7,Snack 6; Main Dish 47; Beverage 18,new delhi,karol bagh,13,5000000,28.7280821,77.1887144
Restaurant 187,New Delhi,Rajouri Garden,Appetizer / Beverage / Main Course,Main Dish 46; Beverage 15; Appetizer 6; Main Dish 37,4,312.2,Main Dish 46; Beverage 15; Appetizer 6; Main Dish 37,new delhi,rajouri garden,35,5000000,28.6969912,77.179734
Restaurant 187,New Delhi,Saket,Appetizer / Main Course / Snack,Appetizer 1; Main Dish 39; Snack 8,3,173.4,Appetizer 1; Main Dish 39; Snack 8,new delhi,saket,55,5000000,28.5720095,77.2689048
Restaurant 187,Pune,Baner,Snack,Snack 13,1,149.2,Snack 13,pune,baner,49,9429408,18.5848084,73.7359578
Restaurant 187,Pune,Hinjawadi,Main Course,Main Dish 47,1,233.5,Main Dish 47,pune,hinjawadi,13,9429408,18.6384205,73.6971729
Restaurant 187,Pune,Viman Nagar,Appetizer,Appetizer 20,1,60.3,Appetizer 20,pune,viman nagar,44,9429408,18.5193013,73.9314393
Restaurant 188,Bangalore,Indiranagar,Appetizer / Beverage / Main Course,Beverage 11; Main Dish 40; Appetizer 2,3,416.6,Beverage 11; Main Dish 40; Appetizer 2,bangalore,indiranagar,50,9621551,12.977509,77.5647846
Restaurant 188,Bangalore,Jayanagar,Main Course / Snack,Snack 2; Main Dish 38; Snack 10,3,219.1,Snack 2; Main Dish 38; Snack 10,bangalore,jayanagar,40,9621551,12.9334908,77.5067403
Restaurant 188,Bangalore,Koramangala,Main Course / Snack,Snack 4; Main Dish 3; Main Dish 45,3,381.6,Snack 4; Main Dish 3; Main Dish 45,bangalore,koramangala,26,9621551,12.8800619,77.5762491
Restaurant 188,Bangalore,Mg Road,Appetizer / Beverage,Beverage 11; Appetizer 14,2,179.4,Beverage 11; Appetizer 14,bangalore,mg road,54,9621551,13.0496887,77.6044266
Restaurant 188,Bangalore,Whitefield,Beverage,Beverage 18,1,246.0,Beverage 18,bangalore,whitefield,19,9621551,12.9191351,77.7469029
Restaurant 188,Chennai,Adyar,Dessert / Main Course,Main Dish 1; Dessert 5,2,239.7,Main Dish 1; Dessert 5,chennai,adyar,32,4646732,13.0150972,80.3298623
Restaurant 188,Chennai,Anna Nagar,Appetizer / Beverage / Dessert / Main Course,Dessert 18; Main Dish 30; Main Dish 21; Appetizer 18; Beverage 9,5,424.1,Dessert 18; Main Dish 30; Main Dish 21; Appetizer 18; Beverage 9,chennai,anna nagar,50,4646732,13.0585847,80.2691944
Restaurant 188,Chennai,Nungambakkam,Appetizer / Dessert / Main Course,Main Dish 5; Appetizer 12; Dessert 12,3,187.8,Main Dish 5; Appetizer 12; Dessert 12,chennai,nungambakkam,30,4646732,13.0707098,80.3125702
Restaurant 188,Chennai,T. Nagar,Appetizer / Main Course,Appetizer 7; Appetizer 19; Main Dish 12; Main Dish 45; Appetizer 10,5,368.9,Appetizer 7; Appetizer 19; Main Dish 12; Main Dish 45; Appetizer 10,chennai,t. nagar,34,4646732,13.0863487,80.2911098
Restaurant 188,Chennai,Velachery,Appetizer / Beverage / Dessert,Beverage 8; Dessert 15; Dessert 12; Appetizer 2,4,240.1,Beverage 8; Dessert 15; Dessert 12; Appetizer 2,chennai,velachery,22,4646732,12.9888127,80.2949338
Restaurant 188,Mumbai,Juhu,Appetizer,Appetizer 20,1,248.2,Appetizer 20,mumbai,juhu,51,12442373,19.1507293,72.8683401
Restaurant 188,Mumbai,Powai,Appetizer / Beverage / Main Course,Main Dish 10; Appetizer 11; Main Dish 4; Beverage 2,4,380.6,Main Dish 10; Appetizer 11; Main Dish 4; Beverage 2,mumbai,powai,35,12442373,19.0828696,72.9531955
Restaurant 188,New Delhi,Connaught Place,Appetizer / Dessert,Dessert 16; Appetizer 8,2,247.6,Dessert 16; Appetizer 8,new delhi,connaught place,14,5000000,28.7059318,77.2170168
Restaurant 188,New Delhi,Hauz Khas,Appetizer / Main Course,Main Dish 17; Appetizer 10; Appetizer 18; Main Dish 34; Main Dish 12; Appetizer 1,6,310.4,Main Dish 17; Appetizer 10; Appetizer 18; Main Dish 34; Main Dish 12; Appetizer 1,new delhi,hauz khas,33,5000000,28.4939365,77.2537427
Restaurant 188,New Delhi,Karol Bagh,Main Course,Main Dish 15; Main Dish 41,2,319.2,Main Dish 15; Main Dish 41,new delhi,karol bagh,13,5000000,28.6002592,77.2434759
Restaurant 188,New Delhi,Rajouri Garden,Beverage / Main Course,Main Dish 17; Beverage 12; Main Dish 26,3,268.8,Main Dish 17; Beverage 12; Main Dish 26,new delhi,rajouri garden,35,5000000,28.5718637,77.1094142
Restaurant 188,New Delhi,Saket,Main Course,Main Dish 29,1,184.1,Main Dish 29,new delhi,saket,55,5000000,28.446882,77.198585
Restaurant 188,Pune,Aundh,Dessert / Snack,Dessert 1; Snack 15,2,203.4,Dessert 1; Snack 15,pune,aundh,41,9429408,18.5260335,73.8560436
Restaurant 188,Pune,Hinjawadi,Dessert,Dessert 5,1,305.8,Dessert 5,pune,hinjawadi,13,9429408,18.5867258,73.8001224
Restaurant 188,Pune,Viman Nagar,Beverage,Beverage 16,1,53.0,Beverage 16,pune,viman nagar,44,9429408,18.5962024,73.8647682
Restaurant 189,Bangalore,Indiranagar,Main Course,Main Dish 44; Main Dish 36; Main Dish 48; Main Dish 10,4,367.7,Main Dish 44; Main Dish 36; Main Dish 48; Main Dish 10,bangalore,indiranagar,50,9621551,13.0218111,77.699741
Restaurant 189,Bangalore,Jayanagar,Beverage,Beverage 5,1,114.4,Beverage 5,bangalore,jayanagar,40,9621551,12.9777929,77.6416967
Restaurant 189,Bangalore,Koramangala,Appetizer / Dessert / Main Course,Main Dish 11; Appetizer 14; Dessert 19,3,173.2,Main Dish 11; Appetizer 14; Dessert 19,bangalore,koramangala,26,9621551,13.0098989,77.6217174
Restaurant 189,Bangalore,Mg Road,Appetizer / Snack,Appetizer 13; Snack 8,2,149.7,Appetizer 13; Snack 8,bangalore,mg road,54,9621551,12.9218658,77.6591881
Restaurant 189,Bangalore,Whitefield,Appetizer,Appetizer 14; Appetizer 3,2,182.5,Appetizer 14; Appetizer 3,bangalore,whitefield,19,9621551,13.0603532,77.7138952
Restaurant 189,Chennai,Adyar,Appetizer / Main Course,Main Dish 6; Appetizer 7,2,252.3,Main Dish 6; Appetizer 7,chennai,adyar,32,4646732,12.9507753,80.2099472
Restaurant 189,Chennai,Anna Nagar,Appetizer / Main Course,Main Dish 2; Main Dish 44; Appetizer 7,3,284.7,Main Dish 2; Main Dish 44; Appetizer 7,chennai,anna nagar,50,4646732,13.0681079,80.1409267
Restaurant 189,Chennai,Nungambakkam,Appetizer / Snack,Snack 11; Appetizer 13,2,171.0,Snack 11; Appetizer 13,chennai,nungambakkam,30,4646732,13.0063879,80.1926551
Restaurant 189,Chennai,T. Nagar,Appetizer / Beverage / Dessert / Main Course,Dessert 20; Appetizer 1; Beverage 2; Main Dish 49,4,285.9,Dessert 20; Appetizer 1; Beverage 2; Main Dish 49,chennai,t. nagar,34,4646732,12.9612212,80.22079
Restaurant 189,Chennai,Velachery,Dessert / Main Course,Main Dish 14; Dessert 20,2,226.6,Main Dish 14; Dessert 20,chennai,velachery,22,4646732,12.9244908,80.1750187
Restaurant 189,Mumbai,Andheri,Dessert,Dessert 17,1,389.4,Dessert 17,mumbai,andheri,22,12442373,19.1824138,72.8581303
Restaurant 189,Mumbai,Juhu,Main Course,Main Dish 4,1,462.6,Main Dish 4,mumbai,juhu,51,12442373,19.0464242,72.8269504
Restaurant 189,New Delhi,Connaught Place,Appetizer,Appetizer 19,1,82.3,Appetizer 19,new delhi,connaught place,14,5000000,28.5781089,77.2717783
Restaurant 189,New Delhi,Hauz Khas,Beverage / Dessert / Main Course,Beverage 14; Main Dish 40; Main Dish 7; Main Dish 10; Dessert 16,5,385.8,Beverage 14; Main Dish 40; Main Dish 7; Main Dish 10; Dessert 16,new delhi,hauz khas,33,5000000,28.5518148,77.1256622
Restaurant 189,New Delhi,Karol Bagh,Appetizer / Dessert / Main Course,Appetizer 11; Main Dish 39; Dessert 18; Main Dish 5,4,399.5,Appetizer 11; Main Dish 39; Dessert 18; Main Dish 5,new delhi,karol bagh,13,5000000,28.6581375,77.1153954
Restaurant 189,New Delhi,Rajouri Garden,Main Course,Main Dish 42; Main Dish 14,2,617.1,Main Dish 42; Main Dish 14,new delhi,rajouri garden,35,5000000,28.7130818,77.0764065
Restaurant 189,New Delhi,Saket,Main Course,Main Dish 8,1,308.8,Main Dish 8,new delhi,saket,55,5000000,28.5881001,77.1655773
Restaurant 189,Pune,Aundh,Dessert / Main Course,Dessert 13; Main Dish 22,2,439.5,Dessert 13; Main Dish 22,pune,aundh,41,9429408,18.5572857,73.7513751
Restaurant 189,Pune,Kothrud,Appetizer / Main Course,Main Dish 29; Appetizer 2,2,318.2,Main Dish 29; Appetizer 2,pune,kothrud,32,9429408,18.5012344,73.8675749
Restaurant 189,Pune,Viman Nagar,Appetizer / Beverage / Main Course,Appetizer 11; Beverage 19; Main Dish 33; Main Dish 45,4,419.2,Appetizer 11; Beverage 19; Main Dish 33; Main Dish 45,pune,viman nagar,44,9429408,18.5843587,73.9673563
Restaurant 19,Bangalore,Indiranagar,Beverage / Dessert,Beverage 15; Dessert 7; Dessert 3,3,306.1,Beverage 15; Dessert 7; Dessert 3,bangalore,indiranagar,50,9621551,12.8966836,77.6294212
Restaurant 19,Bangalore,Jayanagar,Beverage / Main Course,Beverage 8; Main Dish 42,2,157.2,Beverage 8; Main Dish 42,bangalore,jayanagar,40,9621551,12.8526654,77.5713769
Restaurant 19,Bangalore,Koramangala,Appetizer / Beverage / Dessert / Main Course / Snack,Main Dish 16; Dessert 14; Appetizer 3; Snack 10; Appetizer 6; Beverage 12,6,263.7,Main Dish 16; Dessert 14; Appetizer 3; Snack 10; Appetizer 6; Beverage 12,bangalore,koramangala,26,9621551,12.882076,77.6764789
Restaurant 19,Bangalore,Mg Road,Main Course,Main Dish 13; Main Dish 43,2,410.7,Main Dish 13; Main Dish 43,bangalore,mg road,54,9621551,12.9797441,77.5311076
Restaurant 19,Bangalore,Whitefield,Appetizer / Main Course / Snack,Appetizer 13; Main Dish 25; Snack 13; Appetizer 8; Main Dish 17,5,213.5,Appetizer 13; Main Dish 25; Snack 13; Appetizer 8; Main Dish 17,bangalore,whitefield,19,9621551,12.9776762,77.8348553
Restaurant 19,Chennai,Anna Nagar,Appetizer,Appetizer 14,1,93.9,Appetizer 14,chennai,anna nagar,50,4646732,13.1486502,80.2431131
Restaurant 19,Chennai,Nungambakkam,Appetizer / Beverage / Snack,Beverage 20; Appetizer 20; Appetizer 5; Snack 6,4,112.7,Beverage 20; Appetizer 20; Appetizer 5; Snack 6,chennai,nungambakkam,30,4646732,13.1362249,80.2381234
Restaurant 19,Chennai,T. Nagar,Appetizer / Main Course / Snack,Snack 14; Appetizer 9; Main Dish 21; Snack 10,4,191.9,Snack 14; Appetizer 9; Main Dish 21; Snack 10,chennai,t. nagar,34,4646732,13.1024393,80.1877823
Restaurant 19,Chennai,Velachery,Appetizer / Main Course / Snack,Snack 7; Main Dish 21; Appetizer 12; Main Dish 48,4,303.0,Snack 7; Main Dish 21; Appetizer 12; Main Dish 48,chennai,velachery,22,4646732,13.0543278,80.220487
Restaurant 19,Mumbai,Andheri,Beverage,Beverage 2,1,39.9,Beverage 2,mumbai,andheri,22,12442373,19.0648638,72.8805733
Restaurant 19,Mumbai,Bandra,Main Course,Main Dish 5,1,691.0,Main Dish 5,mumbai,bandra,35,12442373,19.0489518,72.9021276
Restaurant 19,Mumbai,Goregaon,Main Course,Main Dish 34,1,293.3,Main Dish 34,mumbai,goregaon,47,12442373,19.1430308,72.8016967
Restaurant 19,Mumbai,Juhu,Appetizer,Appetizer 20,1,83.8,Appetizer 20,mumbai,juhu,51,12442373,19.1526888,72.7864853
Restaurant 19,Mumbai,Powai,Dessert / Main Course,Main Dish 26; Dessert 10,2,355.1,Main Dish 26; Dessert 10,mumbai,powai,35,12442373,19.1141218,72.848527
Restaurant 19,New Delhi,Connaught Place,Main Course / Snack,Main Dish 45; Main Dish 21; Snack 4,3,391.0,Main Dish 45; Main Dish 21; Snack 4,new delhi,connaught place,14,5000000,28.6359872,77.1436978
Restaurant 19,New Delhi,Hauz Khas,Appetizer / Beverage / Main Course,Appetizer 15; Main Dish 34; Beverage 7; Appetizer 10,4,223.1,Appetizer 15; Main Dish 34; Beverage 7; Appetizer 10,new delhi,hauz khas,33,5000000,28.5961169,77.2606186
Restaurant 19,New Delhi,Karol Bagh,Appetizer / Main Course / Snack,Snack 1; Main Dish 39; Main Dish 25; Appetizer 16,4,340.2,Snack 1; Main Dish 39; Main Dish 25; Appetizer 16,new delhi,karol bagh,13,5000000,28.7024396,77.2503518
Restaurant 19,New Delhi,Rajouri Garden,Main Course / Snack,Main Dish 33; Snack 6,2,202.7,Main Dish 33; Snack 6,new delhi,rajouri garden,35,5000000,28.6304048,77.1973666
Restaurant 19,New Delhi,Saket,Appetizer / Dessert,Appetizer 17; Dessert 14,2,201.6,Appetizer 17; Dessert 14,new delhi,saket,55,5000000,28.5054231,77.2865374
Restaurant 19,Pune,Baner,Appetizer,Appetizer 12,1,179.4,Appetizer 12,pune,baner,49,9429408,18.5729647,73.8385459
Restaurant 19,Pune,Hinjawadi,Appetizer,Appetizer 17,1,52.6,Appetizer 17,pune,hinjawadi,13,9429408,18.554899,73.6878558
Restaurant 19,Pune,Kothrud,Beverage / Snack,Snack 8; Beverage 10,2,211.0,Snack 8; Beverage 10,pune,kothrud,32,9429408,18.4694076,73.7553083
Restaurant 190,Bangalore,Jayanagar,Beverage / Dessert,Dessert 11; Beverage 18,2,144.4,Dessert 11; Beverage 18,bangalore,jayanagar,40,9621551,12.9938835,77.5383692
Restaurant 190,Bangalore,Koramangala,Appetizer / Beverage / Main Course,Beverage 4; Appetizer 3; Main Dish 12,3,165.9,Beverage 4; Appetizer 3; Main Dish 12,bangalore,koramangala,26,9621551,12.9399543,77.5483984
Restaurant 190,Bangalore,Mg Road,Appetizer / Beverage / Dessert,Appetizer 13; Dessert 13; Beverage 11; Appetizer 7; Dessert 12,5,232.7,Appetizer 13; Dessert 13; Beverage 11; Appetizer 7; Dessert 12,bangalore,mg road,54,9621551,13.0240462,77.666064
Restaurant 190,Bangalore,Whitefield,Appetizer,Appetizer 20; Appetizer 1; Appetizer 13,3,204.6,Appetizer 20; Appetizer 1; Appetizer 13,bangalore,whitefield,19,9621551,12.9567236,77.688339
Restaurant 190,Chennai,Adyar,Dessert,Dessert 4,1,355.6,Dessert 4,chennai,adyar,32,4646732,13.0806123,80.2554155
Restaurant 190,Chennai,Anna Nagar,Appetizer / Main Course,Main Dish 9; Appetizer 8; Main Dish 32; Appetizer 7,4,316.3,Main Dish 9; Appetizer 8; Main Dish 32; Appetizer 7,chennai,anna nagar,50,4646732,13.0187636,80.2219267
Restaurant 190,Chennai,Nungambakkam,Appetizer,Appetizer 9,1,126.0,Appetizer 9,chennai,nungambakkam,30,4646732,13.008402,80.2928849
Restaurant 190,Chennai,T. Nagar,Appetizer / Beverage / Main Course,Beverage 3; Appetizer 8; Main Dish 10,3,287.6,Beverage 3; Appetizer 8; Main Dish 10,chennai,t. nagar,34,4646732,13.0197623,80.3087424
Restaurant 190,Chennai,Velachery,Beverage,Beverage 1,1,217.5,Beverage 1,chennai,velachery,22,4646732,12.9265049,80.2752485
Restaurant 190,Mumbai,Andheri,Beverage / Main Course,Beverage 8; Main Dish 5,2,274.9,Beverage 8; Main Dish 5,mumbai,andheri,22,12442373,19.1372752,72.783427
Restaurant 190,Mumbai,Bandra,Appetizer / Snack,Snack 14; Appetizer 15,2,202.3,Snack 14; Appetizer 15,mumbai,bandra,35,12442373,19.017125,72.789861
Restaurant 190,Mumbai,Juhu,Snack,Snack 5,1,108.0,Snack 5,mumbai,juhu,51,12442373,19.1009941,72.8894348
Restaurant 190,Mumbai,Powai,Appetizer / Dessert,Dessert 5; Appetizer 4,2,167.8,Dessert 5; Appetizer 4,mumbai,powai,35,12442373,19.1624273,72.9481602
Restaurant 190,New Delhi,Connaught Place,Appetizer / Beverage / Dessert / Main Course,Main Dish 32; Appetizer 18; Dessert 4; Main Dish 34; Beverage 13; Beverage 14,6,239.1,Main Dish 32; Appetizer 18; Dessert 4; Main Dish 34; Beverage 13; Beverage 14,new delhi,connaught place,14,5000000,28.6802893,77.2786542
Restaurant 190,New Delhi,Hauz Khas,Appetizer / Beverage / Dessert / Main Course / Snack,Main Dish 38; Snack 6; Appetizer 13; Beverage 15; Appetizer 5; Dessert 16,6,226.2,Main Dish 38; Snack 6; Appetizer 13; Beverage 15; Appetizer 5; Dessert 16,new delhi,hauz khas,33,5000000,28.4709894,77.1902988
Restaurant 190,New Delhi,Karol Bagh,Dessert / Main Course / Snack,Snack 4; Main Dish 43; Dessert 19,3,285.9,Snack 4; Main Dish 43; Dessert 19,new delhi,karol bagh,13,5000000,28.5773121,77.180032
Restaurant 190,New Delhi,Rajouri Garden,Appetizer,Appetizer 8,1,146.8,Appetizer 8,new delhi,rajouri garden,35,5000000,28.6094522,77.0508503
Restaurant 190,New Delhi,Saket,Appetizer / Dessert / Main Course / Snack,Dessert 10; Main Dish 38; Snack 12; Appetizer 8; Main Dish 15,5,331.7,Dessert 10; Main Dish 38; Snack 12; Appetizer 8; Main Dish 15,new delhi,saket,55,5000000,28.4844705,77.1400211
Restaurant 190,Pune,Aundh,Main Course,Main Dish 23; Main Dish 17; Main Dish 38,3,595.4,Main Dish 23; Main Dish 17; Main Dish 38,pune,aundh,41,9429408,18.6055912,73.8510083
Restaurant 190,Pune,Baner,Appetizer / Dessert,Dessert 4; Appetizer 16,2,236.0,Dessert 4; Appetizer 16,pune,baner,49,9429408,18.5115291,73.7536902
Restaurant 190,Pune,Kothrud,Appetizer / Main Course,Appetizer 9; Main Dish 36,2,239.6,Appetizer 9; Main Dish 36,pune,kothrud,32,9429408,18.569978,73.8173774
Restaurant 191,Bangalore,Indiranagar,Beverage / Main Course,Main Dish 46; Beverage 10,2,308.0,Main Dish 46; Beverage 10,bangalore,indiranagar,50,9621551,13.0379017,77.5964135
Restaurant 191,Bangalore,Jayanagar,Appetizer / Beverage / Main Course,Appetizer 6; Beverage 9; Main Dish 44,3,269.9,Appetizer 6; Beverage 9; Main Dish 44,bangalore,jayanagar,40,9621551,12.9112065,77.6593293
Restaurant 191,Bangalore,Koramangala,Beverage / Main Course,Main Dish 28; Main Dish 20; Main Dish 36; Beverage 7; Main Dish 12,5,310.8,Main Dish 28; Main Dish 20; Main Dish 36; Beverage 7; Main Dish 12,bangalore,koramangala,26,9621551,12.9842564,77.6833548
Restaurant 191,Bangalore,Mg Road,Appetizer / Beverage / Main Course,Appetizer 13; Main Dish 8; Beverage 10; Main Dish 10; Main Dish 18,5,283.6,Appetizer 13; Main Dish 8; Beverage 10; Main Dish 10; Main Dish 18,bangalore,mg road,54,9621551,12.8989187,77.5957442
Restaurant 191,Bangalore,Whitefield,Appetizer / Main Course / Snack,Main Dish 44; Snack 10; Main Dish 24; Appetizer 10; Main Dish 23,5,203.6,Main Dish 44; Snack 10; Main Dish 24; Appetizer 10; Main Dish 23,bangalore,whitefield,19,9621551,13.0722951,77.7831701
Restaurant 191,Chennai,Adyar,Dessert / Main Course,Dessert 19; Main Dish 37,2,213.0,Dessert 19; Main Dish 37,chennai,adyar,32,4646732,12.9527894,80.310177
Restaurant 191,Chennai,Anna Nagar,Beverage / Main Course,Main Dish 37; Beverage 18,2,270.5,Main Dish 37; Beverage 18,chennai,anna nagar,50,4646732,13.1300982,80.148997
Restaurant 191,Chennai,Nungambakkam,Appetizer / Main Course,Appetizer 14; Appetizer 20; Main Dish 45,3,275.8,Appetizer 14; Appetizer 20; Main Dish 45,chennai,nungambakkam,30,4646732,13.0662803,80.1648044
Restaurant 191,Chennai,T. Nagar,Beverage / Dessert / Main Course / Snack,Main Dish 41; Dessert 7; Dessert 4; Beverage 1; Snack 10,5,323.5,Main Dish 41; Dessert 7; Dessert 4; Beverage 1; Snack 10,chennai,t. nagar,34,4646732,12.9988097,80.1622261
Restaurant 191,Chennai,Velachery,Appetizer / Dessert / Main Course / Snack,Dessert 1; Appetizer 6; Main Dish 5; Appetizer 18; Snack 5; Dessert 6,6,189.5,Dessert 1; Appetizer 6; Main Dish 5; Appetizer 18; Snack 5; Dessert 6,chennai,velachery,22,4646732,12.9843832,80.147168
Restaurant 191,Mumbai,Andheri,Appetizer,Appetizer 5,1,150.8,Appetizer 5,mumbai,andheri,22,12442373,19.1496501,72.9054568
Restaurant 191,Mumbai,Bandra,Appetizer / Main Course,Main Dish 33; Appetizer 19,2,312.9,Main Dish 33; Appetizer 19,mumbai,bandra,35,12442373,19.1176954,72.8519301
Restaurant 191,Mumbai,Goregaon,Beverage,Beverage 2,1,88.4,Beverage 2,mumbai,goregaon,47,12442373,19.214032,72.8703949
Restaurant 191,Mumbai,Juhu,Beverage / Dessert,Beverage 8; Dessert 9,2,145.5,Beverage 8; Dessert 9,mumbai,juhu,51,12442373,19.0691673,72.7771682
Restaurant 191,New Delhi,Connaught Place,Dessert / Snack,Dessert 15; Snack 7,2,119.9,Dessert 15; Snack 7,new delhi,connaught place,14,5000000,28.5551618,77.2083344
Restaurant 191,New Delhi,Hauz Khas,Dessert / Main Course,Main Dish 20; Main Dish 5; Dessert 3,3,457.5,Main Dish 20; Main Dish 5; Dessert 3,new delhi,hauz khas,33,5000000,28.6122075,77.1572911
Restaurant 191,New Delhi,Karol Bagh,Beverage / Main Course,Beverage 9; Main Dish 45,2,356.8,Beverage 9; Main Dish 45,new delhi,karol bagh,13,5000000,28.7185302,77.1470243
Restaurant 191,New Delhi,Rajouri Garden,Main Course,Main Dish 10; Main Dish 43,2,336.1,Main Dish 10; Main Dish 43,new delhi,rajouri garden,35,5000000,28.7250237,77.1456814
Restaurant 191,New Delhi,Saket,Dessert,Dessert 6,1,208.5,Dessert 6,new delhi,saket,55,5000000,28.600042,77.2348522
Restaurant 191,Pune,Aundh,Dessert / Main Course,Main Dish 17; Dessert 6,2,434.3,Main Dish 17; Dessert 6,pune,aundh,41,9429408,18.5012861,73.8096186
Restaurant 191,Pune,Baner,Main Course,Main Dish 32,1,212.3,Main Dish 32,pune,baner,49,9429408,18.615609,73.7750647
Restaurant 192,Bangalore,Indiranagar,Appetizer / Beverage / Main Course,Main Dish 25; Beverage 6; Appetizer 12,3,122.6,Main Dish 25; Beverage 6; Appetizer 12,bangalore,indiranagar,50,9621551,12.9552247,77.7173736
Restaurant 192,Bangalore,Jayanagar,Appetizer / Beverage,Appetizer 10; Beverage 11,2,112.1,Appetizer 10; Beverage 11,bangalore,jayanagar,40,9621551,12.8902539,77.512813
Restaurant 192,Bangalore,Whitefield,Main Course,Main Dish 42; Main Dish 49,2,621.1,Main Dish 42; Main Dish 49,bangalore,whitefield,19,9621551,12.9215296,77.7913908
Restaurant 192,Chennai,Adyar,Appetizer,Appetizer 8,1,51.2,Appetizer 8,chennai,adyar,32,4646732,13.0106677,80.1820965
Restaurant 192,Chennai,Anna Nagar,Appetizer / Dessert / Main Course / Snack,Main Dish 5; Snack 2; Dessert 3; Appetizer 20; Dessert 16; Main Dish 36,6,274.2,Main Dish 5; Snack 2; Dessert 3; Appetizer 20; Dessert 16; Main Dish 36,chennai,anna nagar,50,4646732,13.0968962,80.279423
Restaurant 192,Chennai,Nungambakkam,Dessert / Main Course,Main Dish 35; Dessert 17,2,455.2,Main Dish 35; Dessert 17,chennai,nungambakkam,30,4646732,13.1105824,80.2997608
Restaurant 192,Chennai,T. Nagar,Main Course / Snack,Main Dish 9; Snack 3,2,378.8,Main Dish 9; Snack 3,chennai,t. nagar,34,4646732,13.1143812,80.2570572
Restaurant 192,Chennai,Velachery,Appetizer / Main Course,Main Dish 12; Main Dish 35; Appetizer 17; Main Dish 24,4,342.9,Main Dish 12; Main Dish 35; Appetizer 17; Main Dish 24,chennai,velachery,22,4646732,13.0286853,80.2821244
Restaurant 192,Mumbai,Andheri,Dessert,Dessert 13,1,122.3,Dessert 13,mumbai,andheri,22,12442373,19.0569842,72.8228402
Restaurant 192,Mumbai,Bandra,Appetizer,Appetizer 8,1,228.5,Appetizer 8,mumbai,bandra,35,12442373,19.0001454,72.8743731
Restaurant 192,Mumbai,Goregaon,Main Course,Main Dish 26,1,564.8,Main Dish 26,mumbai,goregaon,47,12442373,19.1137824,72.8676549
Restaurant 192,Mumbai,Juhu,Dessert / Main Course,Dessert 14; Main Dish 44,2,265.6,Dessert 14; Main Dish 44,mumbai,juhu,51,12442373,19.1697377,72.8392373
Restaurant 192,New Delhi,Connaught Place,Appetizer / Dessert / Main Course,Appetizer 14; Main Dish 17; Main Dish 6; Main Dish 4; Dessert 6,5,283.1,Appetizer 14; Main Dish 17; Main Dish 6; Main Dish 4; Dessert 6,new delhi,connaught place,14,5000000,28.6963799,77.1753267
Restaurant 192,New Delhi,Hauz Khas,Appetizer,Appetizer 5,1,129.8,Appetizer 5,new delhi,hauz khas,33,5000000,28.5295305,77.2782512
Restaurant 192,New Delhi,Karol Bagh,Beverage,Beverage 15; Beverage 20,2,166.7,Beverage 15; Beverage 20,new delhi,karol bagh,13,5000000,28.6358532,77.2679844
Restaurant 192,New Delhi,Rajouri Garden,Beverage,Beverage 3; Beverage 11,2,135.6,Beverage 3; Beverage 11,new delhi,rajouri garden,35,5000000,28.5742582,77.1539021
Restaurant 192,New Delhi,Saket,Dessert / Main Course / Snack,Dessert 6; Main Dish 38; Snack 4,3,167.7,Dessert 6; Main Dish 38; Snack 4,new delhi,saket,55,5000000,28.4492765,77.2430729
Restaurant 192,Pune,Aundh,Main Course,Main Dish 16,1,712.1,Main Dish 16,pune,aundh,41,9429408,18.6075507,73.7691535
Restaurant 192,Pune,Baner,Appetizer / Main Course,Appetizer 7; Main Dish 8,2,216.7,Appetizer 7; Main Dish 8,pune,baner,49,9429408,18.5231438,73.8303711
Restaurant 192,Pune,Hinjawadi,Main Course,Main Dish 42,1,682.2,Main Dish 42,pune,hinjawadi,13,9429408,18.6554694,73.7499249
Restaurant 192,Pune,Kothrud,Main Course,Main Dish 31; Main Dish 50,2,668.6,Main Dish 31; Main Dish 50,pune,kothrud,32,9429408,18.452428,73.8398204
Restaurant 192,Pune,Viman Nagar,Appetizer / Main Course / Snack,Appetizer 8; Main Dish 28; Main Dish 20; Snack 2,4,206.6,Appetizer 8; Main Dish 28; Main Dish 20; Snack 2,pune,viman nagar,44,9429408,18.5229231,73.8825006
Restaurant 193,Bangalore,Indiranagar,Appetizer / Beverage / Main Course,Main Dish 40; Beverage 16; Appetizer 17,3,254.5,Main Dish 40; Beverage 16; Appetizer 17,bangalore,indiranagar,50,9621551,12.9342721,77.5708573
Restaurant 193,Bangalore,Jayanagar,Dessert / Main Course,Dessert 10; Main Dish 47,2,314.5,Dessert 10; Main Dish 47,bangalore,jayanagar,40,9621551,13.0058254,77.6076441
Restaurant 193,Bangalore,Koramangala,Appetizer / Beverage / Main Course,Appetizer 20; Appetizer 19; Main Dish 2; Beverage 1,4,251.7,Appetizer 20; Appetizer 19; Main Dish 2; Beverage 1,bangalore,koramangala,26,9621551,12.8591289,77.613035
Restaurant 193,Bangalore,Mg Road,Appetizer / Beverage / Main Course / Snack,Beverage 20; Snack 14; Appetizer 4; Main Dish 42; Beverage 10,5,266.9,Beverage 20; Snack 14; Appetizer 4; Main Dish 42; Beverage 10,bangalore,mg road,54,9621551,13.0401368,77.5627365
Restaurant 193,Chennai,Adyar,Dessert / Main Course,Main Dish 1; Dessert 6,2,294.8,Main Dish 1; Dessert 6,chennai,adyar,32,4646732,13.0549698,80.3170529
Restaurant 193,Chennai,Anna Nagar,Appetizer / Beverage / Dessert / Main Course / Snack,Dessert 6; Appetizer 10; Main Dish 5; Beverage 19; Beverage 13; Snack 9; Appetizer 6,7,202.5,Dessert 6; Appetizer 10; Main Dish 5; Beverage 19; Beverage 13; Snack 9; Appetizer 6,chennai,anna nagar,50,4646732,13.0325743,80.1595079
Restaurant 193,Chennai,Nungambakkam,Appetizer / Dessert / Main Course / Snack,Dessert 8; Appetizer 8; Dessert 13; Snack 4; Main Dish 10,5,263.0,Dessert 8; Appetizer 8; Dessert 13; Snack 4; Main Dish 10,chennai,nungambakkam,30,4646732,12.9854549,80.229441
Restaurant 193,Chennai,T. Nagar,Main Course,Main Dish 41,1,230.8,Main Dish 41,chennai,t. nagar,34,4646732,12.9636157,80.2652779
Restaurant 193,Chennai,Velachery,Snack,Snack 10,1,182.8,Snack 10,chennai,velachery,22,4646732,12.9035578,80.2118046
Restaurant 193,Mumbai,Bandra,Main Course,Main Dish 21,1,233.2,Main Dish 21,mumbai,bandra,35,12442373,19.0725568,72.7772268
Restaurant 193,Mumbai,Goregaon,Appetizer,Appetizer 17,1,52.7,Appetizer 17,mumbai,goregaon,47,12442373,19.1906835,72.8009838
Restaurant 193,Mumbai,Juhu,Main Course,Main Dish 1,1,184.6,Main Dish 1,mumbai,juhu,51,12442373,19.0521877,72.8616803
Restaurant 193,Mumbai,Powai,Dessert,Dessert 16,1,360.4,Dessert 16,mumbai,powai,35,12442373,19.0581222,72.9067705
Restaurant 193,New Delhi,Connaught Place,Beverage,Beverage 8,1,122.1,Beverage 8,new delhi,connaught place,14,5000000,28.6137029,77.2962868
Restaurant 193,New Delhi,Hauz Khas,Appetizer / Dessert / Main Course / Snack,Main Dish 9; Snack 11; Dessert 5; Appetizer 11,4,218.3,Main Dish 9; Snack 11; Dessert 5; Appetizer 11,new delhi,hauz khas,33,5000000,28.5085779,77.1317349
Restaurant 193,New Delhi,Karol Bagh,Beverage / Main Course,Main Dish 11; Beverage 8,2,309.0,Main Dish 11; Beverage 8,new delhi,karol bagh,13,5000000,28.6149006,77.1214681
Restaurant 193,New Delhi,Rajouri Garden,Beverage / Snack,Snack 6; Beverage 4; Beverage 3,3,164.6,Snack 6; Beverage 4; Beverage 3,new delhi,rajouri garden,35,5000000,28.6809198,77.0449357
Restaurant 193,New Delhi,Saket,Appetizer / Main Course,Appetizer 10; Appetizer 9; Main Dish 24,3,328.7,Appetizer 10; Appetizer 9; Main Dish 24,new delhi,saket,55,5000000,28.5559381,77.1341065
Restaurant 193,Pune,Baner,Main Course,Main Dish 30,1,710.3,Main Dish 30,pune,baner,49,9429408,18.554396,73.7257026
Restaurant 193,Pune,Kothrud,Main Course,Main Dish 34,1,633.3,Main Dish 34,pune,kothrud,32,9429408,18.5248394,73.7426741
Restaurant 193,Pune,Viman Nagar,Appetizer,Appetizer 14,1,91.8,Appetizer 14,pune,viman nagar,44,9429408,18.627003,73.9038751
Restaurant 194,Bangalore,Indiranagar,Beverage / Dessert / Snack,Snack 10; Dessert 16; Beverage 9; Dessert 11,4,158.7,Snack 10; Dessert 16; Beverage 9; Dessert 11,bangalore,indiranagar,50,9621551,13.0498436,77.6656884
Restaurant 194,Bangalore,Jayanagar,Appetizer,Appetizer 13,1,72.1,Appetizer 13,bangalore,jayanagar,40,9621551,12.8550599,77.6158648
Restaurant 194,Bangalore,Koramangala,Beverage / Dessert / Snack,Beverage 8; Snack 6; Dessert 12; Beverage 2; Dessert 2,5,178.9,Beverage 8; Snack 6; Dessert 12; Beverage 2; Dessert 2,bangalore,koramangala,26,9621551,13.000347,77.5800273
Restaurant 194,Bangalore,Mg Road,Beverage,Beverage 10; Beverage 11,2,272.2,Beverage 10; Beverage 11,bangalore,mg road,54,9621551,12.9574598,77.6836966
Restaurant 194,Bangalore,Whitefield,Dessert / Main Course,Main Dish 27; Main Dish 37; Main Dish 30; Dessert 6,4,471.2,Main Dish 27; Main Dish 37; Main Dish 30; Dessert 6,bangalore,whitefield,19,9621551,13.0281912,77.6824244
Restaurant 194,Chennai,Adyar,Beverage,Beverage 12,1,269.9,Beverage 12,chennai,adyar,32,4646732,12.9298423,80.2467331
Restaurant 194,Chennai,Anna Nagar,Appetizer / Beverage / Main Course,Main Dish 49; Appetizer 14; Beverage 7,3,151.3,Main Dish 49; Appetizer 14; Beverage 7,chennai,anna nagar,50,4646732,13.1624113,80.2049762
Restaurant 194,Chennai,Nungambakkam,Appetizer / Main Course,Main Dish 26; Appetizer 16; Main Dish 42,3,299.5,Main Dish 26; Appetizer 16; Main Dish 42,chennai,nungambakkam,30,4646732,13.126673,80.1964333
Restaurant 194,Chennai,T. Nagar,Beverage,Beverage 8,1,227.6,Beverage 8,chennai,t. nagar,34,4646732,13.0702773,80.1563115
Restaurant 194,Chennai,Velachery,Beverage / Main Course / Snack,Beverage 13; Main Dish 40; Main Dish 45; Beverage 19; Beverage 5; Snack 8; Main Dish 13,7,339.4,Beverage 13; Main Dish 40; Main Dish 45; Beverage 19; Beverage 5; Snack 8; Main Dish 13,chennai,velachery,22,4646732,13.0447759,80.1787969
Restaurant 194,Mumbai,Andheri,Appetizer,Appetizer 11,1,169.9,Appetizer 11,mumbai,andheri,22,12442373,19.182611,72.8211472
Restaurant 194,Mumbai,Bandra,Appetizer / Dessert / Snack,Dessert 1; Snack 11; Appetizer 3,3,183.8,Dessert 1; Snack 11; Appetizer 3,mumbai,bandra,35,12442373,19.0849317,72.8992566
Restaurant 194,Mumbai,Goregaon,Snack,Snack 8,1,101.4,Snack 8,mumbai,goregaon,47,12442373,19.1788398,72.9035719
Restaurant 194,Mumbai,Powai,Appetizer / Dessert / Main Course,Main Dish 28; Appetizer 2; Dessert 6,3,268.2,Main Dish 28; Appetizer 2; Dessert 6,mumbai,powai,35,12442373,19.1643868,72.8663054
Restaurant 194,New Delhi,Hauz Khas,Main Course,Main Dish 3; Main Dish 1,2,315.6,Main Dish 3; Main Dish 1,new delhi,hauz khas,33,5000000,28.6241494,77.226566
Restaurant 194,New Delhi,Karol Bagh,Beverage,Beverage 8,1,49.3,Beverage 8,new delhi,karol bagh,13,5000000,28.7304721,77.2162992
Restaurant 194,New Delhi,Rajouri Garden,Appetizer / Dessert / Main Course / Snack,Snack 6; Main Dish 42; Dessert 4; Appetizer 18,4,170.8,Snack 6; Main Dish 42; Dessert 4; Appetizer 18,new delhi,rajouri garden,35,5000000,28.6758249,77.1988234
Restaurant 194,Pune,Baner,Beverage / Dessert,Beverage 16; Dessert 2,2,221.8,Beverage 16; Dessert 2,pune,baner,49,9429408,18.6027015,73.8253358
Restaurant 194,Pune,Hinjawadi,Main Course,Main Dish 39,1,422.8,Main Dish 39,pune,hinjawadi,13,9429408,18.5379194,73.7723679
Restaurant 194,Pune,Kothrud,Main Course,Main Dish 30,1,782.7,Main Dish 30,pune,kothrud,32,9429408,18.5372143,73.8647039
Restaurant 194,Pune,Viman Nagar,Beverage / Main Course,Beverage 12; Main Dish 39,2,452.3,Beverage 12; Main Dish 39,pune,viman nagar,44,9429408,18.5345378,73.9591815
Restaurant 195,Bangalore,Indiranagar,Beverage / Main Course,Main Dish 19; Beverage 12,2,424.1,Main Dish 19; Beverage 12,bangalore,indiranagar,50,9621551,12.8990781,77.6739091
Restaurant 195,Bangalore,Jayanagar,Dessert / Main Course,Main Dish 36; Dessert 15; Main Dish 32; Dessert 14,4,426.7,Main Dish 36; Dessert 15; Main Dish 32; Dessert 14,bangalore,jayanagar,40,9621551,12.9617215,77.5068984
Restaurant 195,Bangalore,Koramangala,Appetizer / Beverage / Dessert / Main Course,Beverage 4; Main Dish 47; Appetizer 2; Main Dish 12; Dessert 2,5,379.3,Beverage 4; Main Dish 47; Appetizer 2; Main Dish 12; Dessert 2,bangalore,koramangala,26,9621551,12.91767,77.7009874
Restaurant 195,Bangalore,Whitefield,Appetizer / Snack,Appetizer 10; Snack 8; Appetizer 13,3,130.2,Appetizer 10; Snack 8; Appetizer 13,bangalore,whitefield,19,9621551,13.0230963,77.8363121
Restaurant 195,Chennai,Adyar,Beverage / Main Course,Main Dish 36; Main Dish 16; Beverage 18,3,557.9,Main Dish 36; Main Dish 16; Beverage 18,chennai,adyar,32,4646732,13.0710604,80.2137254
Restaurant 195,Chennai,Anna Nagar,Beverage / Dessert,Dessert 12; Beverage 13,2,241.9,Dessert 12; Beverage 13,chennai,anna nagar,50,4646732,13.0345884,80.2597377
Restaurant 195,Chennai,Nungambakkam,Appetizer / Main Course,Appetizer 18; Appetizer 11; Main Dish 22; Main Dish 20; Appetizer 1,5,374.7,Appetizer 18; Appetizer 11; Main Dish 22; Main Dish 20; Appetizer 1,chennai,nungambakkam,30,4646732,13.043996,80.3173934
Restaurant 195,Chennai,Velachery,Dessert / Main Course,Main Dish 36; Dessert 19,2,350.6,Main Dish 36; Dessert 19,chennai,velachery,22,4646732,12.9620989,80.299757
Restaurant 195,Mumbai,Andheri,Beverage / Dessert / Main Course,Main Dish 10; Dessert 18; Beverage 15,3,318.4,Main Dish 10; Dessert 18; Beverage 15,mumbai,andheri,22,12442373,19.0900333,72.9082751
Restaurant 195,Mumbai,Goregaon,Main Course / Snack,Snack 3; Main Dish 19,2,234.4,Snack 3; Main Dish 19,mumbai,goregaon,47,12442373,19.1174042,72.8187162
Restaurant 195,Mumbai,Juhu,Beverage,Beverage 7; Beverage 19,2,274.0,Beverage 7; Beverage 19,mumbai,juhu,51,12442373,19.1245991,72.764534
Restaurant 195,Mumbai,Powai,Beverage / Main Course,Main Dish 19; Beverage 20; Main Dish 30,3,374.1,Main Dish 19; Beverage 20; Main Dish 30,mumbai,powai,35,12442373,19.1126921,72.9692549
Restaurant 195,New Delhi,Hauz Khas,Dessert / Main Course,Main Dish 21; Dessert 8,2,225.1,Main Dish 21; Dessert 8,new delhi,hauz khas,33,5000000,28.4733839,77.2347867
Restaurant 195,New Delhi,Saket,Snack,Snack 8,1,67.9,Snack 8,new delhi,saket,55,5000000,28.5508432,77.2879942
Restaurant 195,Pune,Hinjawadi,Beverage,Beverage 14,1,229.7,Beverage 14,pune,hinjawadi,13,9429408,18.6103308,73.6752216
Restaurant 196,Bangalore,Indiranagar,Appetizer / Beverage / Main Course / Snack,Main Dish 20; Appetizer 14; Beverage 5; Snack 11,4,275.6,Main Dish 20; Appetizer 14; Beverage 5; Snack 11,bangalore,indiranagar,50,9621551,13.0057397,77.5649427
Restaurant 196,Bangalore,Jayanagar,Main Course,Main Dish 11; Main Dish 39,2,296.9,Main Dish 11; Main Dish 39,bangalore,jayanagar,40,9621551,12.9566266,77.6607861
Restaurant 196,Bangalore,Koramangala,Main Course,Main Dish 35; Main Dish 33,2,606.2,Main Dish 35; Main Dish 33,bangalore,koramangala,26,9621551,12.8967174,77.5544711
Restaurant 196,Bangalore,Whitefield,Appetizer / Beverage,Appetizer 11; Appetizer 12; Beverage 5,3,182.0,Appetizer 11; Appetizer 12; Beverage 5,bangalore,whitefield,19,9621551,12.9219349,77.7182648
Restaurant 196,Chennai,Adyar,Beverage / Dessert / Main Course,Dessert 5; Beverage 11; Main Dish 14,3,282.3,Dessert 5; Beverage 11; Main Dish 14,chennai,adyar,32,4646732,12.9883834,80.3346855
Restaurant 196,Chennai,Anna Nagar,Appetizer / Main Course,Main Dish 40; Appetizer 1,2,236.7,Main Dish 40; Appetizer 1,chennai,anna nagar,50,4646732,13.0924667,80.1316572
Restaurant 196,Chennai,Nungambakkam,Appetizer / Dessert / Main Course / Snack,Snack 8; Appetizer 17; Dessert 8; Main Dish 14,4,169.3,Snack 8; Appetizer 17; Dessert 8; Main Dish 14,chennai,nungambakkam,30,4646732,13.0230434,80.1708771
Restaurant 196,Chennai,T. Nagar,Main Course,Main Dish 30,1,383.5,Main Dish 30,chennai,t. nagar,34,4646732,13.0651824,80.3101992
Restaurant 196,Chennai,Velachery,Appetizer / Beverage / Main Course,Main Dish 4; Appetizer 17; Beverage 18,3,260.5,Main Dish 4; Appetizer 17; Beverage 18,chennai,velachery,22,4646732,12.9411463,80.1532407
Restaurant 196,Mumbai,Goregaon,Dessert,Dessert 14; Dessert 18,2,275.3,Dessert 14; Dessert 18,mumbai,goregaon,47,12442373,19.2214841,72.8400907
Restaurant 196,Mumbai,Juhu,Appetizer / Main Course,Main Dish 2; Appetizer 12,2,124.2,Main Dish 2; Appetizer 12,mumbai,juhu,51,12442373,19.136974,72.8865638
Restaurant 196,Mumbai,Powai,Dessert,Dessert 8,1,117.7,Dessert 8,mumbai,powai,35,12442373,19.0808653,72.8569883
Restaurant 196,New Delhi,Connaught Place,Dessert / Main Course,Main Dish 47; Dessert 13; Dessert 10,3,315.6,Main Dish 47; Dessert 13; Dessert 10,new delhi,connaught place,14,5000000,28.5927503,77.1497705
Restaurant 196,New Delhi,Hauz Khas,Appetizer / Main Course,Main Dish 5; Appetizer 11,2,384.1,Main Dish 5; Appetizer 11,new delhi,hauz khas,33,5000000,28.5800455,77.1258203
Restaurant 196,New Delhi,Karol Bagh,Beverage / Dessert / Main Course,Dessert 13; Main Dish 20; Beverage 2,3,325.5,Dessert 13; Main Dish 20; Beverage 2,new delhi,karol bagh,13,5000000,28.5797066,77.2245199
Restaurant 196,New Delhi,Rajouri Garden,Main Course / Snack,Main Dish 11; Snack 14,2,367.6,Main Dish 11; Snack 14,new delhi,rajouri garden,35,5000000,28.5746635,77.0807761
Restaurant 196,New Delhi,Saket,Dessert,Dessert 1; Dessert 18; Dessert 3,3,246.2,Dessert 1; Dessert 18; Dessert 3,new delhi,saket,55,5000000,28.4496818,77.1699469
Restaurant 196,Pune,Aundh,Main Course / Snack,Snack 12; Main Dish 7,2,186.7,Snack 12; Main Dish 7,pune,aundh,41,9429408,18.555856,73.872103
Restaurant 196,Pune,Baner,Main Course,Main Dish 31; Main Dish 12,2,242.6,Main Dish 31; Main Dish 12,pune,baner,49,9429408,18.4983964,73.7839461
Restaurant 196,Pune,Hinjawadi,Main Course,Main Dish 11,1,706.9,Main Dish 11,pune,hinjawadi,13,9429408,18.6227057,73.7972514
Restaurant 196,Pune,Kothrud,Appetizer,Appetizer 12,1,196.7,Appetizer 12,pune,kothrud,32,9429408,18.4445484,73.7820873
Restaurant 196,Pune,Viman Nagar,Main Course,Main Dish 6,1,620.0,Main Dish 6,pune,viman nagar,44,9429408,18.56579,73.854513
Restaurant 197,Bangalore,Jayanagar,Main Course,Main Dish 41; Main Dish 45; Main Dish 13,3,351.8,Main Dish 41; Main Dish 45; Main Dish 13,bangalore,jayanagar,40,9621551,12.8554652,77.5427388
Restaurant 197,Bangalore,Mg Road,Beverage / Dessert / Main Course,Beverage 18; Main Dish 28; Dessert 12,3,219.2,Beverage 18; Main Dish 28; Dessert 12,bangalore,mg road,54,9621551,12.9365072,77.5371803
Restaurant 197,Bangalore,Whitefield,Appetizer / Beverage / Main Course,Main Dish 37; Appetizer 6; Main Dish 11; Beverage 5,4,261.5,Main Dish 37; Appetizer 6; Main Dish 11; Beverage 5,bangalore,whitefield,19,9621551,13.0777481,77.7371573
Restaurant 197,Chennai,Adyar,Beverage / Dessert,Dessert 11; Beverage 6,2,126.8,Dessert 11; Beverage 6,chennai,adyar,32,4646732,12.9674308,80.1881692
Restaurant 197,Chennai,Anna Nagar,Main Course,Main Dish 10,1,590.5,Main Dish 10,chennai,anna nagar,50,4646732,13.1367688,80.2666136
Restaurant 197,Chennai,Nungambakkam,Main Course,Main Dish 38,1,443.9,Main Dish 38,chennai,nungambakkam,30,4646732,13.1386149,80.2657082
Restaurant 197,Chennai,T. Nagar,Main Course,Main Dish 48,1,537.9,Main Dish 48,chennai,t. nagar,34,4646732,12.964021,80.1921519
Restaurant 197,Chennai,Velachery,Appetizer / Main Course,Appetizer 2; Main Dish 36; Main Dish 22,3,286.0,Appetizer 2; Main Dish 36; Main Dish 22,chennai,velachery,22,4646732,13.0567178,80.2480718
Restaurant 197,Mumbai,Andheri,Main Course,Main Dish 10,1,267.7,Main Dish 10,mumbai,andheri,22,12442373,19.0995565,72.7800074
Restaurant 197,Mumbai,Juhu,Beverage,Beverage 1,1,154.6,Beverage 1,mumbai,juhu,51,12442373,19.0443081,72.8039472
Restaurant 197,Mumbai,Powai,Appetizer / Beverage / Main Course,Appetizer 10; Main Dish 28; Beverage 12; Main Dish 1,4,313.0,Appetizer 10; Main Dish 28; Beverage 12; Main Dish 1,mumbai,powai,35,12442373,19.1814357,72.9190574
Restaurant 197,New Delhi,Connaught Place,Dessert,Dessert 10,1,364.6,Dessert 10,new delhi,connaught place,14,5000000,28.7083218,77.2446016
Restaurant 197,New Delhi,Hauz Khas,Snack,Snack 9,1,138.2,Snack 9,new delhi,hauz khas,33,5000000,28.5749506,77.279708
Restaurant 197,New Delhi,Karol Bagh,Main Course,Main Dish 8; Main Dish 49,2,654.4,Main Dish 8; Main Dish 49,new delhi,karol bagh,13,5000000,28.6863682,77.1155535
Restaurant 197,New Delhi,Rajouri Garden,Appetizer / Beverage / Main Course,Main Dish 41; Beverage 18; Main Dish 43; Appetizer 6,4,350.3,Main Dish 41; Beverage 18; Main Dish 43; Appetizer 6,new delhi,rajouri garden,35,5000000,28.7304767,77.0996686
Restaurant 197,New Delhi,Saket,Appetizer / Beverage,Beverage 14; Beverage 20; Appetizer 13,3,175.1,Beverage 14; Beverage 20; Appetizer 13,new delhi,saket,55,5000000,28.605495,77.1888394
Restaurant 197,Pune,Baner,Main Course,Main Dish 28,1,462.8,Main Dish 28,pune,baner,49,9429408,18.604661,73.743481
Restaurant 197,Pune,Hinjawadi,Snack,Snack 15,1,79.6,Snack 15,pune,hinjawadi,13,9429408,18.5300398,73.7146348
Restaurant 197,Pune,Kothrud,Appetizer / Main Course,Main Dish 18; Appetizer 4,2,479.0,Main Dish 18; Appetizer 4,pune,kothrud,32,9429408,18.5701752,73.7803943
Restaurant 197,Pune,Viman Nagar,Dessert / Main Course,Main Dish 26; Dessert 20,2,404.3,Main Dish 26; Dessert 20,pune,viman nagar,44,9429408,18.6140955,73.9541462
Restaurant 198,Bangalore,Indiranagar,Appetizer / Beverage / Main Course / Snack,Snack 4; Beverage 19; Main Dish 44; Appetizer 11; Snack 9; Main Dish 33,6,298.7,Snack 4; Beverage 19; Main Dish 44; Appetizer 11; Snack 9; Main Dish 33,bangalore,indiranagar,50,9621551,13.0006448,77.7188304
Restaurant 198,Bangalore,Jayanagar,Appetizer / Dessert,Dessert 7; Appetizer 16,2,182.7,Dessert 7; Appetizer 16,bangalore,jayanagar,40,9621551,13.0112784,77.5616313
Restaurant 198,Bangalore,Koramangala,Appetizer / Dessert / Main Course,Dessert 1; Main Dish 17; Appetizer 4; Dessert 17,4,239.6,Dessert 1; Main Dish 17; Appetizer 4; Dessert 17,bangalore,koramangala,26,9621551,13.0122889,77.6493022
Restaurant 198,Bangalore,Mg Road,Beverage / Main Course,Main Dish 35; Beverage 18; Main Dish 6,3,409.1,Main Dish 35; Beverage 18; Main Dish 6,bangalore,mg road,54,9621551,13.0520787,77.6320114
Restaurant 198,Bangalore,Whitefield,Appetizer / Dessert,Dessert 6; Appetizer 20,2,162.0,Dessert 6; Appetizer 20,bangalore,whitefield,19,9621551,12.9488804,77.8293427
Restaurant 198,Chennai,Adyar,Appetizer,Appetizer 3,1,87.2,Appetizer 3,chennai,adyar,32,4646732,13.0830023,80.2830003
Restaurant 198,Chennai,Anna Nagar,Main Course,Main Dish 50,1,701.8,Main Dish 50,chennai,anna nagar,50,4646732,13.0116413,80.1962938
Restaurant 198,Chennai,Nungambakkam,Main Course,Main Dish 28,1,545.3,Main Dish 28,chennai,nungambakkam,30,4646732,12.9878494,80.2739289
Restaurant 198,Chennai,T. Nagar,Main Course,Main Dish 15,1,551.5,Main Dish 15,chennai,t. nagar,34,4646732,13.1198342,80.2110444
Restaurant 198,Chennai,Velachery,Appetizer / Beverage / Main Course,Appetizer 12; Beverage 7; Appetizer 4; Main Dish 37,4,327.6,Appetizer 12; Beverage 7; Appetizer 4; Main Dish 37,chennai,velachery,22,4646732,12.9059523,80.2562925
Restaurant 198,Mumbai,Bandra,Beverage / Main Course,Main Dish 26; Beverage 14,2,444.0,Main Dish 26; Beverage 14,mumbai,bandra,35,12442373,18.9922658,72.81664
Restaurant 198,Mumbai,Goregaon,Main Course,Main Dish 47,1,393.4,Main Dish 47,mumbai,goregaon,47,12442373,19.1290189,72.8953971
Restaurant 198,Mumbai,Powai,Main Course,Main Dish 12,1,694.5,Main Dish 12,mumbai,powai,35,12442373,19.0638857,72.9415004
Restaurant 198,New Delhi,Connaught Place,Appetizer / Main Course / Snack,Main Dish 39; Snack 6; Appetizer 16,3,260.2,Main Dish 39; Snack 6; Appetizer 16,new delhi,connaught place,14,5000000,28.5575563,77.2528223
Restaurant 198,New Delhi,Hauz Khas,Appetizer / Main Course,Main Dish 46; Appetizer 14,2,172.6,Main Dish 46; Appetizer 14,new delhi,hauz khas,33,5000000,28.4737892,77.1616607
Restaurant 198,New Delhi,Karol Bagh,Appetizer / Beverage / Main Course / Snack,Beverage 19; Snack 9; Appetizer 11; Main Dish 49,4,292.3,Beverage 19; Snack 9; Appetizer 11; Main Dish 49,new delhi,karol bagh,13,5000000,28.6812733,77.2694412
Restaurant 198,New Delhi,Rajouri Garden,Main Course,Main Dish 18,1,504.1,Main Dish 18,new delhi,rajouri garden,35,5000000,28.601609,77.191854
Restaurant 198,New Delhi,Saket,Appetizer / Dessert,Appetizer 14; Dessert 16,2,186.2,Appetizer 14; Dessert 16,new delhi,saket,55,5000000,28.4766273,77.2810248
Restaurant 198,Pune,Baner,Dessert,Dessert 14,1,237.8,Dessert 14,pune,baner,49,9429408,18.5529663,73.8464305
Restaurant 199,Bangalore,Indiranagar,Appetizer,Appetizer 5,1,63.5,Appetizer 5,bangalore,indiranagar,50,9621551,12.8994834,77.6007831
Restaurant 199,Bangalore,Jayanagar,Main Course,Main Dish 17; Main Dish 6,2,297.8,Main Dish 17; Main Dish 6,bangalore,jayanagar,40,9621551,12.8824107,77.6538167
Restaurant 199,Bangalore,Koramangala,Main Course / Snack,Snack 10; Main Dish 28,2,225.5,Snack 10; Main Dish 28,bangalore,koramangala,26,9621551,12.8615234,77.6575229
Restaurant 199,Bangalore,Mg Road,Dessert / Main Course,Dessert 14; Main Dish 19; Main Dish 23,3,514.8,Dessert 14; Main Dish 19; Main Dish 23,bangalore,mg road,54,9621551,12.9013132,77.6402321
Restaurant 199,Bangalore,Whitefield,Appetizer / Beverage / Main Course,Main Dish 23; Beverage 11; Beverage 5; Appetizer 20; Appetizer 8,5,190.6,Main Dish 23; Beverage 11; Beverage 5; Appetizer 20; Appetizer 8,bangalore,whitefield,19,9621551,12.9819435,77.6728606
Restaurant 199,Chennai,Anna Nagar,Appetizer / Main Course,Appetizer 10; Main Dish 10; Appetizer 18,3,253.6,Appetizer 10; Main Dish 10; Appetizer 18,chennai,anna nagar,50,4646732,13.1528594,80.1632861
Restaurant 199,Chennai,Nungambakkam,Appetizer / Snack,Snack 2; Appetizer 3,2,75.1,Snack 2; Appetizer 3,chennai,nungambakkam,30,4646732,13.094511,80.1649625
Restaurant 199,Chennai,T. Nagar,Beverage / Main Course,Beverage 4; Main Dish 37,2,444.8,Beverage 4; Main Dish 37,chennai,t. nagar,34,4646732,12.9909665,80.3032298
Restaurant 199,Chennai,Velachery,Main Course,Main Dish 1; Main Dish 49,2,517.3,Main Dish 1; Main Dish 49,chennai,velachery,22,4646732,13.0126139,80.1473261
Restaurant 199,Mumbai,Andheri,Main Course,Main Dish 21,1,404.4,Main Dish 21,mumbai,andheri,22,12442373,19.1800988,72.8821938
Restaurant 199,Mumbai,Goregaon,Beverage,Beverage 11,1,108.1,Beverage 11,mumbai,goregaon,47,12442373,19.1602711,72.7907286
Restaurant 199,Mumbai,Juhu,Appetizer,Appetizer 13,1,78.6,Appetizer 13,mumbai,juhu,51,12442373,19.1699349,72.8022542
Restaurant 199,Mumbai,Powai,Appetizer / Beverage,Beverage 19; Appetizer 9,2,130.8,Beverage 19; Appetizer 9,mumbai,powai,35,12442373,19.1362971,72.8443541
Restaurant 199,New Delhi,Connaught Place,Appetizer / Main Course / Snack,Snack 2; Main Dish 1; Appetizer 6; Main Dish 25; Appetizer 1,5,238.9,Snack 2; Main Dish 1; Appetizer 6; Main Dish 25; Appetizer 1,new delhi,connaught place,14,5000000,28.6642179,77.1438559
Restaurant 199,New Delhi,Hauz Khas,Dessert / Main Course,Dessert 17; Main Dish 36,2,234.4,Dessert 17; Main Dish 36,new delhi,hauz khas,33,5000000,28.6296024,77.1805532
Restaurant 199,New Delhi,Karol Bagh,Main Course,Main Dish 34; Main Dish 39,2,462.6,Main Dish 34; Main Dish 39,new delhi,karol bagh,13,5000000,28.5801119,77.1513939
Restaurant 199,New Delhi,Rajouri Garden,Appetizer / Beverage / Dessert / Main Course,Appetizer 15; Main Dish 43; Main Dish 17; Dessert 5; Beverage 12,5,368.6,Appetizer 15; Main Dish 43; Main Dish 17; Dessert 5; Beverage 12,new delhi,rajouri garden,35,5000000,28.6346721,77.0353719
Restaurant 199,New Delhi,Saket,Main Course,Main Dish 41,1,356.9,Main Dish 41,new delhi,saket,55,5000000,28.5096904,77.1245427
Restaurant 199,Pune,Aundh,Main Course,Main Dish 31; Main Dish 48; Main Dish 44; Main Dish 43,4,522.4,Main Dish 31; Main Dish 48; Main Dish 44; Main Dish 43,pune,aundh,41,9429408,18.5240292,73.7598364
Restaurant 199,Pune,Hinjawadi,Main Course,Main Dish 14,1,228.5,Main Dish 14,pune,hinjawadi,13,9429408,18.6556666,73.7129418
Restaurant 199,Pune,Kothrud,Appetizer / Main Course,Main Dish 6; Appetizer 5; Main Dish 38,3,425.1,Main Dish 6; Appetizer 5; Main Dish 38,pune,kothrud,32,9429408,18.4775975,73.8675222
Restaurant 199,Pune,Viman Nagar,Main Course,Main Dish 24; Main Dish 23,2,464.9,Main Dish 24; Main Dish 23,pune,viman nagar,44,9429408,18.5097904,73.9127565
Restaurant 2,Bangalore,Indiranagar,Appetizer / Main Course / Snack,Main Dish 39; Main Dish 5; Appetizer 16; Snack 6,4,339.5,Main Dish 39; Main Dish 5; Appetizer 16; Snack 6,bangalore,indiranagar,50,9621551,13.0552966,77.6196756
Restaurant 2,Bangalore,Jayanagar,Beverage,Beverage 6,1,72.0,Beverage 6,bangalore,jayanagar,40,9621551,12.9154738,77.4973346
Restaurant 2,Bangalore,Mg Road,Beverage / Main Course,Beverage 16; Main Dish 39,2,401.9,Beverage 16; Main Dish 39,bangalore,mg road,54,9621551,13.0079748,77.5312657
Restaurant 2,Bangalore,Whitefield,Beverage / Main Course,Main Dish 43; Beverage 19; Main Dish 44; Beverage 17; Beverage 3,5,329.1,Main Dish 43; Beverage 19; Main Dish 44; Beverage 17; Beverage 3,bangalore,whitefield,19,9621551,13.0640223,77.8118647
Restaurant 2,Chennai,Adyar,Dessert / Main Course,Main Dish 19; Dessert 10,2,256.1,Main Dish 19; Dessert 10,chennai,adyar,32,4646732,12.9322368,80.291221
Restaurant 2,Chennai,Anna Nagar,Appetizer / Dessert / Main Course,Appetizer 1; Dessert 11; Main Dish 10,3,354.2,Appetizer 1; Dessert 11; Main Dish 10,chennai,anna nagar,50,4646732,13.0701824,80.2842462
Restaurant 2,Chennai,Nungambakkam,Dessert / Main Course,Dessert 18; Main Dish 24; Main Dish 34,3,512.0,Dessert 18; Main Dish 24; Main Dish 34,chennai,nungambakkam,30,4646732,13.0894161,80.3188502
Restaurant 2,Chennai,T. Nagar,Appetizer / Main Course,Main Dish 25; Main Dish 12; Appetizer 18; Main Dish 33,4,305.5,Main Dish 25; Main Dish 12; Appetizer 18; Main Dish 33,chennai,t. nagar,34,4646732,13.0240296,80.1467477
Restaurant 2,Chennai,Velachery,Appetizer / Beverage,Beverage 2; Appetizer 16,2,221.7,Beverage 2; Appetizer 16,chennai,velachery,22,4646732,13.007519,80.3012138
Restaurant 2,Mumbai,Bandra,Dessert,Dessert 6; Dessert 20,2,332.1,Dessert 6; Dessert 20,mumbai,bandra,35,12442373,19.1178926,72.814947
Restaurant 2,Mumbai,Juhu,Appetizer / Snack,Appetizer 9; Snack 1; Appetizer 5,3,122.6,Appetizer 9; Snack 1; Appetizer 5,mumbai,juhu,51,12442373,19.0773572,72.8893821
Restaurant 2,Mumbai,Powai,Main Course,Main Dish 5; Main Dish 40,2,346.3,Main Dish 5; Main Dish 40,mumbai,powai,35,12442373,19.148672,72.9663839
Restaurant 2,New Delhi,Hauz Khas,Beverage,Beverage 2,1,223.0,Beverage 2,new delhi,hauz khas,33,5000000,28.5007347,77.2727386
Restaurant 2,New Delhi,Karol Bagh,Dessert / Main Course,Main Dish 17; Dessert 2; Dessert 3,3,249.3,Main Dish 17; Dessert 2; Dessert 3,new delhi,karol bagh,13,5000000,28.7359251,77.1702864
Restaurant 2,New Delhi,Rajouri Garden,Dessert,Dessert 16,1,211.4,Dessert 16,new delhi,rajouri garden,35,5000000,28.7167509,77.174376
Restaurant 2,New Delhi,Saket,Main Course,Main Dish 14; Main Dish 11,2,366.4,Main Dish 14; Main Dish 11,new delhi,saket,55,5000000,28.5917692,77.2635468
Restaurant 2,Pune,Aundh,Main Course,Main Dish 31,1,368.0,Main Dish 31,pune,aundh,41,9429408,18.6245996,73.8219055
Restaurant 2,Pune,Baner,Main Course,Main Dish 24,1,304.2,Main Dish 24,pune,baner,49,9429408,18.5211395,73.7341639
Restaurant 2,Pune,Kothrud,Appetizer,Appetizer 2; Appetizer 16,2,209.5,Appetizer 2; Appetizer 16,pune,kothrud,32,9429408,18.4871207,73.7392545
Restaurant 20,Bangalore,Indiranagar,Beverage / Main Course,Beverage 13; Main Dish 40; Main Dish 3,3,316.9,Beverage 13; Main Dish 40; Main Dish 3,bangalore,indiranagar,50,9621551,12.9264289,77.711861
Restaurant 20,Bangalore,Jayanagar,Appetizer / Beverage / Main Course / Snack,Appetizer 10; Beverage 12; Snack 9; Main Dish 31,4,237.4,Appetizer 10; Beverage 12; Snack 9; Main Dish 31,bangalore,jayanagar,40,9621551,12.9975526,77.6363387
Restaurant 20,Bangalore,Koramangala,Appetizer / Dessert / Main Course,Main Dish 23; Appetizer 18; Dessert 12; Main Dish 38,4,388.7,Main Dish 23; Appetizer 18; Dessert 12; Main Dish 38,bangalore,koramangala,26,9621551,12.968185,77.5485565
Restaurant 20,Bangalore,Whitefield,Dessert,Dessert 10; Dessert 20,2,218.8,Dessert 10; Dessert 20,bangalore,whitefield,19,9621551,12.9081782,77.7643741
Restaurant 20,Chennai,Adyar,Snack,Snack 13; Snack 11,2,102.3,Snack 13; Snack 11,chennai,adyar,32,4646732,13.0388984,80.1822546
Restaurant 20,Chennai,Anna Nagar,Appetizer / Beverage / Dessert / Main Course,Appetizer 7; Beverage 9; Dessert 9; Appetizer 12; Main Dish 22; Beverage 18,6,191.4,Appetizer 7; Beverage 9; Dessert 9; Appetizer 12; Main Dish 22; Beverage 18,chennai,anna nagar,50,4646732,13.0492298,80.1377299
Restaurant 20,Chennai,Nungambakkam,Appetizer / Main Course,Appetizer 3; Main Dish 46; Appetizer 13,3,368.8,Appetizer 3; Main Dish 46; Appetizer 13,chennai,nungambakkam,30,4646732,12.9882547,80.2008029
Restaurant 20,Chennai,T. Nagar,Dessert / Main Course,Dessert 11; Dessert 5; Main Dish 41,3,333.5,Dessert 11; Dessert 5; Main Dish 41,chennai,t. nagar,34,4646732,13.1061084,80.2857518
Restaurant 20,Chennai,Velachery,Beverage,Beverage 2,1,117.5,Beverage 2,chennai,velachery,22,4646732,12.9063576,80.1831665
Restaurant 20,Mumbai,Andheri,Main Course,Main Dish 49; Main Dish 50; Main Dish 23,3,359.8,Main Dish 49; Main Dish 50; Main Dish 23,mumbai,andheri,22,12442373,19.0502122,72.8610074
Restaurant 20,Mumbai,Goregaon,Main Course,Main Dish 7,1,541.1,Main Dish 7,mumbai,goregaon,47,12442373,19.2085766,72.8903618
Restaurant 20,Mumbai,Juhu,Dessert,Dessert 19,1,257.0,Dessert 19,mumbai,juhu,51,12442373,19.0868804,72.7611144
Restaurant 20,Mumbai,Powai,Beverage,Beverage 3,1,68.5,Beverage 3,mumbai,powai,35,12442373,19.0560061,72.8837673
Restaurant 20,New Delhi,Connaught Place,Main Course,Main Dish 15; Main Dish 2; Main Dish 39; Main Dish 11; Main Dish 6,5,344.3,Main Dish 15; Main Dish 2; Main Dish 39; Main Dish 11; Main Dish 6,new delhi,connaught place,14,5000000,28.659123,77.2977436
Restaurant 20,New Delhi,Hauz Khas,Beverage / Dessert / Main Course,Main Dish 17; Dessert 17; Beverage 4,3,187.6,Main Dish 17; Dessert 17; Beverage 4,new delhi,hauz khas,33,5000000,28.5337978,77.1162565
Restaurant 20,New Delhi,Karol Bagh,Main Course,Main Dish 13; Main Dish 33; Main Dish 44,3,504.2,Main Dish 13; Main Dish 33; Main Dish 44,new delhi,karol bagh,13,5000000,28.6070574,77.2624718
Restaurant 20,New Delhi,Rajouri Garden,Beverage / Dessert,Beverage 7; Dessert 11,2,221.6,Beverage 7; Dessert 11,new delhi,rajouri garden,35,5000000,28.5609068,77.1268854
Restaurant 20,New Delhi,Saket,Main Course,Main Dish 9; Main Dish 24; Main Dish 12,3,528.5,Main Dish 9; Main Dish 24; Main Dish 12,new delhi,saket,55,5000000,28.4359251,77.2160562
Restaurant 20,Pune,Aundh,Appetizer,Appetizer 10,1,98.1,Appetizer 10,pune,aundh,41,9429408,18.5070496,73.8443485
Restaurant 20,Pune,Baner,Main Course,Main Dish 30,1,501.0,Main Dish 30,pune,baner,49,9429408,18.6217099,73.796233
Restaurant 20,Pune,Hinjawadi,Snack,Snack 15,1,180.7,Snack 15,pune,hinjawadi,13,9429408,18.5630889,73.8000697
Restaurant 20,Pune,Viman Nagar,Main Course,Main Dish 34,1,783.2,Main Dish 34,pune,viman nagar,44,9429408,18.616055,73.8722914
Restaurant 200,Bangalore,Indiranagar,Beverage / Main Course,Beverage 20; Main Dish 8,2,262.2,Beverage 20; Main Dish 8,bangalore,indiranagar,50,9621551,12.959492,77.5553789
Restaurant 200,Bangalore,Jayanagar,Appetizer / Main Course,Appetizer 8; Main Dish 8; Main Dish 3,3,226.0,Appetizer 8; Main Dish 8; Main Dish 3,bangalore,jayanagar,40,9621551,12.8417085,77.5888481
Restaurant 200,Bangalore,Koramangala,Appetizer,Appetizer 4; Appetizer 1,2,215.3,Appetizer 4; Appetizer 1,bangalore,koramangala,26,9621551,12.9630901,77.7024442
Restaurant 200,Bangalore,Mg Road,Main Course,Main Dish 36; Main Dish 10; Main Dish 20,3,397.3,Main Dish 36; Main Dish 10; Main Dish 20,bangalore,mg road,54,9621551,13.0028799,77.6851534
Restaurant 200,Bangalore,Whitefield,Dessert / Main Course,Dessert 8; Main Dish 49,2,338.4,Dessert 8; Main Dish 49,bangalore,whitefield,19,9621551,13.0565186,77.6934799
Restaurant 200,Chennai,Adyar,Beverage,Beverage 11,1,209.8,Beverage 11,chennai,adyar,32,4646732,13.0338035,80.3361423
Restaurant 200,Chennai,Anna Nagar,Beverage / Main Course,Main Dish 42; Beverage 15; Main Dish 48,3,338.5,Main Dish 42; Beverage 15; Main Dish 48,chennai,anna nagar,50,4646732,13.1648013,80.232561
Restaurant 200,Chennai,Nungambakkam,Appetizer / Beverage,Appetizer 16; Beverage 1,2,100.7,Appetizer 16; Beverage 1,chennai,nungambakkam,30,4646732,13.1440679,80.2196954
Restaurant 200,Chennai,T. Nagar,Beverage / Main Course,Main Dish 12; Beverage 20; Main Dish 30,3,554.4,Main Dish 12; Beverage 20; Main Dish 30,chennai,t. nagar,34,4646732,12.9502643,80.2382612
Restaurant 200,Chennai,Velachery,Beverage,Beverage 18,1,224.5,Beverage 18,chennai,velachery,22,4646732,13.0621708,80.202059
Restaurant 200,Mumbai,Bandra,Beverage / Main Course,Main Dish 5; Beverage 5,2,351.2,Main Dish 5; Beverage 5,mumbai,bandra,35,12442373,19.0253149,72.9020749
Restaurant 200,Mumbai,Juhu,Main Course,Main Dish 43,1,450.7,Main Dish 43,mumbai,juhu,51,12442373,19.1674227,72.8633008
Restaurant 200,Mumbai,Powai,Appetizer,Appetizer 19,1,221.9,Appetizer 19,mumbai,powai,35,12442373,19.1816329,72.8820743
Restaurant 200,New Delhi,Connaught Place,Appetizer / Main Course / Snack,Snack 13; Snack 9; Main Dish 28; Snack 10; Appetizer 2,5,207.7,Snack 13; Snack 9; Main Dish 28; Snack 10; Appetizer 2,new delhi,connaught place,14,5000000,28.5579616,77.1796963
Restaurant 200,New Delhi,Hauz Khas,Beverage / Snack,Snack 10; Beverage 9,2,149.0,Snack 10; Beverage 9,new delhi,hauz khas,33,5000000,28.6158766,77.2552606
Restaurant 200,New Delhi,Karol Bagh,Snack,Snack 9,1,148.2,Snack 9,new delhi,karol bagh,13,5000000,28.6401205,77.1059897
Restaurant 200,New Delhi,Rajouri Garden,Beverage / Main Course,Beverage 1; Main Dish 46,2,226.6,Beverage 1; Main Dish 46,new delhi,rajouri garden,35,5000000,28.7092472,77.0559912
Restaurant 200,New Delhi,Saket,Beverage / Main Course / Snack,Beverage 5; Snack 15; Main Dish 35; Main Dish 20,4,159.9,Beverage 5; Snack 15; Main Dish 35; Main Dish 20,new delhi,saket,55,5000000,28.5842655,77.145162
Restaurant 200,Pune,Aundh,Dessert / Main Course,Main Dish 20; Dessert 15,2,358.7,Main Dish 20; Dessert 15,pune,aundh,41,9429408,18.579461,73.7472022
Restaurant 200,Pune,Baner,Dessert,Dessert 9,1,317.8,Dessert 9,pune,baner,49,9429408,18.5041599,73.818676
Restaurant 21,Bangalore,Indiranagar,Appetizer,Appetizer 20,1,107.4,Appetizer 20,bangalore,indiranagar,50,9621551,13.0415708,77.694383
Restaurant 21,Bangalore,Jayanagar,Appetizer / Beverage / Main Course,Main Dish 23; Beverage 4; Appetizer 12; Main Dish 13,4,312.9,Main Dish 23; Beverage 4; Appetizer 12; Main Dish 13,bangalore,jayanagar,40,9621551,12.9900489,77.5179539
Restaurant 21,Bangalore,Mg Road,Beverage / Main Course / Snack,Main Dish 25; Snack 7; Beverage 18,3,196.9,Main Dish 25; Snack 7; Beverage 18,bangalore,mg road,54,9621551,12.9017185,77.5671061
Restaurant 21,Bangalore,Whitefield,Appetizer / Main Course,Appetizer 16; Main Dish 26; Main Dish 8; Main Dish 21,4,302.3,Appetizer 16; Main Dish 26; Main Dish 8; Main Dish 21,bangalore,whitefield,19,9621551,12.9944657,77.8473398
Restaurant 21,Chennai,Adyar,Appetizer / Beverage / Main Course / Snack,Beverage 9; Appetizer 18; Main Dish 20; Snack 2; Main Dish 11,5,346.2,Beverage 9; Appetizer 18; Main Dish 20; Snack 2; Main Dish 11,chennai,adyar,32,4646732,12.9326421,80.218095
Restaurant 21,Chennai,Anna Nagar,Main Course,Main Dish 50,1,185.6,Main Dish 50,chennai,anna nagar,50,4646732,13.0140358,80.2407817
Restaurant 21,Chennai,Nungambakkam,Appetizer / Beverage / Main Course,Main Dish 30; Beverage 5; Appetizer 7,3,380.0,Main Dish 30; Beverage 5; Appetizer 7,chennai,nungambakkam,30,4646732,13.0152002,80.3118808
Restaurant 21,Chennai,T. Nagar,Beverage / Dessert / Main Course / Snack,Beverage 17; Main Dish 23; Dessert 6; Main Dish 2; Snack 14,5,299.7,Beverage 17; Main Dish 23; Dessert 6; Main Dish 2; Snack 14,chennai,t. nagar,34,4646732,13.0986047,80.167367
Restaurant 21,Chennai,Velachery,Appetizer / Beverage / Dessert,Beverage 4; Appetizer 18; Appetizer 3; Dessert 14; Appetizer 20,5,146.9,Beverage 4; Appetizer 18; Appetizer 3; Dessert 14; Appetizer 20,chennai,velachery,22,4646732,12.9333031,80.2942444
Restaurant 21,Mumbai,Andheri,Dessert / Main Course,Main Dish 24; Dessert 9,2,487.7,Main Dish 24; Dessert 9,mumbai,andheri,22,12442373,19.1615468,72.7880777
Restaurant 21,Mumbai,Bandra,Appetizer / Dessert,Dessert 12; Appetizer 18,2,224.4,Dessert 12; Appetizer 18,mumbai,bandra,35,12442373,19.0348381,72.7738072
Restaurant 21,Mumbai,Goregaon,Snack,Snack 8; Snack 5,2,124.1,Snack 8; Snack 5,mumbai,goregaon,47,12442373,19.1042715,72.8489721
Restaurant 21,Mumbai,Juhu,Appetizer / Main Course,Main Dish 19; Appetizer 2,2,194.8,Main Dish 19; Appetizer 2,mumbai,juhu,51,12442373,19.0375361,72.8421144
Restaurant 21,Mumbai,Powai,Dessert,Dessert 7,1,354.9,Dessert 7,mumbai,powai,35,12442373,19.0890552,72.9692022
Restaurant 21,New Delhi,Hauz Khas,Beverage / Main Course,Beverage 4; Main Dish 42; Main Dish 20,3,281.2,Beverage 4; Main Dish 42; Main Dish 20,new delhi,hauz khas,33,5000000,28.4600325,77.20777
Restaurant 21,New Delhi,Rajouri Garden,Appetizer / Beverage,Appetizer 13; Beverage 5; Beverage 8,3,153.2,Appetizer 13; Beverage 5; Beverage 8,new delhi,rajouri garden,35,5000000,28.6471943,77.2098511
Restaurant 21,New Delhi,Saket,Appetizer / Beverage / Snack,Beverage 7; Snack 1; Appetizer 8; Beverage 17,4,128.3,Beverage 7; Snack 1; Appetizer 8; Beverage 17,new delhi,saket,55,5000000,28.5222126,77.2990219
Restaurant 21,Pune,Aundh,Dessert,Dessert 7,1,161.0,Dessert 7,pune,aundh,41,9429408,18.5918359,73.869232
Restaurant 21,Pune,Baner,Dessert,Dessert 10,1,340.8,Dessert 10,pune,baner,49,9429408,18.5765713,73.7215297
Restaurant 21,Pune,Viman Nagar,Main Course,Main Dish 47,1,740.4,Main Dish 47,pune,viman nagar,44,9429408,18.5643603,73.9752409
Restaurant 22,Bangalore,Indiranagar,Main Course,Main Dish 39,1,698.4,Main Dish 39,bangalore,indiranagar,50,9621551,12.8857267,77.6468924
Restaurant 22,Bangalore,Jayanagar,Appetizer / Main Course,Main Dish 19; Appetizer 14; Main Dish 37,3,354.7,Main Dish 19; Appetizer 14; Main Dish 37,bangalore,jayanagar,40,9621551,12.927996,77.6718138
Restaurant 22,Bangalore,Koramangala,Beverage / Main Course,Main Dish 8; Beverage 16,2,215.7,Main Dish 8; Beverage 16,bangalore,koramangala,26,9621551,12.8619287,77.5843969
Restaurant 22,Bangalore,Mg Road,Beverage / Main Course,Beverage 8; Beverage 3; Main Dish 31,3,346.3,Beverage 8; Beverage 3; Main Dish 31,bangalore,mg road,54,9621551,13.0575317,77.5859986
Restaurant 22,Bangalore,Whitefield,Appetizer,Appetizer 2,1,181.6,Appetizer 2,bangalore,whitefield,19,9621551,12.9357697,77.6905748
Restaurant 22,Chennai,Adyar,Beverage / Dessert / Main Course,Dessert 13; Beverage 11; Main Dish 30,3,211.3,Dessert 13; Beverage 11; Main Dish 30,chennai,adyar,32,4646732,13.0884553,80.2369875
Restaurant 22,Chennai,Anna Nagar,Appetizer / Main Course,Main Dish 25; Appetizer 7,2,420.3,Main Dish 25; Appetizer 7,chennai,anna nagar,50,4646732,13.1206974,80.1318153
Restaurant 22,Chennai,Nungambakkam,Appetizer / Main Course,Main Dish 23; Main Dish 20; Appetizer 3,3,286.1,Main Dish 23; Main Dish 20; Appetizer 3,chennai,nungambakkam,30,4646732,13.0482633,80.1553987
Restaurant 22,Chennai,T. Nagar,Dessert / Snack,Dessert 20; Snack 10,2,134.8,Dessert 20; Snack 10,chennai,t. nagar,34,4646732,13.0365518,80.3212269
Restaurant 22,Chennai,Velachery,Main Course,Main Dish 26,1,647.6,Main Dish 26,chennai,velachery,22,4646732,12.9663662,80.1377623
Restaurant 22,Mumbai,Andheri,Beverage,Beverage 12,1,139.9,Beverage 12,mumbai,andheri,22,12442373,19.1283448,72.9185037
Restaurant 22,Mumbai,Bandra,Main Course,Main Dish 8,1,474.9,Main Dish 8,mumbai,bandra,35,12442373,19.1153804,72.8759936
Restaurant 22,Mumbai,Goregaon,Appetizer / Main Course,Appetizer 3; Main Dish 39,2,238.9,Appetizer 3; Main Dish 39,mumbai,goregaon,47,12442373,19.2105361,72.808507
Restaurant 22,Mumbai,Juhu,Appetizer / Main Course,Appetizer 3; Main Dish 49,2,415.2,Appetizer 3; Main Dish 49,mumbai,juhu,51,12442373,19.1488707,72.7691847
Restaurant 22,Mumbai,Powai,Beverage / Main Course,Beverage 16; Main Dish 28,2,444.6,Beverage 16; Main Dish 28,mumbai,powai,35,12442373,19.0985784,72.8409345
Restaurant 22,New Delhi,Connaught Place,Appetizer / Beverage / Main Course,Main Dish 4; Appetizer 6; Beverage 13; Beverage 11,4,317.0,Main Dish 4; Appetizer 6; Beverage 13; Beverage 11,new delhi,connaught place,14,5000000,28.7137748,77.1985888
Restaurant 22,New Delhi,Hauz Khas,Dessert / Main Course / Snack,Main Dish 44; Snack 11; Dessert 12; Main Dish 23,4,395.6,Main Dish 44; Snack 11; Dessert 12; Main Dish 23,new delhi,hauz khas,33,5000000,28.6083729,77.1368758
Restaurant 22,New Delhi,Karol Bagh,Main Course,Main Dish 3; Main Dish 22; Main Dish 47,3,444.1,Main Dish 3; Main Dish 22; Main Dish 47,new delhi,karol bagh,13,5000000,28.7221993,77.2449938
Restaurant 22,New Delhi,Rajouri Garden,Appetizer / Dessert,Appetizer 13; Appetizer 17; Dessert 1,3,142.8,Appetizer 13; Appetizer 17; Dessert 1,new delhi,rajouri garden,35,5000000,28.5884983,77.0530861
Restaurant 22,New Delhi,Saket,Beverage,Beverage 4,1,245.3,Beverage 4,new delhi,saket,55,5000000,28.4635166,77.1422569
Restaurant 22,Pune,Baner,Appetizer,Appetizer 10,1,70.2,Appetizer 10,pune,baner,49,9429408,18.5889462,73.8435595
Restaurant 22,Pune,Kothrud,Main Course,Main Dish 3; Main Dish 12,2,728.6,Main Dish 3; Main Dish 12,pune,kothrud,32,9429408,18.567663,73.8414409
Restaurant 22,Pune,Viman Nagar,Main Course,Main Dish 15,1,682.7,Main Dish 15,pune,viman nagar,44,9429408,18.5325335,73.8629743
Restaurant 23,Bangalore,Indiranagar,Dessert / Snack,Snack 5; Dessert 7,2,251.2,Snack 5; Dessert 7,bangalore,indiranagar,50,9621551,13.0340671,77.5759982
Restaurant 23,Bangalore,Jayanagar,Appetizer / Beverage / Main Course,Appetizer 1; Beverage 1; Main Dish 39; Appetizer 7,4,185.0,Appetizer 1; Beverage 1; Main Dish 39; Appetizer 7,bangalore,jayanagar,40,9621551,12.8693,77.5150488
Restaurant 23,Bangalore,Koramangala,Main Course,Main Dish 4; Main Dish 25,2,741.9,Main Dish 4; Main Dish 25,bangalore,koramangala,26,9621551,13.0177419,77.6032894
Restaurant 23,Bangalore,Mg Road,Appetizer / Dessert / Main Course,Appetizer 3; Dessert 14; Main Dish 27; Main Dish 48; Main Dish 40,5,398.5,Appetizer 3; Dessert 14; Main Dish 27; Main Dish 48; Main Dish 40,bangalore,mg road,54,9621551,12.928664,77.678184
Restaurant 23,Bangalore,Whitefield,Appetizer / Dessert / Main Course,Appetizer 11; Main Dish 21; Dessert 16,3,282.7,Appetizer 11; Main Dish 21; Dessert 16,bangalore,whitefield,19,9621551,13.0862715,77.7671983
Restaurant 23,Chennai,Adyar,Snack,Snack 7,1,87.8,Snack 7,chennai,adyar,32,4646732,12.9595876,80.3291729
Restaurant 23,Chennai,Anna Nagar,Dessert / Snack,Dessert 9; Snack 10; Dessert 8,3,217.0,Dessert 9; Snack 10; Dessert 8,chennai,anna nagar,50,4646732,13.1156025,80.285703
Restaurant 23,Chennai,Nungambakkam,Main Course / Snack,Main Dish 29; Snack 15,2,398.0,Main Dish 29; Snack 15,chennai,nungambakkam,30,4646732,13.1303421,80.2944028
Restaurant 23,Chennai,T. Nagar,Beverage / Main Course,Main Dish 24; Beverage 19,2,337.0,Main Dish 24; Beverage 19,chennai,t. nagar,34,4646732,12.9778558,80.1644619
Restaurant 23,Chennai,Velachery,Appetizer / Dessert / Main Course,Dessert 1; Appetizer 3; Main Dish 39; Main Dish 12,4,236.0,Dessert 1; Appetizer 3; Main Dish 39; Main Dish 12,chennai,velachery,22,4646732,13.048445,80.2767664
Restaurant 23,Mumbai,Bandra,Appetizer,Appetizer 1,1,97.4,Appetizer 1,mumbai,bandra,35,12442373,18.9854938,72.8548072
Restaurant 23,Mumbai,Goregaon,Main Course,Main Dish 47,1,462.2,Main Dish 47,mumbai,goregaon,47,12442373,19.1588414,72.9114565
Restaurant 23,Mumbai,Juhu,Appetizer / Snack,Snack 4; Appetizer 20; Appetizer 5,3,167.3,Snack 4; Appetizer 20; Appetizer 5,mumbai,juhu,51,12442373,19.1156687,72.8996107
Restaurant 23,Mumbai,Powai,Appetizer / Main Course,Main Dish 33; Appetizer 11; Appetizer 12,3,225.6,Main Dish 33; Appetizer 11; Appetizer 12,mumbai,powai,35,12442373,19.1791207,72.9431209
Restaurant 23,New Delhi,Connaught Place,Beverage / Dessert,Beverage 3; Dessert 18; Beverage 20,3,172.7,Beverage 3; Dessert 18; Beverage 20,new delhi,connaught place,14,5000000,28.5849071,77.2907742
Restaurant 23,New Delhi,Hauz Khas,Snack,Snack 6,1,127.3,Snack 6,new delhi,hauz khas,33,5000000,28.54632,77.2907357
Restaurant 23,New Delhi,Karol Bagh,Dessert / Main Course,Dessert 19; Main Dish 7,2,410.2,Dessert 19; Main Dish 7,new delhi,karol bagh,13,5000000,28.5663552,77.1975032
Restaurant 23,New Delhi,Rajouri Garden,Beverage / Dessert / Main Course,Dessert 16; Beverage 7; Main Dish 22; Main Dish 14,4,218.1,Dessert 16; Beverage 7; Main Dish 22; Main Dish 14,new delhi,rajouri garden,35,5000000,28.7390001,77.1297096
Restaurant 23,New Delhi,Saket,Appetizer,Appetizer 5; Appetizer 20,2,119.6,Appetizer 5; Appetizer 20,new delhi,saket,55,5000000,28.6140184,77.2188804
Restaurant 23,Pune,Baner,Appetizer / Snack,Snack 4; Appetizer 7,2,150.6,Snack 4; Appetizer 7,pune,baner,49,9429408,18.4962803,73.7609429
Restaurant 23,Pune,Hinjawadi,Dessert,Dessert 16,1,224.0,Dessert 16,pune,hinjawadi,13,9429408,18.5726121,73.671802
Restaurant 23,Pune,Kothrud,Main Course,Main Dish 35,1,663.7,Main Dish 35,pune,kothrud,32,9429408,18.4377764,73.8202545
Restaurant 23,Pune,Viman Nagar,Dessert / Main Course,Dessert 15; Main Dish 17,2,501.4,Dessert 15; Main Dish 17,pune,viman nagar,44,9429408,18.6331039,73.9250434
Restaurant 24,Bangalore,Indiranagar,Snack,Snack 5; Snack 15,2,124.6,Snack 5; Snack 15,bangalore,indiranagar,50,9621551,12.9720142,77.7298581
Restaurant 24,Bangalore,Koramangala,Appetizer / Main Course,Appetizer 3; Main Dish 38,2,372.2,Appetizer 3; Main Dish 38,bangalore,koramangala,26,9621551,12.8888742,77.6954748
Restaurant 24,Bangalore,Mg Road,Main Course,Main Dish 49,1,551.6,Main Dish 49,bangalore,mg road,54,9621551,12.9617271,77.5217019
Restaurant 24,Bangalore,Whitefield,Appetizer / Main Course / Snack,Main Dish 24; Main Dish 39; Snack 6; Appetizer 11,4,286.3,Main Dish 24; Main Dish 39; Snack 6; Appetizer 11,bangalore,whitefield,19,9621551,12.9221003,77.8127579
Restaurant 24,Chennai,Adyar,Appetizer / Main Course / Snack,Appetizer 15; Main Dish 18; Snack 15; Appetizer 17,4,224.6,Appetizer 15; Main Dish 18; Snack 15; Appetizer 17,chennai,adyar,32,4646732,12.9926507,80.1726908
Restaurant 24,Chennai,Anna Nagar,Appetizer / Dessert / Main Course / Snack,Appetizer 13; Appetizer 5; Main Dish 10; Dessert 14; Snack 13; Appetizer 3; Snack 7; Dessert 20; Appetizer 14,9,155.1,Appetizer 13; Appetizer 5; Main Dish 10; Dessert 14; Snack 13; Appetizer 3; Snack 7; Dessert 20; Appetizer 14,chennai,anna nagar,50,4646732,13.0144411,80.1676557
Restaurant 24,Chennai,Nungambakkam,Appetizer / Beverage / Snack,Beverage 15; Appetizer 1; Snack 3,3,90.8,Beverage 15; Appetizer 1; Snack 3,chennai,nungambakkam,30,4646732,12.974498,80.2469122
Restaurant 24,Chennai,T. Nagar,Appetizer / Dessert / Main Course,Main Dish 31; Dessert 7; Appetizer 9,3,264.4,Main Dish 31; Dessert 7; Appetizer 9,chennai,t. nagar,34,4646732,13.1283576,80.2410854
Restaurant 24,Chennai,Velachery,Main Course,Main Dish 42,1,440.8,Main Dish 42,chennai,velachery,22,4646732,12.8926009,80.2292758
Restaurant 24,Mumbai,Andheri,Main Course,Main Dish 48,1,753.0,Main Dish 48,mumbai,andheri,22,12442373,19.0640229,72.7985886
Restaurant 24,Mumbai,Bandra,Dessert / Main Course,Main Dish 20; Dessert 10,2,234.4,Main Dish 20; Dessert 10,mumbai,bandra,35,12442373,19.0968284,72.7818775
Restaurant 24,Mumbai,Goregaon,Dessert,Dessert 18,1,204.9,Dessert 18,mumbai,goregaon,47,12442373,19.1270146,72.7991899
Restaurant 24,Mumbai,Juhu,Main Course,Main Dish 34,1,566.0,Main Dish 34,mumbai,juhu,51,12442373,19.0513468,72.7796956
Restaurant 24,Mumbai,Powai,Main Course,Main Dish 22,1,729.4,Main Dish 22,mumbai,powai,35,12442373,19.0492341,72.9219345
Restaurant 24,New Delhi,Connaught Place,Beverage / Dessert,Beverage 9; Dessert 6,2,174.8,Beverage 9; Dessert 6,new delhi,connaught place,14,5000000,28.6179702,77.1342921
Restaurant 24,New Delhi,Hauz Khas,Main Course / Snack,Snack 1; Main Dish 47,2,284.3,Snack 1; Main Dish 47,new delhi,hauz khas,33,5000000,28.487624,77.1339707
Restaurant 24,New Delhi,Karol Bagh,Appetizer / Beverage / Dessert / Snack,Appetizer 4; Dessert 7; Snack 4; Beverage 8,4,162.3,Appetizer 4; Dessert 7; Snack 4; Beverage 8,new delhi,karol bagh,13,5000000,28.7146956,77.126609
Restaurant 24,New Delhi,Rajouri Garden,Appetizer / Beverage,Beverage 13; Appetizer 15,2,221.4,Beverage 13; Appetizer 15,new delhi,rajouri garden,35,5000000,28.5748289,77.1752692
Restaurant 24,New Delhi,Saket,Dessert,Dessert 5; Dessert 15,2,373.1,Dessert 5; Dessert 15,new delhi,saket,55,5000000,28.4498472,77.26444
Restaurant 24,Pune,Hinjawadi,Main Course,Main Dish 26,1,703.2,Main Dish 26,pune,hinjawadi,13,9429408,18.6531544,73.7739884
Restaurant 24,Pune,Kothrud,Beverage,Beverage 17,1,170.7,Beverage 17,pune,kothrud,32,9429408,18.549111,73.7473248
Restaurant 24,Pune,Viman Nagar,Main Course,Main Dish 44,1,317.0,Main Dish 44,pune,viman nagar,44,9429408,18.5155539,73.9474864
Restaurant 25,Bangalore,Indiranagar,Appetizer / Dessert / Snack,Dessert 2; Snack 15; Appetizer 17,3,235.5,Dessert 2; Snack 15; Appetizer 17,bangalore,indiranagar,50,9621551,12.9133182,77.5730931
Restaurant 25,Bangalore,Jayanagar,Appetizer / Dessert / Main Course,Dessert 19; Appetizer 19; Main Dish 33,3,174.4,Dessert 19; Appetizer 19; Main Dish 33,bangalore,jayanagar,40,9621551,13.0198018,77.5916723
Restaurant 25,Bangalore,Koramangala,Main Course / Snack,Main Dish 29; Main Dish 16; Snack 8,3,342.5,Main Dish 29; Main Dish 16; Snack 8,bangalore,koramangala,26,9621551,12.9219373,77.5389927
Restaurant 25,Bangalore,Mg Road,Dessert / Main Course,Dessert 17; Main Dish 6; Dessert 4,3,379.8,Dessert 17; Main Dish 6; Dessert 4,bangalore,mg road,54,9621551,13.0438059,77.660706
Restaurant 25,Chennai,Adyar,Appetizer,Appetizer 7; Appetizer 2,2,152.2,Appetizer 7; Appetizer 2,chennai,adyar,32,4646732,13.0747295,80.3116949
Restaurant 25,Chennai,Anna Nagar,Main Course,Main Dish 25,1,152.5,Main Dish 25,chennai,anna nagar,50,4646732,13.1702543,80.1865482
Restaurant 25,Chennai,Nungambakkam,Appetizer / Dessert / Main Course / Snack,Dessert 8; Snack 14; Main Dish 37; Appetizer 4,4,253.0,Dessert 8; Snack 14; Main Dish 37; Appetizer 4,chennai,nungambakkam,30,4646732,13.1228384,80.176018
Restaurant 25,Chennai,T. Nagar,Dessert / Main Course,Main Dish 20; Dessert 13,2,265.5,Main Dish 20; Dessert 13,chennai,t. nagar,34,4646732,12.9641864,80.286645
Restaurant 25,Chennai,Velachery,Main Course,Main Dish 29,1,616.7,Main Dish 29,chennai,velachery,22,4646732,13.0409413,80.1583816
Restaurant 25,Mumbai,Andheri,Dessert,Dessert 16,1,193.4,Dessert 16,mumbai,andheri,22,12442373,19.1938599,72.8440569
Restaurant 25,Mumbai,Bandra,Appetizer,Appetizer 16,1,200.5,Appetizer 16,mumbai,bandra,35,12442373,19.0636264,72.9123035
Restaurant 25,Mumbai,Goregaon,Appetizer,Appetizer 4,1,201.6,Appetizer 4,mumbai,goregaon,47,12442373,19.227585,72.861259
Restaurant 25,Mumbai,Juhu,Main Course,Main Dish 26; Main Dish 5,2,692.8,Main Dish 26; Main Dish 5,mumbai,juhu,51,12442373,19.1811838,72.8251639
Restaurant 25,Mumbai,Powai,Beverage / Main Course,Beverage 10; Main Dish 11,2,288.5,Beverage 10; Main Dish 11,mumbai,powai,35,12442373,19.1605687,72.8490048
Restaurant 25,New Delhi,Connaught Place,Appetizer / Beverage / Main Course / Snack,Appetizer 12; Main Dish 8; Main Dish 47; Beverage 18; Snack 4; Main Dish 49; Snack 12,7,281.4,Appetizer 12; Main Dish 8; Main Dish 47; Beverage 18; Snack 4; Main Dish 49; Snack 12,new delhi,connaught place,14,5000000,28.700049,77.2732962
Restaurant 25,New Delhi,Hauz Khas,Beverage / Main Course,Main Dish 15; Beverage 3,2,214.2,Main Dish 15; Beverage 3,new delhi,hauz khas,33,5000000,28.6381258,77.2105942
Restaurant 25,New Delhi,Karol Bagh,Appetizer / Beverage,Beverage 3; Appetizer 11,2,156.2,Beverage 3; Appetizer 11,new delhi,karol bagh,13,5000000,28.6526427,77.2804689
Restaurant 25,New Delhi,Rajouri Garden,Dessert,Dessert 10,1,109.9,Dessert 10,new delhi,rajouri garden,35,5000000,28.6659005,77.0295152
Restaurant 25,New Delhi,Saket,Appetizer / Dessert,Dessert 18; Appetizer 13,2,161.8,Dessert 18; Appetizer 13,new delhi,saket,55,5000000,28.5409188,77.118686
Restaurant 25,Pune,Aundh,Appetizer / Dessert,Appetizer 6; Dessert 18,2,193.4,Appetizer 6; Dessert 18,pune,aundh,41,9429408,18.49917,73.7866154
Restaurant 25,Pune,Baner,Main Course,Main Dish 47,1,523.7,Main Dish 47,pune,baner,49,9429408,18.6219071,73.7592499
Restaurant 25,Pune,Hinjawadi,Main Course,Main Dish 43; Main Dish 25,2,519.2,Main Dish 43; Main Dish 25,pune,hinjawadi,13,9429408,18.5232678,73.752802
Restaurant 25,Pune,Kothrud,Appetizer / Beverage / Dessert / Main Course,Dessert 15; Beverage 19; Appetizer 8; Main Dish 46,4,283.7,Dessert 15; Beverage 19; Appetizer 8; Main Dish 46,pune,kothrud,32,9429408,18.515909,73.8777508
Restaurant 26,Bangalore,Indiranagar,Beverage / Main Course,Main Dish 40; Beverage 2,2,135.4,Main Dish 40; Beverage 2,bangalore,indiranagar,50,9621551,13.06382,77.6497166
Restaurant 26,Bangalore,Jayanagar,Appetizer / Dessert,Dessert 18; Appetizer 14,2,122.8,Dessert 18; Appetizer 14,bangalore,jayanagar,40,9621551,12.8556306,77.6372319
Restaurant 26,Bangalore,Koramangala,Appetizer / Beverage / Dessert / Main Course,Appetizer 5; Main Dish 8; Beverage 1; Dessert 12,4,223.1,Appetizer 5; Main Dish 8; Beverage 1; Dessert 12,bangalore,koramangala,26,9621551,13.0040161,77.6779968
Restaurant 26,Bangalore,Mg Road,Appetizer / Main Course / Snack,Appetizer 14; Snack 7; Appetizer 7; Main Dish 1,4,253.2,Appetizer 14; Snack 7; Appetizer 7; Main Dish 1,bangalore,mg road,54,9621551,12.8879618,77.6132154
Restaurant 26,Bangalore,Whitefield,Appetizer / Main Course,Main Dish 44; Appetizer 10,2,197.3,Main Dish 44; Appetizer 10,bangalore,whitefield,19,9621551,13.0131719,77.6670039
Restaurant 26,Chennai,Adyar,Beverage / Main Course / Snack,Beverage 9; Snack 5; Main Dish 11,3,310.2,Beverage 9; Snack 5; Main Dish 11,chennai,adyar,32,4646732,12.9188854,80.2642043
Restaurant 26,Chennai,Anna Nagar,Appetizer / Beverage / Main Course / Snack,Snack 12; Main Dish 17; Appetizer 16; Beverage 2; Main Dish 4,5,269.0,Snack 12; Main Dish 17; Appetizer 16; Beverage 2; Main Dish 4,chennai,anna nagar,50,4646732,13.0413866,80.2787336
Restaurant 26,Chennai,Nungambakkam,Dessert,Dessert 16,1,237.0,Dessert 16,chennai,nungambakkam,30,4646732,13.0607855,80.3298779
Restaurant 26,Chennai,T. Nagar,Main Course,Main Dish 5; Main Dish 4; Main Dish 21; Main Dish 45,4,543.7,Main Dish 5; Main Dish 4; Main Dish 21; Main Dish 45,chennai,t. nagar,34,4646732,13.055258,80.140891
Restaurant 26,Chennai,Velachery,Beverage,Beverage 11,1,99.5,Beverage 11,chennai,velachery,22,4646732,12.9788884,80.3122415
Restaurant 26,Mumbai,Andheri,Appetizer,Appetizer 19,1,244.8,Appetizer 19,mumbai,andheri,22,12442373,19.066037,72.8988184
Restaurant 26,Mumbai,Bandra,Dessert / Snack,Dessert 9; Snack 14,2,179.4,Dessert 9; Snack 14,mumbai,bandra,35,12442373,18.9993045,72.7923884
Restaurant 26,Mumbai,Juhu,Appetizer / Main Course,Appetizer 15; Main Dish 22,2,415.4,Appetizer 15; Main Dish 22,mumbai,juhu,51,12442373,19.0533609,72.8799254
Restaurant 26,Mumbai,Powai,Dessert / Main Course / Snack,Dessert 6; Snack 12; Main Dish 3,3,411.9,Dessert 6; Snack 12; Main Dish 3,mumbai,powai,35,12442373,19.1273667,72.9794308
Restaurant 26,New Delhi,Connaught Place,Main Course,Main Dish 12; Main Dish 5; Main Dish 28,3,588.7,Main Dish 12; Main Dish 5; Main Dish 28,new delhi,connaught place,14,5000000,28.5442049,77.2258056
Restaurant 26,New Delhi,Hauz Khas,Appetizer / Snack,Snack 8; Appetizer 13,2,156.9,Snack 8; Appetizer 13,new delhi,hauz khas,33,5000000,28.4739546,77.2561538
Restaurant 26,New Delhi,Karol Bagh,Appetizer / Dessert,Appetizer 9; Dessert 4,2,170.7,Appetizer 9; Dessert 4,new delhi,karol bagh,13,5000000,28.5939467,77.1237039
Restaurant 26,New Delhi,Rajouri Garden,Beverage / Dessert,Dessert 6; Beverage 17,2,148.7,Dessert 6; Beverage 17,new delhi,rajouri garden,35,5000000,28.6974722,77.1999743
Restaurant 26,New Delhi,Saket,Dessert / Main Course / Snack,Dessert 17; Snack 8; Dessert 20; Main Dish 29; Dessert 2,5,299.2,Dessert 17; Snack 8; Dessert 20; Main Dish 29; Dessert 2,new delhi,saket,55,5000000,28.5724905,77.2891451
Restaurant 26,Pune,Aundh,Beverage / Main Course,Beverage 7; Main Dish 14,2,356.3,Beverage 7; Main Dish 14,pune,aundh,41,9429408,18.6247968,73.7849224
Restaurant 26,Pune,Hinjawadi,Main Course,Main Dish 6; Main Dish 42,2,420.6,Main Dish 6; Main Dish 42,pune,hinjawadi,13,9429408,18.6346024,73.6798723
Restaurant 26,Pune,Kothrud,Appetizer / Dessert,Appetizer 8; Dessert 19; Dessert 3,3,204.0,Appetizer 8; Dessert 19; Dessert 3,pune,kothrud,32,9429408,18.4515871,73.7578357
Restaurant 26,Pune,Viman Nagar,Main Course,Main Dish 45,1,272.5,Main Dish 45,pune,viman nagar,44,9429408,18.5879653,73.8503401
Restaurant 27,Bangalore,Indiranagar,Beverage,Beverage 7,1,152.0,Beverage 7,bangalore,indiranagar,50,9621551,12.8996488,77.6952762
Restaurant 27,Bangalore,Jayanagar,Beverage / Main Course,Main Dish 2; Beverage 4,2,395.9,Main Dish 2; Beverage 4,bangalore,jayanagar,40,9621551,12.9467022,77.4914779
Restaurant 27,Bangalore,Koramangala,Beverage / Main Course,Beverage 20; Main Dish 42,2,531.2,Beverage 20; Main Dish 42,bangalore,koramangala,26,9621551,12.848172,77.6305062
Restaurant 27,Bangalore,Whitefield,Appetizer / Beverage / Main Course,Main Dish 44; Beverage 14; Appetizer 9,3,314.5,Main Dish 44; Beverage 14; Appetizer 9,bangalore,whitefield,19,9621551,13.0447436,77.837463
Restaurant 27,Chennai,Adyar,Appetizer / Beverage / Main Course,Beverage 19; Beverage 13; Main Dish 47; Appetizer 17,4,167.1,Beverage 19; Beverage 13; Main Dish 47; Appetizer 17,chennai,adyar,32,4646732,13.0672258,80.1933101
Restaurant 27,Chennai,Anna Nagar,Beverage / Main Course,Main Dish 38; Beverage 4,2,448.9,Main Dish 38; Beverage 4,chennai,anna nagar,50,4646732,13.0744497,80.1222515
Restaurant 27,Chennai,Nungambakkam,Appetizer / Main Course,Main Dish 35; Appetizer 9; Main Dish 8; Main Dish 44,4,389.1,Main Dish 35; Appetizer 9; Main Dish 8; Main Dish 44,chennai,nungambakkam,30,4646732,13.0020895,80.1731129
Restaurant 27,Chennai,T. Nagar,Appetizer / Dessert / Main Course,Main Dish 35; Dessert 17; Appetizer 15,3,239.9,Main Dish 35; Dessert 17; Appetizer 15,chennai,t. nagar,34,4646732,13.0868297,80.3113501
Restaurant 27,Chennai,Velachery,Appetizer / Dessert / Snack,Dessert 6; Snack 2; Dessert 16; Appetizer 6; Dessert 5,5,178.9,Dessert 6; Snack 2; Dessert 16; Appetizer 6; Dessert 5,chennai,velachery,22,4646732,12.9201924,80.1554765
Restaurant 27,Mumbai,Andheri,Beverage / Main Course,Beverage 5; Main Dish 6,2,222.1,Beverage 5; Main Dish 6,mumbai,andheri,22,12442373,19.1239153,72.7707379
Restaurant 27,Mumbai,Bandra,Main Course,Main Dish 47,1,505.9,Main Dish 47,mumbai,bandra,35,12442373,19.1291415,72.8378567
Restaurant 27,Mumbai,Goregaon,Appetizer,Appetizer 18,1,199.5,Appetizer 18,mumbai,goregaon,47,12442373,19.110035,72.883702
Restaurant 27,New Delhi,Connaught Place,Appetizer,Appetizer 12,1,120.0,Appetizer 12,new delhi,connaught place,14,5000000,28.6925453,77.1549114
Restaurant 27,New Delhi,Hauz Khas,Appetizer / Beverage / Dessert / Main Course,Appetizer 15; Beverage 16; Dessert 7; Main Dish 38; Main Dish 12,5,320.5,Appetizer 15; Beverage 16; Dessert 7; Main Dish 38; Main Dish 12,new delhi,hauz khas,33,5000000,28.5650262,77.1103998
Restaurant 27,New Delhi,Karol Bagh,Appetizer,Appetizer 8,1,218.2,Appetizer 8,new delhi,karol bagh,13,5000000,28.7444485,77.2003274
Restaurant 27,New Delhi,Rajouri Garden,Main Course,Main Dish 48,1,658.5,Main Dish 48,new delhi,rajouri garden,35,5000000,28.5578592,77.0947102
Restaurant 27,New Delhi,Saket,Beverage / Snack,Beverage 2; Beverage 8; Snack 10,3,147.1,Beverage 2; Beverage 8; Snack 10,new delhi,saket,55,5000000,28.4328775,77.183881
Restaurant 27,Pune,Aundh,Appetizer / Main Course,Appetizer 18; Main Dish 40,2,256.3,Appetizer 18; Main Dish 40,pune,aundh,41,9429408,18.5322191,73.8720503
Restaurant 27,Pune,Kothrud,Beverage,Beverage 2,1,89.8,Beverage 2,pune,kothrud,32,9429408,18.5814241,73.803304
Restaurant 28,Bangalore,Indiranagar,Appetizer,Appetizer 15,1,149.6,Appetizer 15,bangalore,indiranagar,50,9621551,12.9907204,77.5495222
Restaurant 28,Bangalore,Jayanagar,Main Course,Main Dish 40,1,387.2,Main Dish 40,bangalore,jayanagar,40,9621551,12.9782739,77.661937
Restaurant 28,Bangalore,Koramangala,Appetizer,Appetizer 19,1,130.8,Appetizer 19,bangalore,koramangala,26,9621551,12.9965124,77.559612
Restaurant 28,Bangalore,Mg Road,Dessert / Main Course,Dessert 16; Main Dish 25; Main Dish 45,3,385.8,Dessert 16; Main Dish 25; Main Dish 45,bangalore,mg road,54,9621551,13.0363022,77.5423212
Restaurant 28,Bangalore,Whitefield,Appetizer / Beverage,Appetizer 13; Beverage 12; Beverage 7; Appetizer 4,4,190.6,Appetizer 13; Beverage 12; Beverage 7; Appetizer 4,bangalore,whitefield,19,9621551,12.9051306,77.7321989
Restaurant 28,Chennai,Anna Nagar,Dessert,Dessert 20,1,162.8,Dessert 20,chennai,anna nagar,50,4646732,13.1565285,80.2612556
Restaurant 28,Chennai,Nungambakkam,Main Course / Snack,Snack 7; Main Dish 45; Main Dish 29; Main Dish 35,4,403.5,Snack 7; Main Dish 45; Main Dish 29; Main Dish 35,chennai,nungambakkam,30,4646732,13.1525913,80.2497364
Restaurant 28,Chennai,T. Nagar,Appetizer / Beverage / Snack,Beverage 5; Snack 9; Appetizer 3,3,135.3,Beverage 5; Snack 9; Appetizer 3,chennai,t. nagar,34,4646732,12.9472167,80.206086
Restaurant 28,Chennai,Velachery,Appetizer / Main Course,Main Dish 22; Appetizer 6,2,200.2,Main Dish 22; Appetizer 6,chennai,velachery,22,4646732,13.0706942,80.2321
Restaurant 28,Mumbai,Andheri,Main Course,Main Dish 24,1,693.4,Main Dish 24,mumbai,andheri,22,12442373,19.1682174,72.9056943
Restaurant 28,Mumbai,Bandra,Beverage,Beverage 12,1,175.0,Beverage 12,mumbai,bandra,35,12442373,19.0013186,72.8926182
Restaurant 28,Mumbai,Goregaon,Beverage / Dessert / Main Course,Main Dish 12; Beverage 7; Dessert 1,3,352.6,Main Dish 12; Beverage 7; Dessert 1,mumbai,goregaon,47,12442373,19.1824464,72.7865557
Restaurant 28,Mumbai,Powai,Appetizer,Appetizer 11,1,103.1,Appetizer 11,mumbai,powai,35,12442373,19.0630448,72.8595157
Restaurant 28,New Delhi,Hauz Khas,Main Course / Snack,Snack 13; Main Dish 22,2,202.6,Snack 13; Main Dish 22,new delhi,hauz khas,33,5000000,28.5965979,77.2808589
Restaurant 28,New Delhi,Karol Bagh,Appetizer / Main Course,Appetizer 15; Main Dish 33; Main Dish 13; Main Dish 49,4,411.1,Appetizer 15; Main Dish 33; Main Dish 13; Main Dish 49,new delhi,karol bagh,13,5000000,28.5802773,77.245887
Restaurant 28,New Delhi,Rajouri Garden,Dessert / Snack,Dessert 13; Snack 14,2,213.7,Dessert 13; Snack 14,new delhi,rajouri garden,35,5000000,28.7333949,77.077881
Restaurant 28,New Delhi,Saket,Main Course,Main Dish 25; Main Dish 50,2,636.1,Main Dish 25; Main Dish 50,new delhi,saket,55,5000000,28.6084132,77.1670518
Restaurant 28,Pune,Baner,Dessert,Dessert 1,1,122.8,Dessert 1,pune,baner,49,9429408,18.5293294,73.8463778
Restaurant 28,Pune,Hinjawadi,Appetizer / Main Course,Main Dish 3; Appetizer 18,2,294.5,Main Dish 3; Appetizer 18,pune,hinjawadi,13,9429408,18.6014004,73.8102983
Restaurant 28,Pune,Kothrud,Main Course,Main Dish 10,1,657.5,Main Dish 10,pune,kothrud,32,9429408,18.4536012,73.8580655
Restaurant 28,Pune,Viman Nagar,Snack,Snack 15,1,142.4,Snack 15,pune,viman nagar,44,9429408,18.6003402,73.9723699
Restaurant 29,Bangalore,Indiranagar,Main Course,Main Dish 15,1,785.3,Main Dish 15,bangalore,indiranagar,50,9621551,13.0222921,77.7199813
Restaurant 29,Bangalore,Jayanagar,Appetizer / Main Course / Snack,Appetizer 14; Snack 4; Main Dish 25; Snack 10,4,221.2,Appetizer 14; Snack 4; Main Dish 25; Snack 10,bangalore,jayanagar,40,9621551,12.8386609,77.5566729
Restaurant 29,Bangalore,Koramangala,Main Course,Main Dish 17; Main Dish 34,2,339.8,Main Dish 17; Main Dish 34,bangalore,koramangala,26,9621551,12.9344595,77.7134719
Restaurant 29,Bangalore,Mg Road,Appetizer / Beverage / Main Course,Beverage 7; Main Dish 44; Main Dish 49; Appetizer 13; Appetizer 3; Main Dish 8; Main Dish 38,7,464.0,Beverage 7; Main Dish 44; Main Dish 49; Appetizer 13; Appetizer 3; Main Dish 8; Main Dish 38,bangalore,mg road,54,9621551,12.9742493,77.6961811
Restaurant 29,Bangalore,Whitefield,Main Course,Main Dish 30,1,667.1,Main Dish 30,bangalore,whitefield,19,9621551,13.0806663,77.7153697
Restaurant 29,Chennai,Adyar,Appetizer / Main Course,Main Dish 49; Appetizer 17,2,192.9,Main Dish 49; Appetizer 17,chennai,adyar,32,4646732,13.0051729,80.34717
Restaurant 29,Chennai,Anna Nagar,Main Course,Main Dish 45,1,604.9,Main Dish 45,chennai,anna nagar,50,4646732,13.0006844,80.213765
Restaurant 29,Chennai,Nungambakkam,Appetizer,Appetizer 15,1,73.0,Appetizer 15,chennai,nungambakkam,30,4646732,12.9884201,80.295296
Restaurant 29,Chennai,T. Nagar,Main Course,Main Dish 36,1,245.6,Main Dish 36,chennai,t. nagar,34,4646732,13.1227524,80.1892568
Restaurant 29,Chennai,Velachery,Main Course,Main Dish 29,1,368.4,Main Dish 29,chennai,velachery,22,4646732,12.906523,80.2776596
Restaurant 29,Mumbai,Goregaon,Appetizer,Appetizer 6,1,53.3,Appetizer 6,mumbai,goregaon,47,12442373,19.1948213,72.9085855
Restaurant 29,Mumbai,Juhu,Beverage / Snack,Snack 10; Beverage 16,2,231.8,Snack 10; Beverage 16,mumbai,juhu,51,12442373,19.1112392,72.7518449
Restaurant 29,Mumbai,Powai,Beverage / Dessert,Dessert 3; Beverage 7,2,296.7,Dessert 3; Beverage 7,mumbai,powai,35,12442373,19.1928818,72.904984
Restaurant 29,New Delhi,Hauz Khas,Appetizer / Main Course / Snack,Snack 3; Snack 10; Main Dish 21; Appetizer 17,4,168.8,Snack 3; Snack 10; Main Dish 21; Appetizer 17,new delhi,hauz khas,33,5000000,28.4569849,77.1755948
Restaurant 29,New Delhi,Karol Bagh,Dessert / Main Course / Snack,Snack 3; Main Dish 39; Dessert 11,3,285.2,Snack 3; Main Dish 39; Dessert 11,new delhi,karol bagh,13,5000000,28.6713489,77.100133
Restaurant 29,New Delhi,Rajouri Garden,Appetizer / Main Course,Main Dish 6; Main Dish 8; Appetizer 5,3,263.8,Main Dish 6; Main Dish 8; Appetizer 5,new delhi,rajouri garden,35,5000000,28.6143284,77.2099694
Restaurant 29,New Delhi,Saket,Appetizer / Beverage / Main Course,Main Dish 2; Appetizer 20; Main Dish 4; Appetizer 8; Beverage 10,5,217.4,Main Dish 2; Appetizer 20; Main Dish 4; Appetizer 8; Beverage 10,new delhi,saket,55,5000000,28.4893467,77.2991402
Restaurant 29,Pune,Aundh,Beverage,Beverage 5,1,291.5,Beverage 5,pune,aundh,41,9429408,18.5417423,73.7437826
Restaurant 29,Pune,Baner,Beverage / Dessert,Dessert 6; Beverage 7,2,200.8,Dessert 6; Beverage 7,pune,baner,49,9429408,18.5388526,73.7181101
Restaurant 29,Pune,Kothrud,Snack,Snack 13,1,164.4,Snack 13,pune,kothrud,32,9429408,18.5114795,73.729985
Restaurant 29,Pune,Viman Nagar,Appetizer,Appetizer 9,1,211.3,Appetizer 9,pune,viman nagar,44,9429408,18.5076743,73.8897533
Restaurant 3,Bangalore,Indiranagar,Beverage / Dessert / Main Course,Dessert 5; Main Dish 46; Dessert 8; Beverage 9,4,337.5,Dessert 5; Main Dish 46; Dessert 8; Beverage 9,bangalore,indiranagar,50,9621551,12.8826791,77.6147172
Restaurant 3,Bangalore,Jayanagar,Main Course,Main Dish 19,1,340.6,Main Dish 19,bangalore,jayanagar,40,9621551,13.0141966,77.5398437
Restaurant 3,Bangalore,Koramangala,Dessert,Dessert 12,1,109.4,Dessert 12,bangalore,koramangala,26,9621551,12.8757635,77.5567069
Restaurant 3,Bangalore,Mg Road,Appetizer / Beverage / Main Course / Snack,Snack 15; Appetizer 16; Appetizer 14; Main Dish 38; Beverage 10,5,280.9,Snack 15; Appetizer 16; Appetizer 14; Main Dish 38; Beverage 10,bangalore,mg road,54,9621551,12.9155533,77.5394161
Restaurant 3,Bangalore,Whitefield,Beverage / Snack,Beverage 13; Snack 3,2,136.6,Beverage 13; Snack 3,bangalore,whitefield,19,9621551,12.9615998,77.8474581
Restaurant 3,Chennai,Adyar,Main Course,Main Dish 49,1,775.5,Main Dish 49,chennai,adyar,32,4646732,12.9464769,80.190405
Restaurant 3,Chennai,Anna Nagar,Appetizer,Appetizer 12,1,156.3,Appetizer 12,chennai,anna nagar,50,4646732,13.1490248,80.1428708
Restaurant 3,Chennai,T. Nagar,Appetizer / Main Course,Main Dish 17; Appetizer 13; Main Dish 2,3,403.3,Main Dish 17; Appetizer 13; Main Dish 2,chennai,t. nagar,34,4646732,13.0036859,80.3213452
Restaurant 3,Chennai,Velachery,Appetizer / Beverage / Dessert / Main Course,Appetizer 19; Main Dish 26; Appetizer 13; Dessert 5; Main Dish 7; Main Dish 14; Beverage 7,7,263.0,Appetizer 19; Main Dish 26; Appetizer 13; Dessert 5; Main Dish 7; Main Dish 14; Beverage 7,chennai,velachery,22,4646732,12.9975946,80.1319056
Restaurant 3,Mumbai,Andheri,Appetizer / Snack,Snack 5; Appetizer 7,2,120.7,Snack 5; Appetizer 7,mumbai,andheri,22,12442373,19.0430899,72.8353745
Restaurant 3,Mumbai,Bandra,Dessert,Dessert 5,1,341.5,Dessert 5,mumbai,bandra,35,12442373,19.0591969,72.7645377
Restaurant 3,Mumbai,Goregaon,Main Course,Main Dish 39,1,563.0,Main Dish 39,mumbai,goregaon,47,12442373,19.1021554,72.8259689
Restaurant 3,Mumbai,Powai,Beverage / Main Course,Main Dish 7; Main Dish 19; Beverage 9,3,463.8,Main Dish 7; Main Dish 19; Beverage 9,mumbai,powai,35,12442373,19.0650589,72.9597455
Restaurant 3,New Delhi,Connaught Place,Appetizer / Main Course,Appetizer 11; Main Dish 23,2,174.7,Appetizer 11; Main Dish 23,new delhi,connaught place,14,5000000,28.6304924,77.3087713
Restaurant 3,New Delhi,Hauz Khas,Beverage / Dessert / Main Course,Beverage 8; Main Dish 44; Beverage 13; Dessert 17,4,294.8,Beverage 8; Main Dish 44; Beverage 13; Dessert 17,new delhi,hauz khas,33,5000000,28.6325206,77.1587656
Restaurant 3,New Delhi,Karol Bagh,Appetizer / Dessert / Main Course,Dessert 17; Appetizer 8; Main Dish 5; Appetizer 5,4,206.5,Dessert 17; Appetizer 8; Main Dish 5; Appetizer 5,new delhi,karol bagh,13,5000000,28.7029206,77.2705921
Restaurant 3,Pune,Aundh,Main Course,Main Dish 12; Main Dish 25,2,269.6,Main Dish 12; Main Dish 25,pune,aundh,41,9429408,18.6222846,73.845969
Restaurant 3,Pune,Hinjawadi,Beverage / Dessert,Dessert 16; Beverage 17,2,163.2,Dessert 16; Beverage 17,pune,hinjawadi,13,9429408,18.5370785,73.6903832
Restaurant 3,Pune,Kothrud,Main Course,Main Dish 42,1,221.9,Main Dish 42,pune,kothrud,32,9429408,18.5557816,73.8649414
Restaurant 30,Bangalore,Indiranagar,Dessert / Main Course / Snack,Snack 14; Main Dish 1; Dessert 3,3,169.0,Snack 14; Main Dish 1; Dessert 3,bangalore,indiranagar,50,9621551,13.0582148,77.597888
Restaurant 30,Bangalore,Jayanagar,Main Course,Main Dish 50,1,694.5,Main Dish 50,bangalore,jayanagar,40,9621551,12.8951301,77.6719321
Restaurant 30,Bangalore,Mg Road,Dessert / Main Course / Snack,Snack 4; Snack 14; Main Dish 20; Dessert 1,4,281.8,Snack 4; Snack 14; Main Dish 20; Dessert 1,bangalore,mg road,54,9621551,13.0660551,77.6160396
Restaurant 30,Bangalore,Whitefield,Appetizer / Main Course,Main Dish 8; Appetizer 7; Main Dish 39; Appetizer 14; Main Dish 29,5,285.1,Main Dish 8; Appetizer 7; Main Dish 39; Appetizer 14; Main Dish 29,bangalore,whitefield,19,9621551,12.9601612,77.6681407
Restaurant 30,Chennai,Adyar,Appetizer / Beverage,Appetizer 6; Beverage 11; Appetizer 11,3,154.6,Appetizer 6; Beverage 11; Appetizer 11,chennai,adyar,32,4646732,13.0969787,80.2670285
Restaurant 30,Chennai,Anna Nagar,Beverage / Main Course,Main Dish 38; Main Dish 34; Main Dish 8; Beverage 1,4,441.0,Main Dish 38; Main Dish 34; Main Dish 8; Beverage 1,chennai,anna nagar,50,4646732,13.0869719,80.2967307
Restaurant 30,Chennai,Nungambakkam,Beverage / Dessert / Snack,Beverage 20; Dessert 8; Snack 6,3,192.5,Beverage 20; Dessert 8; Snack 6,chennai,nungambakkam,30,4646732,13.0794917,80.149542
Restaurant 30,Chennai,Velachery,Main Course,Main Dish 42; Main Dish 46,2,359.8,Main Dish 42; Main Dish 46,chennai,velachery,22,4646732,13.0291663,80.3023647
Restaurant 30,Mumbai,Andheri,Main Course / Snack,Snack 14; Main Dish 36,2,385.5,Snack 14; Main Dish 36,mumbai,andheri,22,12442373,19.184308,72.8023668
Restaurant 30,Mumbai,Goregaon,Main Course,Main Dish 15,1,242.9,Main Dish 15,mumbai,goregaon,47,12442373,19.2277822,72.8242759
Restaurant 30,Mumbai,Juhu,Dessert / Main Course,Main Dish 10; Dessert 4,2,225.2,Main Dish 10; Dessert 4,mumbai,juhu,51,12442373,19.1555413,72.8868013
Restaurant 30,Mumbai,Powai,Main Course,Main Dish 42,1,452.5,Main Dish 42,mumbai,powai,35,12442373,19.1229372,72.831665
Restaurant 30,New Delhi,Connaught Place,Appetizer / Main Course,Appetizer 14; Main Dish 5,2,491.7,Appetizer 14; Main Dish 5,new delhi,connaught place,14,5000000,28.5717964,77.1520063
Restaurant 30,New Delhi,Hauz Khas,Beverage / Main Course,Beverage 19; Main Dish 4; Main Dish 20,3,456.5,Beverage 19; Main Dish 4; Main Dish 20,new delhi,hauz khas,33,5000000,28.5134541,77.290854
Restaurant 30,New Delhi,Rajouri Garden,Dessert / Main Course,Main Dish 40; Dessert 19; Dessert 3; Main Dish 32,4,326.1,Main Dish 40; Dessert 19; Dessert 3; Main Dish 32,new delhi,rajouri garden,35,5000000,28.6128898,77.030652
Restaurant 30,New Delhi,Saket,Beverage / Dessert / Main Course,Dessert 3; Beverage 20; Main Dish 3,3,197.7,Dessert 3; Beverage 20; Main Dish 3,new delhi,saket,55,5000000,28.4879081,77.1198228
Restaurant 30,Pune,Aundh,Beverage,Beverage 14; Beverage 10,2,230.2,Beverage 14; Beverage 10,pune,aundh,41,9429408,18.492398,73.8247826
Restaurant 30,Pune,Baner,Appetizer / Beverage,Beverage 9; Appetizer 12,2,152.5,Beverage 9; Appetizer 12,pune,baner,49,9429408,18.6193949,73.8202965
Restaurant 30,Pune,Hinjawadi,Main Course,Main Dish 49,1,371.6,Main Dish 49,pune,hinjawadi,13,9429408,18.6669155,73.7358515
Restaurant 30,Pune,Kothrud,Dessert,Dessert 10,1,376.2,Dessert 10,pune,kothrud,32,9429408,18.4306541,73.7946216
Restaurant 30,Pune,Viman Nagar,Dessert,Dessert 8,1,328.9,Dessert 8,pune,viman nagar,44,9429408,18.6333011,73.8880603
Restaurant 31,Bangalore,Jayanagar,Appetizer,Appetizer 14,1,159.4,Appetizer 14,bangalore,jayanagar,40,9621551,12.8936915,77.4926147
Restaurant 31,Bangalore,Koramangala,Appetizer / Beverage / Dessert / Main Course,Beverage 8; Dessert 10; Main Dish 34; Appetizer 14; Dessert 12,5,225.1,Beverage 8; Dessert 10; Main Dish 34; Appetizer 14; Dessert 12,bangalore,koramangala,26,9621551,13.0262653,77.6333304
Restaurant 31,Bangalore,Mg Road,Appetizer / Main Course,Main Dish 29; Appetizer 15; Appetizer 8,3,274.6,Main Dish 29; Appetizer 15; Appetizer 8,bangalore,mg road,54,9621551,12.9018839,77.6615992
Restaurant 31,Bangalore,Whitefield,Beverage / Dessert / Main Course,Main Dish 24; Dessert 8; Dessert 7; Beverage 8; Main Dish 32; Beverage 16,6,301.0,Main Dish 24; Dessert 8; Dessert 7; Beverage 8; Main Dish 32; Beverage 16,bangalore,whitefield,19,9621551,13.0833639,77.8004847
Restaurant 31,Chennai,Adyar,Appetizer,Appetizer 12,1,77.0,Appetizer 12,chennai,adyar,32,4646732,12.9328075,80.3125881
Restaurant 31,Chennai,Anna Nagar,Appetizer / Dessert / Main Course,Dessert 18; Main Dish 4; Main Dish 45; Appetizer 18,4,377.7,Dessert 18; Main Dish 4; Main Dish 45; Appetizer 18,chennai,anna nagar,50,4646732,13.0282759,80.1399657
Restaurant 31,Chennai,Nungambakkam,Dessert / Main Course,Main Dish 12; Main Dish 22; Dessert 14,3,321.3,Main Dish 12; Main Dish 22; Dessert 14,chennai,nungambakkam,30,4646732,13.1110634,80.3200011
Restaurant 31,Chennai,T. Nagar,Dessert / Snack,Snack 14; Dessert 20,2,209.1,Snack 14; Dessert 20,chennai,t. nagar,34,4646732,13.0022473,80.1420278
Restaurant 31,Chennai,Velachery,Dessert / Main Course,Main Dish 2; Main Dish 1; Main Dish 24; Dessert 16,4,397.4,Main Dish 2; Main Dish 1; Main Dish 24; Dessert 16,chennai,velachery,22,4646732,12.8895533,80.1971006
Restaurant 31,Mumbai,Andheri,Main Course,Main Dish 35; Main Dish 31,2,436.4,Main Dish 35; Main Dish 31,mumbai,andheri,22,12442373,19.101631,72.9233269
Restaurant 31,Mumbai,Bandra,Snack,Snack 4,1,175.4,Snack 4,mumbai,bandra,35,12442373,19.103499,72.8994941
Restaurant 31,Mumbai,Goregaon,Appetizer / Main Course / Snack,Snack 14; Main Dish 4; Appetizer 9; Main Dish 17,4,255.3,Snack 14; Main Dish 4; Appetizer 9; Main Dish 17,mumbai,goregaon,47,12442373,19.1352045,72.9114038
Restaurant 31,Mumbai,Juhu,Appetizer,Appetizer 18,1,232.7,Appetizer 18,mumbai,juhu,51,12442373,19.0304138,72.8164815
Restaurant 31,Mumbai,Powai,Main Course,Main Dish 8,1,640.9,Main Dish 8,mumbai,powai,35,12442373,19.1672393,72.9666214
Restaurant 31,New Delhi,Connaught Place,Beverage / Dessert / Main Course,Dessert 5; Main Dish 7; Main Dish 6; Beverage 18,4,288.9,Dessert 5; Main Dish 7; Main Dish 6; Beverage 18,new delhi,connaught place,14,5000000,28.7222982,77.2286298
Restaurant 31,New Delhi,Hauz Khas,Appetizer,Appetizer 14; Appetizer 6,2,190.8,Appetizer 14; Appetizer 6,new delhi,hauz khas,33,5000000,28.5120155,77.1115366
Restaurant 31,New Delhi,Karol Bagh,Appetizer / Main Course,Appetizer 2; Main Dish 38,2,249.4,Appetizer 2; Main Dish 38,new delhi,karol bagh,13,5000000,28.5633076,77.165328
Restaurant 31,New Delhi,Rajouri Garden,Dessert,Dessert 10,1,291.8,Dessert 10,new delhi,rajouri garden,35,5000000,28.7360925,77.162996
Restaurant 31,New Delhi,Saket,Beverage / Dessert / Main Course,Main Dish 6; Dessert 16; Beverage 6; Beverage 20,4,304.9,Main Dish 6; Dessert 16; Beverage 6; Beverage 20,new delhi,saket,55,5000000,28.6111108,77.2521668
Restaurant 31,Pune,Aundh,Dessert,Dessert 14,1,202.1,Dessert 14,pune,aundh,41,9429408,18.6037326,73.7518529
Restaurant 31,Pune,Baner,Appetizer / Beverage,Beverage 5; Appetizer 19,2,88.4,Beverage 5; Appetizer 19,pune,baner,49,9429408,18.4895083,73.7991101
Restaurant 31,Pune,Hinjawadi,Main Course,Main Dish 6,1,445.7,Main Dish 6,pune,hinjawadi,13,9429408,18.5390926,73.790613
Restaurant 31,Pune,Kothrud,Appetizer,Appetizer 4,1,96.6,Appetizer 4,pune,kothrud,32,9429408,18.5718722,73.7616139
Restaurant 31,Pune,Viman Nagar,Beverage / Snack,Snack 4; Beverage 3,2,72.0,Snack 4; Beverage 3,pune,viman nagar,44,9429408,18.5407234,73.9751882
Restaurant 32,Bangalore,Indiranagar,Beverage / Dessert / Snack,Dessert 6; Snack 12; Beverage 9; Dessert 10,4,167.6,Dessert 6; Snack 12; Beverage 9; Dessert 10,bangalore,indiranagar,50,9621551,12.9391483,77.7299764
Restaurant 32,Bangalore,Jayanagar,Appetizer / Dessert / Snack,Dessert 19; Appetizer 3; Dessert 17; Snack 6; Snack 9,5,181.5,Dessert 19; Appetizer 3; Dessert 17; Snack 6; Snack 9,bangalore,jayanagar,40,9621551,13.0168942,77.6249587
Restaurant 32,Bangalore,Koramangala,Dessert / Main Course / Snack,Snack 9; Main Dish 37; Main Dish 12; Dessert 4; Main Dish 44,5,415.3,Snack 9; Main Dish 37; Main Dish 12; Dessert 4; Main Dish 44,bangalore,koramangala,26,9621551,12.8620941,77.67889
Restaurant 32,Bangalore,Whitefield,Main Course,Main Dish 28,1,513.3,Main Dish 28,bangalore,whitefield,19,9621551,12.9016346,77.7860004
Restaurant 32,Chennai,Adyar,Dessert / Main Course,Dessert 19; Main Dish 18,2,526.6,Dessert 19; Main Dish 18,chennai,adyar,32,4646732,13.0238791,80.1668341
Restaurant 32,Chennai,Nungambakkam,Beverage / Dessert,Dessert 19; Beverage 14,2,254.8,Dessert 19; Beverage 14,chennai,nungambakkam,30,4646732,12.9714504,80.214737
Restaurant 32,Chennai,T. Nagar,Beverage,Beverage 8; Beverage 5,2,150.3,Beverage 8; Beverage 5,chennai,t. nagar,34,4646732,13.12545,80.2743718
Restaurant 32,Chennai,Velachery,Main Course,Main Dish 43,1,370.0,Main Dish 43,chennai,velachery,22,4646732,13.065089,80.1802714
Restaurant 32,Mumbai,Andheri,Beverage,Beverage 9,1,176.9,Beverage 9,mumbai,andheri,22,12442373,19.0806784,72.7768106
Restaurant 32,Mumbai,Bandra,Main Course,Main Dish 3,1,550.1,Main Dish 3,mumbai,bandra,35,12442373,18.9783715,72.8291743
Restaurant 32,Mumbai,Goregaon,Dessert,Dessert 6,1,246.0,Dessert 6,mumbai,goregaon,47,12442373,19.1447277,72.7831361
Restaurant 32,Mumbai,Juhu,Main Course,Main Dish 4; Main Dish 11,2,487.8,Main Dish 4; Main Dish 11,mumbai,juhu,51,12442373,19.1716319,72.7834738
Restaurant 32,New Delhi,Connaught Place,Appetizer / Main Course,Main Dish 21; Appetizer 19,2,156.6,Main Dish 21; Appetizer 19,new delhi,connaught place,14,5000000,28.558127,77.2741894
Restaurant 32,New Delhi,Hauz Khas,Beverage / Dessert / Main Course / Snack,Snack 8; Dessert 1; Main Dish 49; Beverage 3; Main Dish 33; Main Dish 20,6,383.6,Snack 8; Dessert 1; Main Dish 49; Beverage 3; Main Dish 33; Main Dish 20,new delhi,hauz khas,33,5000000,28.6352182,77.2438806
Restaurant 32,New Delhi,Karol Bagh,Appetizer / Dessert / Main Course,Dessert 1; Appetizer 15; Main Dish 11,3,372.8,Dessert 1; Appetizer 15; Main Dish 11,new delhi,karol bagh,13,5000000,28.7388433,77.1484988
Restaurant 32,New Delhi,Rajouri Garden,Beverage / Main Course,Beverage 12; Beverage 13; Main Dish 37,3,250.6,Beverage 12; Beverage 13; Main Dish 37,new delhi,rajouri garden,35,5000000,28.5543632,77.1485117
Restaurant 32,New Delhi,Saket,Appetizer / Beverage / Main Course,Main Dish 23; Beverage 2; Appetizer 4; Beverage 5; Main Dish 15,5,312.2,Main Dish 23; Beverage 2; Appetizer 4; Beverage 5; Main Dish 15,new delhi,saket,55,5000000,28.4293815,77.2376825
Restaurant 32,Pune,Kothrud,Main Course,Main Dish 12,1,449.5,Main Dish 12,pune,kothrud,32,9429408,18.4891952,73.882574
Restaurant 32,Pune,Viman Nagar,Appetizer / Beverage,Beverage 12; Appetizer 18; Appetizer 8,3,84.2,Beverage 12; Appetizer 18; Appetizer 8,pune,viman nagar,44,9429408,18.5502466,73.8469205
Restaurant 33,Bangalore,Indiranagar,Appetizer / Beverage,Appetizer 11; Beverage 7,2,102.6,Appetizer 11; Beverage 7,bangalore,indiranagar,50,9621551,12.9377097,77.550659
Restaurant 33,Bangalore,Jayanagar,Dessert / Main Course,Main Dish 9; Dessert 5,2,359.1,Main Dish 9; Dessert 5,bangalore,jayanagar,40,9621551,12.8351649,77.6104744
Restaurant 33,Bangalore,Mg Road,Appetizer / Beverage / Main Course,Appetizer 2; Main Dish 18; Beverage 13,3,344.9,Appetizer 2; Main Dish 18; Beverage 13,bangalore,mg road,54,9621551,12.9929555,77.5158452
Restaurant 33,Bangalore,Whitefield,Main Course,Main Dish 35,1,634.1,Main Dish 35,bangalore,whitefield,19,9621551,13.0465974,77.6730089
Restaurant 33,Chennai,Adyar,Appetizer / Dessert / Main Course / Snack,Main Dish 13; Dessert 11; Snack 8; Appetizer 14,4,277.7,Main Dish 13; Dessert 11; Snack 8; Appetizer 14,chennai,adyar,32,4646732,13.0554508,80.3372932
Restaurant 33,Chennai,Anna Nagar,Main Course,Main Dish 17,1,270.3,Main Dish 17,chennai,anna nagar,50,4646732,13.1787777,80.2165892
Restaurant 33,Chennai,Nungambakkam,Appetizer / Main Course,Main Dish 22; Main Dish 3; Appetizer 3; Main Dish 37,4,283.2,Main Dish 22; Main Dish 3; Appetizer 3; Main Dish 37,chennai,nungambakkam,30,4646732,13.1469861,80.1979078
Restaurant 33,Chennai,T. Nagar,Main Course / Snack,Snack 5; Main Dish 42,2,150.3,Snack 5; Main Dish 42,chennai,t. nagar,34,4646732,12.9437207,80.2598875
Restaurant 33,Chennai,Velachery,Beverage / Main Course,Main Dish 9; Main Dish 30; Beverage 1,3,468.2,Main Dish 9; Main Dish 30; Beverage 1,chennai,velachery,22,4646732,12.9460225,80.3123598
Restaurant 33,Mumbai,Andheri,Dessert / Main Course,Main Dish 40; Dessert 6,2,138.1,Main Dish 40; Dessert 6,mumbai,andheri,22,12442373,19.1962499,72.8716417
Restaurant 33,Mumbai,Bandra,Main Course / Snack,Snack 5; Snack 9; Main Dish 46,3,316.7,Snack 5; Snack 9; Main Dish 46,mumbai,bandra,35,12442373,19.1195896,72.7961666
Restaurant 33,Mumbai,Goregaon,Main Course,Main Dish 3,1,193.2,Main Dish 3,mumbai,goregaon,47,12442373,19.22527,72.8853225
Restaurant 33,Mumbai,Juhu,Beverage,Beverage 3,1,86.9,Beverage 3,mumbai,juhu,51,12442373,19.0889549,72.9044339
Restaurant 33,Mumbai,Powai,Dessert,Dessert 7,1,127.4,Dessert 7,mumbai,powai,35,12442373,19.0421118,72.8963016
Restaurant 33,New Delhi,Hauz Khas,Appetizer / Main Course,Appetizer 9; Main Dish 28; Main Dish 49,3,277.4,Appetizer 9; Main Dish 28; Main Dish 49,new delhi,hauz khas,33,5000000,28.4534889,77.2293963
Restaurant 33,New Delhi,Karol Bagh,Main Course / Snack,Main Dish 31; Snack 13,2,270.0,Main Dish 31; Snack 13,new delhi,karol bagh,13,5000000,28.6197768,77.2805872
Restaurant 33,New Delhi,Rajouri Garden,Beverage / Main Course,Beverage 17; Main Dish 14,2,269.1,Beverage 17; Main Dish 14,new delhi,rajouri garden,35,5000000,28.699326,77.0355202
Restaurant 33,New Delhi,Saket,Snack,Snack 2,1,120.8,Snack 2,new delhi,saket,55,5000000,28.5743443,77.124691
Restaurant 33,Pune,Aundh,Snack,Snack 1,1,99.9,Snack 1,pune,aundh,41,9429408,18.5705306,73.8822789
Restaurant 33,Pune,Baner,Beverage / Main Course,Beverage 4; Main Dish 49,2,267.6,Beverage 4; Main Dish 49,pune,baner,49,9429408,18.6008429,73.7261804
Restaurant 33,Pune,Hinjawadi,Beverage / Snack,Beverage 14; Snack 1; Beverage 19,3,118.9,Beverage 14; Snack 1; Beverage 19,pune,hinjawadi,13,9429408,18.5969709,73.6625325
Restaurant 33,Pune,Kothrud,Appetizer,Appetizer 13,1,156.9,Appetizer 13,pune,kothrud,32,9429408,18.4682426,73.7360577
Restaurant 33,Pune,Viman Nagar,Dessert / Main Course,Main Dish 22; Dessert 10,2,473.0,Main Dish 22; Dessert 10,pune,viman nagar,44,9429408,18.6307889,73.9491069
Restaurant 34,Bangalore,Indiranagar,Main Course,Main Dish 37,1,694.4,Main Dish 37,bangalore,indiranagar,50,9621551,13.0609124,77.683003
Restaurant 34,Bangalore,Jayanagar,Appetizer / Main Course,Appetizer 7; Main Dish 6,2,167.6,Appetizer 7; Main Dish 6,bangalore,jayanagar,40,9621551,12.9801277,77.4974829
Restaurant 34,Bangalore,Mg Road,Appetizer / Beverage / Dessert,Dessert 7; Beverage 14; Appetizer 14,3,155.2,Dessert 7; Beverage 14; Appetizer 14,bangalore,mg road,54,9621551,13.0245272,77.6863043
Restaurant 34,Bangalore,Whitefield,Main Course,Main Dish 24; Main Dish 48; Main Dish 36,3,385.4,Main Dish 24; Main Dish 48; Main Dish 36,bangalore,whitefield,19,9621551,13.0157813,77.8557165
Restaurant 34,Chennai,Adyar,Beverage / Dessert / Main Course / Snack,Beverage 14; Dessert 2; Snack 14; Main Dish 6,4,128.5,Beverage 14; Dessert 2; Snack 14; Main Dish 6,chennai,adyar,32,4646732,12.9158378,80.2320291
Restaurant 34,Chennai,Anna Nagar,Dessert / Main Course,Main Dish 46; Dessert 5; Dessert 12,3,427.0,Main Dish 46; Dessert 5; Dessert 12,chennai,anna nagar,50,4646732,13.0146065,80.2621488
Restaurant 34,Chennai,Nungambakkam,Main Course,Main Dish 50; Main Dish 31; Main Dish 9,3,550.9,Main Dish 50; Main Dish 31; Main Dish 9,chennai,nungambakkam,30,4646732,13.0279196,80.3299962
Restaurant 34,Chennai,Velachery,Main Course / Snack,Main Dish 7; Main Dish 10; Main Dish 4; Snack 3,4,1038.8,Main Dish 7; Main Dish 10; Main Dish 4; Snack 3,chennai,velachery,22,4646732,12.9445839,80.1330424
Restaurant 34,Mumbai,Andheri,Dessert,Dessert 1,1,358.3,Dessert 1,mumbai,andheri,22,12442373,19.0454844,72.8798624
Restaurant 34,Mumbai,Bandra,Dessert,Dessert 12,1,238.6,Dessert 12,mumbai,bandra,35,12442373,19.0369126,72.9171267
Restaurant 34,Mumbai,Goregaon,Main Course / Snack,Snack 12; Main Dish 40,2,364.1,Snack 12; Main Dish 40,mumbai,goregaon,47,12442373,19.0953834,72.8641361
Restaurant 34,Mumbai,Juhu,Appetizer,Appetizer 15,1,58.0,Appetizer 15,mumbai,juhu,51,12442373,19.0680023,72.7579176
Restaurant 34,New Delhi,Connaught Place,Beverage / Main Course,Main Dish 17; Beverage 15,2,418.0,Main Dish 17; Beverage 15,new delhi,connaught place,14,5000000,28.6491986,77.1284354
Restaurant 34,New Delhi,Hauz Khas,Appetizer / Dessert / Main Course / Snack,Snack 8; Appetizer 6; Snack 4; Dessert 2; Appetizer 1; Appetizer 8; Main Dish 46,7,194.6,Snack 8; Appetizer 6; Snack 4; Dessert 2; Appetizer 1; Appetizer 8; Main Dish 46,new delhi,hauz khas,33,5000000,28.5984517,77.1164048
Restaurant 34,New Delhi,Karol Bagh,Main Course / Snack,Snack 13; Main Dish 23; Main Dish 20,3,381.2,Snack 13; Main Dish 23; Main Dish 20,new delhi,karol bagh,13,5000000,28.6183382,77.1012698
Restaurant 34,New Delhi,Rajouri Garden,Main Course,Main Dish 38,1,355.2,Main Dish 38,new delhi,rajouri garden,35,5000000,28.6685099,77.2182278
Restaurant 34,New Delhi,Saket,Appetizer / Dessert / Main Course,Appetizer 14; Main Dish 5; Dessert 5,3,184.1,Appetizer 14; Main Dish 5; Dessert 5,new delhi,saket,55,5000000,28.5435282,77.3073986
Restaurant 34,Pune,Aundh,Dessert / Main Course,Dessert 2; Main Dish 18,2,436.1,Dessert 2; Main Dish 18,pune,aundh,41,9429408,18.5062087,73.7623638
Restaurant 34,Pune,Baner,Snack,Snack 3,1,149.5,Snack 3,pune,baner,49,9429408,18.5676409,73.8566064
Restaurant 34,Pune,Hinjawadi,Appetizer / Main Course,Main Dish 23; Appetizer 15,2,374.9,Main Dish 23; Appetizer 15,pune,hinjawadi,13,9429408,18.641273,73.7974889
Restaurant 34,Pune,Kothrud,Appetizer,Appetizer 8,1,96.2,Appetizer 8,pune,kothrud,32,9429408,18.5838141,73.8308888
Restaurant 34,Pune,Viman Nagar,Main Course,Main Dish 27,1,266.0,Main Dish 27,pune,viman nagar,44,9429408,18.5009023,73.9279205
Restaurant 35,Bangalore,Indiranagar,Dessert,Dessert 13; Dessert 6,2,153.7,Dessert 13; Dessert 6,bangalore,indiranagar,50,9621551,12.8791831,77.6685187
Restaurant 35,Bangalore,Jayanagar,Dessert / Snack,Snack 2; Dessert 6,2,224.6,Snack 2; Dessert 6,bangalore,jayanagar,40,9621551,12.9493116,77.6801905
Restaurant 35,Bangalore,Mg Road,Beverage / Main Course,Main Dish 13; Beverage 15,2,352.6,Main Dish 13; Beverage 15,bangalore,mg road,54,9621551,12.8849142,77.5810402
Restaurant 35,Bangalore,Whitefield,Appetizer / Dessert / Snack,Snack 7; Appetizer 19; Dessert 16,3,172.3,Snack 7; Appetizer 19; Dessert 16,bangalore,whitefield,19,9621551,12.914278,77.6989248
Restaurant 35,Chennai,Adyar,Appetizer / Dessert / Main Course / Snack,Main Dish 4; Appetizer 13; Main Dish 42; Dessert 13; Snack 4,5,254.5,Main Dish 4; Appetizer 13; Main Dish 42; Dessert 13; Snack 4,chennai,adyar,32,4646732,13.0913735,80.2151999
Restaurant 35,Chennai,Anna Nagar,Beverage / Main Course,Main Dish 2; Main Dish 33; Beverage 12,3,574.0,Main Dish 2; Main Dish 33; Beverage 12,chennai,anna nagar,50,4646732,13.1056781,80.1163948
Restaurant 35,Chennai,Nungambakkam,Dessert,Dessert 3,1,383.7,Dessert 3,chennai,nungambakkam,30,4646732,13.026481,80.1506788
Restaurant 35,Chennai,T. Nagar,Main Course,Main Dish 43,1,463.5,Main Dish 43,chennai,t. nagar,34,4646732,13.0886835,80.146896
Restaurant 35,Chennai,Velachery,Main Course,Main Dish 3; Main Dish 44,2,612.9,Main Dish 3; Main Dish 44,chennai,velachery,22,4646732,13.0677866,80.2653864
Restaurant 35,Mumbai,Andheri,Snack,Snack 11; Snack 10,2,67.3,Snack 11; Snack 10,mumbai,andheri,22,12442373,19.152146,72.770896
Restaurant 35,Mumbai,Bandra,Beverage / Dessert,Beverage 13; Dessert 5,2,174.3,Beverage 13; Dessert 5,mumbai,bandra,35,12442373,19.01596,72.7706104
Restaurant 35,Mumbai,Goregaon,Main Course,Main Dish 24,1,328.7,Main Dish 24,mumbai,goregaon,47,12442373,19.206718,72.7912064
Restaurant 35,New Delhi,Connaught Place,Main Course,Main Dish 48; Main Dish 41,2,468.9,Main Dish 48; Main Dish 41,new delhi,connaught place,14,5000000,28.6807703,77.2988945
Restaurant 35,New Delhi,Hauz Khas,Appetizer / Beverage / Main Course,Main Dish 21; Appetizer 18; Beverage 2,3,207.2,Main Dish 21; Appetizer 18; Beverage 2,new delhi,hauz khas,33,5000000,28.5676356,77.2991124
Restaurant 35,New Delhi,Karol Bagh,Snack,Snack 1,1,175.8,Snack 1,new delhi,karol bagh,13,5000000,28.7415409,77.2336138
Restaurant 35,New Delhi,Rajouri Garden,Main Course,Main Dish 37,1,488.7,Main Dish 37,new delhi,rajouri garden,35,5000000,28.5670066,77.0614361
Restaurant 35,Pune,Aundh,Appetizer,Appetizer 2; Appetizer 13,2,128.3,Appetizer 2; Appetizer 13,pune,aundh,41,9429408,18.6360457,73.8078321
Restaurant 35,Pune,Hinjawadi,Dessert,Dessert 14,1,374.5,Dessert 14,pune,hinjawadi,13,9429408,18.5161455,73.7271691
Restaurant 35,Pune,Viman Nagar,Snack,Snack 9,1,62.2,Snack 9,pune,viman nagar,44,9429408,18.6122369,73.8549908
Restaurant 36,Bangalore,Indiranagar,Beverage / Dessert,Beverage 17; Dessert 5,2,169.2,Beverage 17; Dessert 5,bangalore,indiranagar,50,9621551,13.0241459,77.5555272
Restaurant 36,Bangalore,Jayanagar,Dessert / Main Course / Snack,Dessert 5; Main Dish 29; Main Dish 15; Snack 11,4,309.3,Dessert 5; Main Dish 29; Main Dish 15; Snack 11,bangalore,jayanagar,40,9621551,12.8478083,77.5233988
Restaurant 36,Bangalore,Koramangala,Dessert / Main Course,Main Dish 44; Main Dish 30; Dessert 15; Main Dish 32,4,361.8,Main Dish 44; Main Dish 30; Dessert 15; Main Dish 32,bangalore,koramangala,26,9621551,12.9531657,77.533136
Restaurant 36,Bangalore,Mg Road,Main Course / Snack,Snack 3; Snack 2; Main Dish 24,3,221.5,Snack 3; Snack 2; Main Dish 24,bangalore,mg road,54,9621551,13.0604499,77.564211
Restaurant 36,Bangalore,Whitefield,Main Course,Main Dish 23,1,793.5,Main Dish 23,bangalore,whitefield,19,9621551,13.0964773,77.7463509
Restaurant 36,Chennai,Adyar,Appetizer / Dessert / Snack,Appetizer 15; Dessert 13; Snack 5,3,188.0,Appetizer 15; Dessert 13; Snack 5,chennai,adyar,32,4646732,12.972307,80.3472883
Restaurant 36,Chennai,Anna Nagar,Beverage / Dessert,Dessert 14; Dessert 3; Beverage 1,3,206.0,Dessert 14; Dessert 3; Beverage 1,chennai,anna nagar,50,4646732,13.1372498,80.2868539
Restaurant 36,Chennai,Nungambakkam,Appetizer / Beverage / Main Course,Appetizer 3; Appetizer 1; Main Dish 23; Beverage 4,4,206.2,Appetizer 3; Appetizer 1; Main Dish 23; Beverage 4,chennai,nungambakkam,30,4646732,13.1496837,80.2830228
Restaurant 36,Chennai,T. Nagar,Appetizer / Dessert / Main Course,Main Dish 43; Appetizer 9; Dessert 7,3,323.9,Main Dish 43; Appetizer 9; Dessert 7,chennai,t. nagar,34,4646732,13.0578674,80.3296036
Restaurant 36,Chennai,Velachery,Appetizer,Appetizer 14,1,185.8,Appetizer 14,chennai,velachery,22,4646732,12.8860573,80.2509021
Restaurant 36,Mumbai,Goregaon,Main Course,Main Dish 22; Main Dish 30,2,260.9,Main Dish 22; Main Dish 30,mumbai,goregaon,47,12442373,19.173516,72.9216324
Restaurant 36,Mumbai,Juhu,Beverage / Snack,Snack 7; Beverage 2,2,113.4,Snack 7; Beverage 2,mumbai,juhu,51,12442373,19.1835738,72.8527487
Restaurant 36,New Delhi,Connaught Place,Beverage / Snack,Snack 13; Beverage 13; Snack 6,3,175.2,Snack 13; Beverage 13; Snack 6,new delhi,connaught place,14,5000000,28.5411573,77.1936304
Restaurant 36,New Delhi,Hauz Khas,Beverage,Beverage 8,1,103.5,Beverage 8,new delhi,hauz khas,33,5000000,28.4661323,77.1423207
Restaurant 36,New Delhi,Karol Bagh,Beverage / Main Course,Main Dish 19; Beverage 16,2,127.6,Main Dish 19; Beverage 16,new delhi,karol bagh,13,5000000,28.5598116,77.2191295
Restaurant 36,New Delhi,Rajouri Garden,Appetizer / Dessert / Main Course,Dessert 14; Main Dish 13; Appetizer 7; Main Dish 45; Appetizer 3,5,212.3,Dessert 14; Main Dish 13; Appetizer 7; Main Dish 45; Appetizer 3,new delhi,rajouri garden,35,5000000,28.7492059,77.1088622
Restaurant 36,New Delhi,Saket,Main Course,Main Dish 40,1,390.2,Main Dish 40,new delhi,saket,55,5000000,28.4420249,77.1506069
Restaurant 36,Pune,Aundh,Beverage,Beverage 20,1,89.8,Beverage 20,pune,aundh,41,9429408,18.5082228,73.8625936
Restaurant 36,Pune,Baner,Snack,Snack 5; Snack 10,2,153.4,Snack 5; Snack 10,pune,baner,49,9429408,18.503319,73.7366913
Restaurant 36,Pune,Viman Nagar,Dessert,Dessert 9,1,201.4,Dessert 9,pune,viman nagar,44,9429408,18.5790349,73.9854168
Restaurant 37,Bangalore,Indiranagar,Beverage / Dessert / Main Course / Snack,Beverage 18; Beverage 16; Snack 11; Dessert 17; Main Dish 31,5,267.9,Beverage 18; Beverage 16; Snack 11; Dessert 17; Main Dish 31,bangalore,indiranagar,50,9621551,12.9933298,77.7382348
Restaurant 37,Bangalore,Jayanagar,Main Course,Main Dish 28,1,457.8,Main Dish 28,bangalore,jayanagar,40,9621551,13.0300076,77.5708249
Restaurant 37,Bangalore,Koramangala,Appetizer / Dessert / Main Course,Appetizer 19; Dessert 10; Main Dish 8; Appetizer 18; Dessert 8,5,264.3,Appetizer 19; Dessert 10; Main Dish 8; Appetizer 18; Dessert 8,bangalore,koramangala,26,9621551,12.9847374,77.7035951
Restaurant 37,Bangalore,Mg Road,Beverage / Dessert / Main Course,Main Dish 39; Dessert 13; Dessert 12; Beverage 9; Main Dish 22; Main Dish 29,6,344.7,Main Dish 39; Dessert 13; Dessert 12; Beverage 9; Main Dish 22; Main Dish 29,bangalore,mg road,54,9621551,12.9413834,77.6962994
Restaurant 37,Bangalore,Whitefield,Appetizer / Main Course,Appetizer 16; Main Dish 21,2,398.1,Appetizer 16; Main Dish 21,bangalore,whitefield,19,9621551,12.9287747,77.8351506
Restaurant 37,Chennai,Adyar,Main Course / Snack,Main Dish 2; Snack 9,2,251.9,Main Dish 2; Snack 9,chennai,adyar,32,4646732,12.9708684,80.1679709
Restaurant 37,Chennai,Anna Nagar,Appetizer / Beverage / Main Course,Main Dish 27; Beverage 19; Main Dish 15; Main Dish 25; Main Dish 29; Main Dish 28; Appetizer 2,7,287.4,Main Dish 27; Beverage 19; Main Dish 15; Main Dish 25; Main Dish 29; Main Dish 28; Appetizer 2,chennai,anna nagar,50,4646732,12.9976368,80.1815898
Restaurant 37,Chennai,Nungambakkam,Main Course,Main Dish 25,1,793.0,Main Dish 25,chennai,nungambakkam,30,4646732,12.9679544,80.2685385
Restaurant 37,Chennai,T. Nagar,Appetizer / Main Course / Snack,Main Dish 41; Appetizer 17; Snack 1; Appetizer 12,4,211.9,Main Dish 41; Appetizer 17; Snack 1; Appetizer 12,chennai,t. nagar,34,4646732,12.9563641,80.1728119
Restaurant 37,Chennai,Velachery,Main Course,Main Dish 49,1,510.0,Main Dish 49,chennai,velachery,22,4646732,13.0310201,80.1379106
Restaurant 37,Mumbai,Andheri,Main Course,Main Dish 8,1,299.4,Main Dish 8,mumbai,andheri,22,12442373,19.1470511,72.9247837
Restaurant 37,Mumbai,Bandra,Main Course,Main Dish 20,1,250.1,Main Dish 20,mumbai,bandra,35,12442373,19.1315315,72.8654415
Restaurant 37,Mumbai,Juhu,Dessert,Dessert 19,1,246.9,Dessert 19,mumbai,juhu,51,12442373,19.0328083,72.8609694
Restaurant 37,Mumbai,Powai,Beverage / Main Course,Beverage 20; Main Dish 44; Main Dish 15,3,336.4,Beverage 20; Main Dish 44; Main Dish 15,mumbai,powai,35,12442373,19.1833299,72.8632939
Restaurant 37,New Delhi,Connaught Place,Main Course,Main Dish 3,1,677.4,Main Dish 3,new delhi,connaught place,14,5000000,28.716693,77.1768012
Restaurant 37,New Delhi,Hauz Khas,Appetizer,Appetizer 10,1,152.6,Appetizer 10,new delhi,hauz khas,33,5000000,28.6483316,77.1897468
Restaurant 37,New Delhi,Karol Bagh,Beverage,Beverage 20; Beverage 3,2,105.4,Beverage 20; Beverage 3,new delhi,karol bagh,13,5000000,28.7047744,77.106138
Restaurant 37,Pune,Aundh,Main Course,Main Dish 18; Main Dish 46,2,378.8,Main Dish 18; Main Dish 46,pune,aundh,41,9429408,18.5661011,73.7345131
Restaurant 37,Pune,Baner,Appetizer / Dessert / Snack,Snack 6; Appetizer 8; Dessert 6,3,234.9,Snack 6; Appetizer 8; Dessert 6,pune,baner,49,9429408,18.633156,73.7821596
Restaurant 37,Pune,Hinjawadi,Appetizer,Appetizer 20,1,125.4,Appetizer 20,pune,hinjawadi,13,9429408,18.6573636,73.6941614
Restaurant 37,Pune,Kothrud,Dessert,Dessert 14,1,364.7,Dessert 14,pune,kothrud,32,9429408,18.4330486,73.8391095
Restaurant 37,Pune,Viman Nagar,Appetizer,Appetizer 17,1,146.8,Appetizer 17,pune,viman nagar,44,9429408,18.514713,73.8655017
Restaurant 38,Bangalore,Indiranagar,Appetizer / Dessert,Appetizer 9; Appetizer 12; Dessert 18,3,158.4,Appetizer 9; Appetizer 12; Dessert 18,bangalore,indiranagar,50,9621551,12.8918265,77.5814431
Restaurant 38,Bangalore,Jayanagar,Dessert / Main Course / Snack,Main Dish 44; Dessert 17; Snack 6,3,203.0,Main Dish 44; Dessert 17; Snack 6,bangalore,jayanagar,40,9621551,12.862305,77.6596246
Restaurant 38,Bangalore,Koramangala,Dessert / Main Course / Snack,Dessert 2; Dessert 10; Main Dish 34; Main Dish 49; Snack 5,5,308.8,Dessert 2; Dessert 10; Main Dish 34; Main Dish 49; Snack 5,bangalore,koramangala,26,9621551,12.8451244,77.598331
Restaurant 38,Bangalore,Mg Road,Dessert / Main Course / Snack,Main Dish 45; Snack 15; Dessert 11; Dessert 16,4,311.3,Main Dish 45; Snack 15; Dessert 11; Dessert 16,bangalore,mg road,54,9621551,12.9399448,77.516982
Restaurant 38,Bangalore,Whitefield,Appetizer / Beverage / Dessert / Main Course,Main Dish 39; Beverage 19; Dessert 14; Appetizer 4,4,236.0,Main Dish 39; Beverage 19; Dessert 14; Appetizer 4,bangalore,whitefield,19,9621551,12.992952,77.6549867
Restaurant 38,Chennai,Adyar,Beverage,Beverage 7,1,277.1,Beverage 7,chennai,adyar,32,4646732,13.0940711,80.3003149
Restaurant 38,Chennai,Anna Nagar,Beverage / Snack,Snack 14; Beverage 17,2,101.4,Snack 14; Beverage 17,chennai,anna nagar,50,4646732,13.1731725,80.1647606
Restaurant 38,Chennai,Nungambakkam,Appetizer / Beverage / Dessert,Beverage 4; Appetizer 18; Dessert 17,3,207.4,Beverage 4; Appetizer 18; Dessert 17,chennai,nungambakkam,30,4646732,13.1129172,80.155547
Restaurant 38,Chennai,T. Nagar,Appetizer / Beverage / Main Course / Snack,Snack 12; Appetizer 6; Beverage 14; Main Dish 30,4,203.8,Snack 12; Appetizer 6; Beverage 14; Main Dish 30,chennai,t. nagar,34,4646732,13.1385634,80.220238
Restaurant 38,Chennai,Velachery,Main Course,Main Dish 37,1,599.4,Main Dish 37,chennai,velachery,22,4646732,13.000204,80.3206182
Restaurant 38,Mumbai,Andheri,Dessert / Main Course,Main Dish 8; Dessert 17,2,177.8,Main Dish 8; Dessert 17,mumbai,andheri,22,12442373,19.0458897,72.8067364
Restaurant 38,Mumbai,Bandra,Appetizer,Appetizer 2,1,117.3,Appetizer 2,mumbai,bandra,35,12442373,18.980766,72.8736622
Restaurant 38,Mumbai,Goregaon,Main Course,Main Dish 43,1,672.4,Main Dish 43,mumbai,goregaon,47,12442373,19.1091941,72.8017173
Restaurant 38,Mumbai,Juhu,Appetizer / Dessert / Main Course,Appetizer 6; Main Dish 28; Appetizer 18; Dessert 10,4,246.3,Appetizer 6; Main Dish 28; Appetizer 18; Dessert 10,mumbai,juhu,51,12442373,19.1394699,72.752003
Restaurant 38,Mumbai,Powai,Main Course,Main Dish 7,1,316.9,Main Dish 7,mumbai,powai,35,12442373,19.1006529,72.984254
Restaurant 38,New Delhi,Connaught Place,Main Course,Main Dish 30,1,540.2,Main Dish 30,new delhi,connaught place,14,5000000,28.5976265,77.3088896
Restaurant 38,New Delhi,Hauz Khas,Dessert / Main Course / Snack,Main Dish 30; Snack 6; Dessert 20,3,324.6,Main Dish 30; Snack 6; Dessert 20,new delhi,hauz khas,33,5000000,28.480629,77.2785465
Restaurant 38,New Delhi,Karol Bagh,Beverage,Beverage 7,1,50.8,Beverage 7,new delhi,karol bagh,13,5000000,28.6739583,77.2888456
Restaurant 38,New Delhi,Saket,Beverage / Main Course,Main Dish 36; Beverage 1; Main Dish 38,3,419.7,Main Dish 36; Beverage 1; Main Dish 38,new delhi,saket,55,5000000,28.6242242,77.198033
Restaurant 38,Pune,Aundh,Appetizer / Beverage / Main Course / Snack,Appetizer 9; Main Dish 18; Beverage 8; Snack 3; Main Dish 29,5,238.2,Appetizer 9; Main Dish 18; Beverage 8; Snack 3; Main Dish 29,pune,aundh,41,9429408,18.6104032,73.8694695
Restaurant 38,Pune,Baner,Main Course,Main Dish 21,1,557.0,Main Dish 21,pune,baner,49,9429408,18.5053331,73.8369211
Restaurant 38,Pune,Hinjawadi,Appetizer / Snack,Snack 14; Appetizer 1,2,123.0,Snack 14; Appetizer 1,pune,hinjawadi,13,9429408,18.5746866,73.8151215
Restaurant 38,Pune,Kothrud,Snack,Snack 6,1,176.6,Snack 6,pune,kothrud,32,9429408,18.5397102,73.7301431
Restaurant 38,Pune,Viman Nagar,Main Course,Main Dish 8; Main Dish 23,2,202.4,Main Dish 8; Main Dish 23,pune,viman nagar,44,9429408,18.64455,73.91097
Restaurant 39,Bangalore,Indiranagar,Dessert / Main Course,Dessert 6; Main Dish 42,2,450.1,Dessert 6; Main Dish 42,bangalore,indiranagar,50,9621551,13.0740258,77.6288692
Restaurant 39,Bangalore,Jayanagar,Beverage,Beverage 1; Beverage 9,2,182.8,Beverage 1; Beverage 9,bangalore,jayanagar,40,9621551,12.9264823,77.4794607
Restaurant 39,Bangalore,Mg Road,Beverage,Beverage 12; Beverage 20; Beverage 14,3,142.6,Beverage 12; Beverage 20; Beverage 14,bangalore,mg road,54,9621551,13.0631475,77.649326
Restaurant 39,Bangalore,Whitefield,Appetizer / Dessert,Appetizer 18; Appetizer 19; Dessert 8,3,223.9,Appetizer 18; Appetizer 19; Dessert 8,bangalore,whitefield,19,9621551,13.067907,77.8325597
Restaurant 39,Chennai,Adyar,Main Course / Snack,Snack 8; Main Dish 40,2,118.7,Snack 8; Main Dish 40,chennai,adyar,32,4646732,12.9123418,80.2858306
Restaurant 39,Chennai,Anna Nagar,Appetizer,Appetizer 8,1,106.3,Appetizer 8,chennai,anna nagar,50,4646732,13.054106,80.296849
Restaurant 39,Chennai,Nungambakkam,Appetizer / Beverage / Main Course,Main Dish 35; Beverage 15; Appetizer 20; Beverage 20; Beverage 14,5,228.4,Main Dish 35; Beverage 15; Appetizer 20; Beverage 20; Beverage 14,chennai,nungambakkam,30,4646732,13.0821011,80.3382546
Restaurant 39,Chennai,T. Nagar,Dessert / Main Course,Main Dish 42; Main Dish 22; Dessert 15,3,392.6,Main Dish 42; Main Dish 22; Dessert 15,chennai,t. nagar,34,4646732,12.9708608,80.3090377
Restaurant 39,Chennai,Velachery,Appetizer / Main Course,Main Dish 1; Appetizer 17,2,376.9,Main Dish 1; Appetizer 17,chennai,velachery,22,4646732,12.8987007,80.1638265
Restaurant 39,Mumbai,Andheri,Beverage / Main Course,Main Dish 35; Beverage 9,2,239.1,Main Dish 35; Beverage 9,mumbai,andheri,22,12442373,19.2017029,72.8256289
Restaurant 39,Mumbai,Goregaon,Appetizer,Appetizer 16,1,102.1,Appetizer 16,mumbai,goregaon,47,12442373,19.2390311,72.8471856
Restaurant 39,Mumbai,Juhu,Appetizer / Main Course / Snack,Appetizer 10; Main Dish 39; Snack 6,3,137.7,Appetizer 10; Main Dish 39; Snack 6,mumbai,juhu,51,12442373,19.134375,72.9058907
Restaurant 39,Mumbai,Powai,Appetizer / Main Course,Main Dish 27; Appetizer 4,2,474.3,Main Dish 27; Appetizer 4,mumbai,powai,35,12442373,19.0797003,72.8377377
Restaurant 39,New Delhi,Connaught Place,Appetizer / Dessert / Main Course / Snack,Snack 3; Main Dish 36; Appetizer 8; Dessert 11; Appetizer 20,5,281.0,Snack 3; Main Dish 36; Appetizer 8; Dessert 11; Appetizer 20,new delhi,connaught place,14,5000000,28.5961879,77.1295722
Restaurant 39,New Delhi,Hauz Khas,Main Course,Main Dish 20,1,681.0,Main Dish 20,new delhi,hauz khas,33,5000000,28.5448063,77.0983826
Restaurant 39,New Delhi,Karol Bagh,Main Course,Main Dish 41,1,309.1,Main Dish 41,new delhi,karol bagh,13,5000000,28.572455,77.1320539
Restaurant 39,New Delhi,Rajouri Garden,Dessert,Dessert 18,1,249.0,Dessert 18,new delhi,rajouri garden,35,5000000,28.5815033,77.1976619
Restaurant 39,New Delhi,Saket,Main Course,Main Dish 25,1,178.2,Main Dish 25,new delhi,saket,55,5000000,28.4565216,77.2868327
Restaurant 39,Pune,Baner,Appetizer / Main Course,Main Dish 28; Main Dish 18; Appetizer 16,3,254.1,Main Dish 28; Main Dish 18; Appetizer 16,pune,baner,49,9429408,18.5632114,73.7088406
Restaurant 39,Pune,Kothrud,Dessert / Main Course,Main Dish 45; Dessert 13,2,298.7,Main Dish 45; Dessert 13,pune,kothrud,32,9429408,18.5346153,73.8840308
Restaurant 4,Bangalore,Jayanagar,Appetizer / Dessert,Appetizer 14; Appetizer 17; Dessert 1,3,185.6,Appetizer 14; Appetizer 17; Dessert 1,bangalore,jayanagar,40,9621551,13.0014373,77.6570337
Restaurant 4,Bangalore,Koramangala,Dessert / Snack,Dessert 15; Snack 13,2,225.0,Dessert 15; Snack 13,bangalore,koramangala,26,9621551,13.0206601,77.5815018
Restaurant 4,Bangalore,Mg Road,Beverage / Dessert,Dessert 18; Beverage 13; Beverage 6,3,247.2,Dessert 18; Beverage 13; Beverage 6,bangalore,mg road,54,9621551,12.8814182,77.6348417
Restaurant 4,Bangalore,Whitefield,Snack,Snack 13,1,59.1,Snack 13,bangalore,whitefield,19,9621551,12.8913337,77.7516315
Restaurant 4,Chennai,Anna Nagar,Appetizer / Main Course,Appetizer 9; Main Dish 12,2,285.6,Appetizer 9; Main Dish 12,chennai,anna nagar,50,4646732,13.0526674,80.1175316
Restaurant 4,Chennai,Nungambakkam,Appetizer / Dessert,Dessert 19; Appetizer 13,2,166.0,Dessert 19; Appetizer 13,chennai,nungambakkam,30,4646732,12.9805978,80.1814629
Restaurant 4,Chennai,T. Nagar,Appetizer / Main Course,Appetizer 19; Main Dish 42; Main Dish 30,3,459.5,Appetizer 19; Main Dish 42; Main Dish 30,chennai,t. nagar,34,4646732,13.0350381,80.1288738
Restaurant 4,Chennai,Velachery,Dessert / Main Course,Dessert 9; Main Dish 36; Dessert 4; Main Dish 20,4,356.1,Dessert 9; Main Dish 36; Dessert 4; Main Dish 20,chennai,velachery,22,4646732,13.0809,80.2112526
Restaurant 4,Mumbai,Andheri,Appetizer / Main Course,Appetizer 3; Main Dish 31,2,136.8,Appetizer 3; Main Dish 31,mumbai,andheri,22,12442373,19.0728352,72.9178143
Restaurant 4,Mumbai,Bandra,Beverage,Beverage 6,1,269.6,Beverage 6,mumbai,bandra,35,12442373,19.0874276,72.7646958
Restaurant 4,Mumbai,Goregaon,Dessert / Main Course,Main Dish 49; Main Dish 45; Dessert 16,3,450.2,Main Dish 49; Main Dish 45; Dessert 16,mumbai,goregaon,47,12442373,19.1112082,72.9019471
Restaurant 4,Mumbai,Juhu,Main Course,Main Dish 46,1,586.3,Main Dish 46,mumbai,juhu,51,12442373,19.0332136,72.7878434
Restaurant 4,Mumbai,Powai,Appetizer / Dessert,Dessert 16; Appetizer 18,2,275.5,Dessert 16; Appetizer 18,mumbai,powai,35,12442373,19.1952718,72.9325688
Restaurant 4,New Delhi,Connaught Place,Dessert / Main Course,Main Dish 6; Main Dish 12; Dessert 1; Main Dish 46,4,344.6,Main Dish 6; Main Dish 12; Dessert 1; Main Dish 46,new delhi,connaught place,14,5000000,28.7193906,77.2619162
Restaurant 4,New Delhi,Hauz Khas,Dessert,Dessert 20,1,108.1,Dessert 20,new delhi,hauz khas,33,5000000,28.6197613,77.2759556
Restaurant 4,New Delhi,Karol Bagh,Appetizer / Beverage / Main Course / Snack,Main Dish 14; Appetizer 13; Beverage 2; Snack 11,4,321.7,Main Dish 14; Appetizer 13; Beverage 2; Snack 11,new delhi,karol bagh,13,5000000,28.7546543,77.17948
Restaurant 4,New Delhi,Rajouri Garden,Dessert / Snack,Snack 12; Dessert 13,2,126.6,Snack 12; Dessert 13,new delhi,rajouri garden,35,5000000,28.6456806,77.017498
Restaurant 4,New Delhi,Saket,Beverage,Beverage 1; Beverage 20,2,98.7,Beverage 1; Beverage 20,new delhi,saket,55,5000000,28.5206989,77.1066688
Restaurant 4,Pune,Aundh,Appetizer / Main Course,Appetizer 13; Main Dish 30; Appetizer 15,3,158.5,Appetizer 13; Main Dish 30; Appetizer 15,pune,aundh,41,9429408,18.4852757,73.7991497
Restaurant 4,Pune,Baner,Appetizer / Beverage,Appetizer 4; Beverage 17,2,130.0,Appetizer 4; Beverage 17,pune,baner,49,9429408,18.6075135,73.843797
Restaurant 4,Pune,Kothrud,Beverage / Main Course,Beverage 16; Beverage 14; Main Dish 31,3,300.0,Beverage 16; Beverage 14; Main Dish 31,pune,kothrud,32,9429408,18.4334539,73.7659835
Restaurant 4,Pune,Viman Nagar,Snack,Snack 4,1,152.7,Snack 4,pune,viman nagar,44,9429408,18.5167271,73.9657315
Restaurant 40,Bangalore,Indiranagar,Main Course,Main Dish 12; Main Dish 28,2,324.8,Main Dish 12; Main Dish 28,bangalore,indiranagar,50,9621551,12.9063232,77.7176689
Restaurant 40,Bangalore,Jayanagar,Main Course,Main Dish 32,1,437.2,Main Dish 32,bangalore,jayanagar,40,9621551,12.824864,77.5761055
Restaurant 40,Bangalore,Mg Road,Main Course,Main Dish 19,1,613.4,Main Dish 19,bangalore,mg road,54,9621551,13.026381,77.5218502
Restaurant 40,Bangalore,Whitefield,Appetizer / Dessert,Dessert 8; Dessert 11; Appetizer 17,3,248.0,Dessert 8; Dessert 11; Appetizer 17,bangalore,whitefield,19,9621551,13.0776194,77.6915758
Restaurant 40,Chennai,Adyar,Beverage / Main Course,Beverage 5; Main Dish 42; Main Dish 16,3,361.3,Beverage 5; Main Dish 42; Main Dish 16,chennai,adyar,32,4646732,13.0573046,80.1728391
Restaurant 40,Chennai,Anna Nagar,Appetizer / Dessert / Main Course,Main Dish 30; Main Dish 15; Dessert 17; Appetizer 10,4,374.9,Main Dish 30; Main Dish 15; Dessert 17; Appetizer 10,chennai,anna nagar,50,4646732,13.1758701,80.2498756
Restaurant 40,Chennai,Nungambakkam,Beverage,Beverage 13; Beverage 4,2,256.3,Beverage 13; Beverage 4,chennai,nungambakkam,30,4646732,13.1627971,80.228889
Restaurant 40,Chennai,T. Nagar,Appetizer / Main Course,Appetizer 20; Main Dish 8,2,292.0,Appetizer 20; Main Dish 8,chennai,t. nagar,34,4646732,13.1099931,80.3064468
Restaurant 40,Chennai,Velachery,Main Course,Main Dish 8,1,396.3,Main Dish 8,chennai,velachery,22,4646732,12.9131974,80.3000523
Restaurant 40,Mumbai,Andheri,Appetizer / Main Course,Main Dish 2; Appetizer 8,2,392.6,Main Dish 2; Appetizer 8,mumbai,andheri,22,12442373,19.1058983,72.7613322
Restaurant 40,Mumbai,Goregaon,Appetizer,Appetizer 20,1,137.8,Appetizer 20,mumbai,goregaon,47,12442373,19.1690865,72.7738666
Restaurant 40,Mumbai,Juhu,Appetizer / Main Course,Main Dish 2; Appetizer 3,2,128.8,Main Dish 2; Appetizer 3,mumbai,juhu,51,12442373,19.1890268,72.8067359
Restaurant 40,Mumbai,Powai,Appetizer / Dessert,Dessert 20; Appetizer 10,2,133.4,Dessert 20; Appetizer 10,mumbai,powai,35,12442373,19.0445063,72.9407895
Restaurant 40,New Delhi,Connaught Place,Dessert,Dessert 17; Dessert 5,2,279.1,Dessert 17; Dessert 5,new delhi,connaught place,14,5000000,28.5376613,77.2474319
Restaurant 40,New Delhi,Hauz Khas,Appetizer / Beverage / Main Course / Snack,Main Dish 10; Beverage 16; Snack 7; Snack 15; Beverage 20; Appetizer 7,6,188.9,Main Dish 10; Beverage 16; Snack 7; Snack 15; Beverage 20; Appetizer 7,new delhi,hauz khas,33,5000000,28.443188,77.1950274
Restaurant 40,New Delhi,Karol Bagh,Appetizer / Beverage,Appetizer 9; Beverage 10,2,165.4,Appetizer 9; Beverage 10,new delhi,karol bagh,13,5000000,28.5869517,77.2682797
Restaurant 40,New Delhi,Rajouri Garden,Appetizer / Dessert / Main Course,Main Dish 18; Appetizer 19; Dessert 14,3,279.4,Main Dish 18; Appetizer 19; Dessert 14,new delhi,rajouri garden,35,5000000,28.7206356,77.195071
Restaurant 40,New Delhi,Saket,Dessert / Main Course,Main Dish 24; Dessert 7,2,270.1,Main Dish 24; Dessert 7,new delhi,saket,55,5000000,28.5956539,77.2842418
Restaurant 40,Pune,Aundh,Main Course,Main Dish 34,1,772.2,Main Dish 34,pune,aundh,41,9429408,18.6264938,73.766142
Restaurant 40,Pune,Kothrud,Dessert,Dessert 7,1,253.1,Dessert 7,pune,kothrud,32,9429408,18.5892671,73.784876
Restaurant 40,Pune,Viman Nagar,Appetizer,Appetizer 13,1,67.2,Appetizer 13,pune,viman nagar,44,9429408,18.5746054,73.837651
Restaurant 41,Bangalore,Indiranagar,Beverage / Main Course,Main Dish 10; Beverage 13,2,327.8,Main Dish 10; Beverage 13,bangalore,indiranagar,50,9621551,12.9705005,77.537505
Restaurant 41,Bangalore,Jayanagar,Appetizer / Beverage / Snack,Appetizer 13; Beverage 16; Snack 11,3,160.7,Appetizer 13; Beverage 16; Snack 11,bangalore,jayanagar,40,9621551,13.0111497,77.5160498
Restaurant 41,Bangalore,Mg Road,Appetizer,Appetizer 19,1,186.6,Appetizer 19,bangalore,mg road,54,9621551,12.9955649,77.7045578
Restaurant 41,Bangalore,Whitefield,Appetizer / Beverage / Main Course,Appetizer 16; Main Dish 33; Beverage 2; Main Dish 20,4,250.7,Appetizer 16; Main Dish 33; Beverage 2; Main Dish 20,bangalore,whitefield,19,9621551,12.9800863,77.8629885
Restaurant 41,Chennai,Adyar,Appetizer / Main Course,Main Dish 20; Main Dish 21; Appetizer 20,3,306.9,Main Dish 20; Main Dish 21; Appetizer 20,chennai,adyar,32,4646732,13.0264885,80.3555467
Restaurant 41,Chennai,Anna Nagar,Beverage / Dessert / Main Course,Beverage 20; Main Dish 41; Dessert 5,3,151.2,Beverage 20; Main Dish 41; Dessert 5,chennai,anna nagar,50,4646732,12.9941408,80.2353913
Restaurant 41,Chennai,Nungambakkam,Appetizer / Beverage,Beverage 6; Appetizer 20,2,107.5,Beverage 6; Appetizer 20,chennai,nungambakkam,30,4646732,12.9950945,80.3176887
Restaurant 41,Chennai,T. Nagar,Beverage / Dessert / Main Course / Snack,Snack 15; Dessert 2; Main Dish 17; Beverage 3,4,164.8,Snack 15; Dessert 2; Main Dish 17; Beverage 3,chennai,t. nagar,34,4646732,12.9334198,80.2255186
Restaurant 41,Chennai,Velachery,Dessert / Main Course / Snack,Dessert 13; Dessert 5; Main Dish 22; Snack 14,4,295.8,Dessert 13; Dessert 5; Main Dish 22; Snack 14,chennai,velachery,22,4646732,12.9773747,80.1198884
Restaurant 41,Mumbai,Andheri,Appetizer / Beverage / Dessert / Main Course,Dessert 18; Beverage 3; Appetizer 14; Main Dish 26; Appetizer 17; Main Dish 48,6,345.4,Dessert 18; Beverage 3; Appetizer 14; Main Dish 26; Appetizer 17; Main Dish 48,mumbai,andheri,22,12442373,19.1879771,72.9003363
Restaurant 41,Mumbai,Bandra,Main Course,Main Dish 38,1,315.0,Main Dish 38,mumbai,bandra,35,12442373,19.0823327,72.9185835
Restaurant 41,Mumbai,Goregaon,Dessert,Dessert 18,1,160.8,Dessert 18,mumbai,goregaon,47,12442373,19.2133886,72.908823
Restaurant 41,New Delhi,Hauz Khas,Beverage / Main Course,Main Dish 38; Main Dish 30; Beverage 19,3,438.3,Main Dish 38; Main Dish 30; Beverage 19,new delhi,hauz khas,33,5000000,28.6294737,77.1349717
Restaurant 41,New Delhi,Saket,Appetizer / Main Course / Snack,Main Dish 35; Snack 8; Appetizer 17,3,330.7,Main Dish 35; Snack 8; Appetizer 17,new delhi,saket,55,5000000,28.4190806,77.2033136
Restaurant 41,Pune,Aundh,Dessert / Main Course,Dessert 16; Main Dish 1,2,295.7,Dessert 16; Main Dish 1,pune,aundh,41,9429408,18.5438168,73.8871021
Restaurant 41,Pune,Kothrud,Snack,Snack 13,1,131.8,Snack 13,pune,kothrud,32,9429408,18.4603994,73.8770614
Restaurant 41,Pune,Viman Nagar,Main Course,Main Dish 44,1,386.9,Main Dish 44,pune,viman nagar,44,9429408,18.6189075,73.9726074
Restaurant 42,Bangalore,Indiranagar,Dessert,Dessert 9,1,364.9,Dessert 9,bangalore,indiranagar,50,9621551,13.0454555,77.715078
Restaurant 42,Bangalore,Jayanagar,Main Course,Main Dish 38,1,335.0,Main Dish 38,bangalore,jayanagar,40,9621551,12.9136166,77.6874625
Restaurant 42,Bangalore,Koramangala,Dessert / Main Course,Main Dish 42; Main Dish 37; Dessert 7,3,263.9,Main Dish 42; Main Dish 37; Dessert 7,bangalore,koramangala,26,9621551,12.9015936,77.7135902
Restaurant 42,Bangalore,Mg Road,Main Course / Snack,Snack 5; Main Dish 6; Main Dish 10; Main Dish 28,4,334.4,Snack 5; Main Dish 6; Main Dish 10; Main Dish 28,bangalore,mg road,54,9621551,12.8940616,77.5477661
Restaurant 42,Bangalore,Whitefield,Appetizer / Main Course,Appetizer 7; Main Dish 7; Appetizer 5; Main Dish 50,4,184.1,Appetizer 7; Main Dish 7; Appetizer 5; Main Dish 50,bangalore,whitefield,19,9621551,12.9358864,77.6692573
Restaurant 42,Chennai,Adyar,Dessert,Dessert 4; Dessert 16,2,297.8,Dessert 4; Dessert 16,chennai,adyar,32,4646732,12.9249852,80.198755
Restaurant 42,Chennai,Anna Nagar,Dessert / Main Course,Main Dish 30; Dessert 13,2,520.7,Main Dish 30; Dessert 13,chennai,anna nagar,50,4646732,13.1391036,80.1223998
Restaurant 42,Chennai,Nungambakkam,Appetizer / Main Course,Appetizer 18; Appetizer 5; Main Dish 46,3,334.9,Appetizer 18; Appetizer 5; Main Dish 46,chennai,nungambakkam,30,4646732,13.0592718,80.1375248
Restaurant 42,Chennai,T. Nagar,Main Course / Snack,Snack 11; Main Dish 46; Snack 7,3,140.2,Snack 11; Main Dish 46; Snack 7,chennai,t. nagar,34,4646732,13.1197055,80.1654629
Restaurant 42,Chennai,Velachery,Beverage / Main Course / Snack,Main Dish 9; Beverage 7; Snack 9,3,198.7,Main Dish 9; Beverage 7; Snack 9,chennai,velachery,22,4646732,13.0523297,80.2974614
Restaurant 42,Mumbai,Andheri,Snack,Snack 10,1,56.2,Snack 10,mumbai,andheri,22,12442373,19.032133,72.8528457
Restaurant 42,Mumbai,Bandra,Beverage / Dessert / Snack,Snack 10; Beverage 9; Dessert 9; Dessert 7,4,227.5,Snack 10; Beverage 9; Dessert 9; Dessert 7,mumbai,bandra,35,12442373,18.9811713,72.8005362
Restaurant 42,Mumbai,Goregaon,Appetizer,Appetizer 10; Appetizer 4,2,129.9,Appetizer 10; Appetizer 4,mumbai,goregaon,47,12442373,19.0882611,72.8385032
Restaurant 42,Mumbai,Juhu,Appetizer / Dessert,Dessert 1; Appetizer 8,2,250.5,Dessert 1; Appetizer 8,mumbai,juhu,51,12442373,19.0601591,72.8989213
Restaurant 42,Mumbai,Powai,Appetizer,Appetizer 11,1,245.8,Appetizer 11,mumbai,powai,35,12442373,19.1511679,72.8318231
Restaurant 42,New Delhi,Connaught Place,Appetizer / Snack,Snack 12; Appetizer 15; Appetizer 19,3,146.6,Snack 12; Appetizer 15; Appetizer 19,new delhi,connaught place,14,5000000,28.6826241,77.1344404
Restaurant 42,New Delhi,Hauz Khas,Beverage,Beverage 4,1,40.6,Beverage 4,new delhi,hauz khas,33,5000000,28.5319406,77.3063844
Restaurant 42,New Delhi,Karol Bagh,Main Course,Main Dish 33,1,483.0,Main Dish 33,new delhi,karol bagh,13,5000000,28.651129,77.0881158
Restaurant 42,New Delhi,Rajouri Garden,Beverage / Dessert / Main Course,Main Dish 26; Main Dish 34; Dessert 3; Beverage 17,4,346.9,Main Dish 26; Main Dish 34; Dessert 3; Beverage 17,new delhi,rajouri garden,35,5000000,28.5440623,77.1141428
Restaurant 42,Pune,Aundh,Dessert,Dessert 7,1,138.7,Dessert 7,pune,aundh,41,9429408,18.5228642,73.7405858
Restaurant 42,Pune,Kothrud,Beverage,Beverage 13,1,150.2,Beverage 13,pune,kothrud,32,9429408,18.4934625,73.7205793
Restaurant 42,Pune,Viman Nagar,Beverage,Beverage 19,1,154.6,Beverage 19,pune,viman nagar,44,9429408,18.49378,73.9022876
Restaurant 43,Bangalore,Indiranagar,Main Course,Main Dish 38; Main Dish 26,2,559.6,Main Dish 38; Main Dish 26,bangalore,indiranagar,50,9621551,12.8688822,77.6341498
Restaurant 43,Bangalore,Jayanagar,Appetizer,Appetizer 15,1,77.1,Appetizer 15,bangalore,jayanagar,40,9621551,12.8694167,77.4937313
Restaurant 43,Bangalore,Koramangala,Appetizer / Dessert,Appetizer 19; Dessert 12; Dessert 2; Dessert 8,4,222.0,Appetizer 19; Dessert 12; Dessert 2; Dessert 8,bangalore,koramangala,26,9621551,12.900155,77.5342728
Restaurant 43,Bangalore,Whitefield,Main Course,Main Dish 21,1,187.5,Main Dish 21,bangalore,whitefield,19,9621551,13.1005674,77.7831012
Restaurant 43,Chennai,Adyar,Appetizer / Dessert,Dessert 9; Appetizer 3; Appetizer 13,3,124.8,Dessert 9; Appetizer 3; Appetizer 13,chennai,adyar,32,4646732,13.1071845,80.2461811
Restaurant 43,Chennai,Anna Nagar,Beverage / Main Course / Snack,Snack 11; Main Dish 32; Beverage 9; Beverage 7,4,297.9,Snack 11; Main Dish 32; Beverage 9; Beverage 7,chennai,anna nagar,50,4646732,13.1082875,80.3051074
Restaurant 43,Chennai,Nungambakkam,Beverage,Beverage 16,1,103.3,Beverage 16,chennai,nungambakkam,30,4646732,13.1342268,80.3150978
Restaurant 43,Chennai,T. Nagar,Main Course,Main Dish 9,1,702.5,Main Dish 9,chennai,t. nagar,34,4646732,13.0221724,80.3368756
Restaurant 43,Chennai,Velachery,Appetizer / Main Course,Main Dish 37; Appetizer 12,2,450.7,Main Dish 37; Appetizer 12,chennai,velachery,22,4646732,12.8757564,80.2165332
Restaurant 43,Mumbai,Andheri,Snack,Snack 2,1,178.9,Snack 2,mumbai,andheri,22,12442373,19.1804734,72.7819515
Restaurant 43,Mumbai,Bandra,Beverage,Beverage 7,1,162.3,Beverage 7,mumbai,bandra,35,12442373,19.1369845,72.8194287
Restaurant 43,Mumbai,Goregaon,Appetizer,Appetizer 8,1,70.7,Appetizer 8,mumbai,goregaon,47,12442373,19.2294792,72.8054955
Restaurant 43,Mumbai,Juhu,Appetizer,Appetizer 10,1,155.2,Appetizer 10,mumbai,juhu,51,12442373,19.0932222,72.7424392
Restaurant 43,Mumbai,Powai,Appetizer,Appetizer 9,1,229.2,Appetizer 9,mumbai,powai,35,12442373,19.146073,72.9857108
Restaurant 43,New Delhi,Connaught Place,Appetizer / Main Course,Appetizer 3; Main Dish 31; Main Dish 42,3,446.5,Appetizer 3; Main Dish 31; Main Dish 42,new delhi,connaught place,14,5000000,28.651808,77.317148
Restaurant 43,New Delhi,Hauz Khas,Main Course,Main Dish 49; Main Dish 20,2,404.8,Main Dish 49; Main Dish 20,new delhi,hauz khas,33,5000000,28.4877407,77.1126532
Restaurant 43,New Delhi,Karol Bagh,Beverage / Main Course,Main Dish 12; Beverage 16,2,420.5,Main Dish 12; Beverage 16,new delhi,karol bagh,13,5000000,28.726084,77.2656888
Restaurant 43,New Delhi,Rajouri Garden,Dessert / Main Course,Main Dish 44; Main Dish 20; Dessert 10,3,370.1,Main Dish 44; Main Dish 20; Dessert 10,new delhi,rajouri garden,35,5000000,28.730348,77.0540871
Restaurant 43,New Delhi,Saket,Appetizer / Main Course,Main Dish 19; Main Dish 9; Appetizer 7; Appetizer 19,4,336.1,Main Dish 19; Main Dish 9; Appetizer 7; Appetizer 19,new delhi,saket,55,5000000,28.6053663,77.1432579
Restaurant 43,Pune,Aundh,Main Course,Main Dish 7,1,518.4,Main Dish 7,pune,aundh,41,9429408,18.6384357,73.8354169
Restaurant 43,Pune,Hinjawadi,Main Course,Main Dish 36; Main Dish 34; Main Dish 4,3,430.1,Main Dish 36; Main Dish 34; Main Dish 4,pune,hinjawadi,13,9429408,18.553734,73.6686052
Restaurant 43,Pune,Kothrud,Appetizer / Beverage / Main Course,Appetizer 10; Main Dish 24; Beverage 16,3,267.2,Appetizer 10; Main Dish 24; Beverage 16,pune,kothrud,32,9429408,18.5755413,73.8595834
Restaurant 44,Bangalore,Indiranagar,Appetizer / Main Course,Appetizer 17; Main Dish 22,2,376.3,Appetizer 17; Main Dish 22,bangalore,indiranagar,50,9621551,13.0551679,77.5740941
Restaurant 44,Bangalore,Jayanagar,Appetizer / Main Course,Main Dish 24; Main Dish 32; Main Dish 21; Appetizer 19,4,408.8,Main Dish 24; Main Dish 32; Main Dish 21; Appetizer 19,bangalore,jayanagar,40,9621551,13.0340977,77.6075752
Restaurant 44,Bangalore,Koramangala,Dessert / Main Course / Snack,Main Dish 14; Dessert 8; Snack 6,3,181.2,Main Dish 14; Dessert 8; Snack 6,bangalore,koramangala,26,9621551,13.0233577,77.6666168
Restaurant 44,Bangalore,Mg Road,Appetizer / Beverage / Snack,Beverage 12; Snack 9; Appetizer 16,3,175.7,Beverage 12; Snack 9; Appetizer 16,bangalore,mg road,54,9621551,13.0762609,77.5951922
Restaurant 44,Bangalore,Whitefield,Dessert / Main Course / Snack,Snack 8; Dessert 19; Main Dish 40,3,282.8,Snack 8; Dessert 19; Main Dish 40,bangalore,whitefield,19,9621551,12.9007587,77.8105985
Restaurant 44,Chennai,Anna Nagar,Appetizer / Main Course,Appetizer 20; Main Dish 6,2,138.6,Appetizer 20; Main Dish 6,chennai,anna nagar,50,4646732,13.0067842,80.1483157
Restaurant 44,Chennai,Nungambakkam,Main Course / Snack,Main Dish 33; Snack 6,2,265.7,Main Dish 33; Snack 6,chennai,nungambakkam,30,4646732,12.9576535,80.2341696
Restaurant 44,Chennai,T. Nagar,Dessert,Dessert 9,1,176.1,Dessert 9,chennai,t. nagar,34,4646732,12.9779725,80.1431444
Restaurant 44,Chennai,Velachery,Beverage / Main Course,Main Dish 25; Beverage 7; Main Dish 41,3,581.1,Main Dish 25; Beverage 7; Main Dish 41,chennai,velachery,22,4646732,13.0620421,80.1564775
Restaurant 44,Mumbai,Andheri,Dessert,Dessert 13,1,391.4,Dessert 13,mumbai,andheri,22,12442373,19.1184205,72.9358114
Restaurant 44,Mumbai,Juhu,Main Course,Main Dish 46,1,607.2,Main Dish 46,mumbai,juhu,51,12442373,19.175301,72.8814433
Restaurant 44,New Delhi,Hauz Khas,Appetizer / Main Course,Appetizer 6; Main Dish 10,2,275.3,Appetizer 6; Main Dish 10,new delhi,hauz khas,33,5000000,28.6524217,77.2264971
Restaurant 44,New Delhi,Karol Bagh,Dessert,Dessert 1,1,324.2,Dessert 1,new delhi,karol bagh,13,5000000,28.5495107,77.1847606
Restaurant 44,New Delhi,Rajouri Garden,Beverage / Dessert / Main Course,Dessert 3; Main Dish 49; Beverage 2; Main Dish 42,4,418.1,Dessert 3; Main Dish 49; Beverage 2; Main Dish 42,new delhi,rajouri garden,35,5000000,28.6328149,77.2254998
Restaurant 44,New Delhi,Saket,Beverage / Dessert,Dessert 4; Beverage 12,2,297.8,Dessert 4; Beverage 12,new delhi,saket,55,5000000,28.5078332,77.3146706
Restaurant 44,Pune,Aundh,Main Course / Snack,Snack 3; Main Dish 4; Main Dish 9,3,391.7,Snack 3; Main Dish 4; Main Dish 9,pune,aundh,41,9429408,18.4876702,73.8436376
Restaurant 44,Pune,Baner,Main Course,Main Dish 13; Main Dish 21,2,562.0,Main Dish 13; Main Dish 21,pune,baner,49,9429408,18.482386,73.7734772
Restaurant 44,Pune,Kothrud,Appetizer,Appetizer 2,1,151.2,Appetizer 2,pune,kothrud,32,9429408,18.4196972,73.8120928
Restaurant 44,Pune,Viman Nagar,Beverage / Main Course,Beverage 10; Main Dish 7; Main Dish 19,3,353.7,Beverage 10; Main Dish 7; Main Dish 19,pune,viman nagar,44,9429408,18.6349981,73.8692799
Restaurant 45,Bangalore,Indiranagar,Appetizer / Beverage / Main Course,Beverage 20; Main Dish 48; Main Dish 20; Appetizer 8; Main Dish 33,5,322.0,Beverage 20; Main Dish 48; Main Dish 20; Appetizer 8; Main Dish 33,bangalore,indiranagar,50,9621551,12.9576348,77.7455068
Restaurant 45,Bangalore,Jayanagar,Appetizer / Main Course,Main Dish 4; Appetizer 6,2,231.2,Main Dish 4; Appetizer 6,bangalore,jayanagar,40,9621551,12.834289,77.6350725
Restaurant 45,Bangalore,Koramangala,Dessert,Dessert 19,1,348.9,Dessert 19,bangalore,koramangala,26,9621551,12.8416284,77.6521325
Restaurant 45,Bangalore,Whitefield,Appetizer,Appetizer 12,1,105.1,Appetizer 12,bangalore,whitefield,19,9621551,13.0304704,77.6542071
Restaurant 45,Chennai,Adyar,Appetizer / Main Course,Appetizer 11; Main Dish 39,2,273.8,Appetizer 11; Main Dish 39,chennai,adyar,32,4646732,12.9394819,80.3349808
Restaurant 45,Chennai,Anna Nagar,Snack,Snack 9,1,159.3,Snack 9,chennai,anna nagar,50,4646732,13.1889835,80.1957418
Restaurant 45,Chennai,T. Nagar,Beverage / Dessert,Dessert 7; Beverage 14; Beverage 15,3,121.3,Dessert 7; Beverage 14; Beverage 15,chennai,t. nagar,34,4646732,13.1426535,80.2569883
Restaurant 45,Chennai,Velachery,Appetizer / Beverage / Main Course,Appetizer 6; Beverage 3; Main Dish 38,3,233.7,Appetizer 6; Beverage 3; Main Dish 38,chennai,velachery,22,4646732,12.964509,80.3278902
Restaurant 45,Mumbai,Andheri,Appetizer,Appetizer 12,1,105.3,Appetizer 12,mumbai,andheri,22,12442373,19.0597245,72.7790464
Restaurant 45,Mumbai,Bandra,Main Course,Main Dish 38,1,468.6,Main Dish 38,mumbai,bandra,35,12442373,19.0081168,72.9116141
Restaurant 45,Mumbai,Goregaon,Dessert,Dessert 12,1,143.1,Dessert 12,mumbai,goregaon,47,12442373,19.1468022,72.9264556
Restaurant 45,Mumbai,Juhu,Dessert,Dessert 7,1,342.9,Dessert 7,mumbai,juhu,51,12442373,19.0194569,72.8339527
Restaurant 45,Mumbai,Powai,Appetizer,Appetizer 7,1,122.9,Appetizer 7,mumbai,powai,35,12442373,19.0449116,72.8676635
Restaurant 45,New Delhi,Connaught Place,Appetizer / Beverage / Main Course,Appetizer 17; Beverage 13; Main Dish 11,3,180.9,Appetizer 17; Beverage 13; Main Dish 11,new delhi,connaught place,14,5000000,28.5503047,77.1603563
Restaurant 45,New Delhi,Hauz Khas,Beverage / Dessert / Main Course,Beverage 6; Main Dish 28; Dessert 1; Main Dish 17; Main Dish 13,5,254.3,Beverage 6; Main Dish 28; Dessert 1; Main Dish 17; Main Dish 13,new delhi,hauz khas,33,5000000,28.452613,77.2539944
Restaurant 45,New Delhi,Karol Bagh,Appetizer / Dessert / Snack,Appetizer 12; Dessert 6; Snack 9; Dessert 11,4,158.0,Appetizer 12; Dessert 6; Snack 9; Dessert 11,new delhi,karol bagh,13,5000000,28.7357964,77.1247049
Restaurant 45,New Delhi,Rajouri Garden,Dessert,Dessert 1,1,337.8,Dessert 1,new delhi,rajouri garden,35,5000000,28.588615,77.0317686
Restaurant 45,New Delhi,Saket,Dessert / Main Course,Main Dish 13; Dessert 9; Dessert 13,3,413.6,Main Dish 13; Dessert 9; Dessert 13,new delhi,saket,55,5000000,28.4636333,77.1209394
Restaurant 45,Pune,Aundh,Main Course,Main Dish 6; Main Dish 23,2,508.6,Main Dish 6; Main Dish 23,pune,aundh,41,9429408,18.5943318,73.7346712
Restaurant 45,Pune,Baner,Beverage,Beverage 2,1,221.6,Beverage 2,pune,baner,49,9429408,18.6236041,73.7404695
Restaurant 45,Pune,Kothrud,Beverage / Main Course,Beverage 16; Main Dish 34,2,130.0,Beverage 16; Main Dish 34,pune,kothrud,32,9429408,18.5680376,73.7411986
Restaurant 45,Pune,Viman Nagar,Beverage,Beverage 9,1,150.4,Beverage 9,pune,viman nagar,44,9429408,18.5523211,73.99024
Restaurant 46,Bangalore,Indiranagar,Appetizer / Beverage / Dessert / Main Course,Appetizer 16; Main Dish 42; Appetizer 4; Appetizer 15; Dessert 8; Beverage 5,6,219.1,Appetizer 16; Main Dish 42; Appetizer 4; Appetizer 15; Dessert 8; Beverage 5,bangalore,indiranagar,50,9621551,12.9134349,77.5517756
Restaurant 46,Bangalore,Jayanagar,Beverage / Main Course,Main Dish 23; Beverage 3; Beverage 6,3,291.6,Main Dish 23; Beverage 3; Beverage 6,bangalore,jayanagar,40,9621551,12.9640007,77.4786811
Restaurant 46,Bangalore,Koramangala,Beverage / Dessert,Beverage 17; Dessert 4,2,304.4,Beverage 17; Dessert 4,bangalore,koramangala,26,9621551,12.9865912,77.539141
Restaurant 46,Bangalore,Mg Road,Appetizer / Beverage / Snack,Snack 3; Beverage 8; Beverage 4; Appetizer 15,4,105.6,Snack 3; Beverage 8; Beverage 4; Appetizer 15,bangalore,mg road,54,9621551,12.9085583,77.6839919
Restaurant 46,Bangalore,Whitefield,Appetizer,Appetizer 15; Appetizer 4; Appetizer 3,3,218.0,Appetizer 15; Appetizer 4; Appetizer 3,bangalore,whitefield,19,9621551,13.0405378,77.8586338
Restaurant 46,Chennai,Adyar,Dessert / Main Course,Dessert 15; Main Dish 34,2,312.1,Dessert 15; Main Dish 34,chennai,adyar,32,4646732,13.0036592,80.1548169
Restaurant 46,Chennai,Nungambakkam,Beverage / Main Course,Beverage 5; Main Dish 24; Main Dish 12,3,439.5,Beverage 5; Main Dish 24; Main Dish 12,chennai,nungambakkam,30,4646732,13.1439392,80.1741139
Restaurant 46,Chennai,T. Nagar,Beverage / Dessert,Dessert 11; Beverage 20,2,305.3,Dessert 11; Beverage 20,chennai,t. nagar,34,4646732,12.9428448,80.2844856
Restaurant 46,Chennai,Velachery,Main Course,Main Dish 8; Main Dish 18,2,487.8,Main Dish 8; Main Dish 18,chennai,velachery,22,4646732,12.9203091,80.134159
Restaurant 46,Mumbai,Andheri,Dessert,Dessert 2,1,269.0,Dessert 2,mumbai,andheri,22,12442373,19.2102263,72.8556699
Restaurant 46,Mumbai,Bandra,Beverage / Main Course,Beverage 9; Main Dish 44; Main Dish 22,3,325.0,Beverage 9; Main Dish 44; Main Dish 22,mumbai,bandra,35,12442373,19.0411799,72.755132
Restaurant 46,Mumbai,Juhu,Main Course,Main Dish 26,1,489.9,Main Dish 26,mumbai,juhu,51,12442373,19.1677973,72.7630585
Restaurant 46,Mumbai,Powai,Appetizer / Main Course,Appetizer 6; Main Dish 36,2,193.1,Appetizer 6; Main Dish 36,mumbai,powai,35,12442373,19.2007248,72.886556
Restaurant 46,New Delhi,Connaught Place,Beverage / Main Course,Beverage 4; Main Dish 24; Main Dish 27,3,149.7,Beverage 4; Main Dish 24; Main Dish 27,new delhi,connaught place,14,5000000,28.732504,77.2077824
Restaurant 46,New Delhi,Hauz Khas,Appetizer / Beverage / Main Course,Beverage 7; Appetizer 18; Main Dish 40; Beverage 17,4,174.8,Beverage 7; Appetizer 18; Main Dish 40; Beverage 17,new delhi,hauz khas,33,5000000,28.5823247,77.097603
Restaurant 46,New Delhi,Karol Bagh,Appetizer / Main Course,Main Dish 28; Appetizer 14,2,217.8,Main Dish 28; Appetizer 14,new delhi,karol bagh,13,5000000,28.6382633,77.2961176
Restaurant 46,New Delhi,Rajouri Garden,Appetizer / Beverage / Main Course,Appetizer 15; Main Dish 33; Main Dish 46; Beverage 20; Appetizer 1,5,287.2,Appetizer 15; Main Dish 33; Main Dish 46; Beverage 20; Appetizer 1,new delhi,rajouri garden,35,5000000,28.753296,77.1456125
Restaurant 46,New Delhi,Saket,Beverage / Main Course,Main Dish 10; Beverage 15,2,372.5,Main Dish 10; Beverage 15,new delhi,saket,55,5000000,28.6283143,77.2347833
Restaurant 46,Pune,Baner,Dessert,Dessert 17,1,226.1,Dessert 17,pune,baner,49,9429408,18.5409271,73.8614296
Restaurant 46,Pune,Hinjawadi,Appetizer / Main Course,Appetizer 4; Main Dish 36,2,378.6,Appetizer 4; Main Dish 36,pune,hinjawadi,13,9429408,18.6693055,73.7634363
Restaurant 46,Pune,Kothrud,Main Course,Main Dish 16,1,508.3,Main Dish 16,pune,kothrud,32,9429408,18.5059847,73.8950585
Restaurant 47,Bangalore,Indiranagar,Snack,Snack 1,1,111.9,Snack 1,bangalore,indiranagar,50,9621551,13.0781159,77.6656195
Restaurant 47,Bangalore,Jayanagar,Appetizer / Dessert / Main Course,Dessert 18; Appetizer 9; Main Dish 31,3,213.7,Dessert 18; Appetizer 9; Main Dish 31,bangalore,jayanagar,40,9621551,12.9740681,77.6831078
Restaurant 47,Bangalore,Koramangala,Beverage / Snack,Beverage 12; Snack 12,2,221.7,Beverage 12; Snack 12,bangalore,koramangala,26,9621551,12.9557751,77.7218486
Restaurant 47,Bangalore,Mg Road,Appetizer / Main Course,Appetizer 20; Main Dish 28; Main Dish 48; Main Dish 22,4,287.6,Appetizer 20; Main Dish 28; Main Dish 48; Main Dish 22,bangalore,mg road,54,9621551,12.9727356,77.503828
Restaurant 47,Bangalore,Whitefield,Dessert / Snack,Snack 3; Dessert 10,2,117.1,Snack 3; Dessert 10,bangalore,whitefield,19,9621551,12.893967,77.7136466
Restaurant 47,Chennai,Adyar,Main Course / Snack,Main Dish 3; Snack 4; Snack 6,3,268.8,Main Dish 3; Snack 4; Snack 6,chennai,adyar,32,4646732,13.0786142,80.3323899
Restaurant 47,Chennai,Anna Nagar,Beverage / Main Course,Main Dish 43; Beverage 6; Main Dish 25,3,306.1,Main Dish 43; Beverage 6; Main Dish 25,chennai,anna nagar,50,4646732,13.0212809,80.2845415
Restaurant 47,Chennai,Nungambakkam,Main Course,Main Dish 2; Main Dish 28,2,379.8,Main Dish 2; Main Dish 28,chennai,nungambakkam,30,4646732,13.0464061,80.3455266
Restaurant 47,Chennai,Velachery,Main Course,Main Dish 16,1,567.1,Main Dish 16,chennai,velachery,22,4646732,13.0849901,80.2480029
Restaurant 47,Mumbai,Andheri,Main Course / Snack,Main Dish 8; Main Dish 6; Snack 8,3,285.2,Main Dish 8; Main Dish 6; Snack 8,mumbai,andheri,22,12442373,19.0460551,72.9012295
Restaurant 47,Mumbai,Goregaon,Appetizer / Main Course,Appetizer 14; Main Dish 21,2,175.7,Appetizer 14; Main Dish 21,mumbai,goregaon,47,12442373,19.1258496,72.7799393
Restaurant 47,Mumbai,Powai,Main Course,Main Dish 34,1,798.2,Main Dish 34,mumbai,powai,35,12442373,19.0718571,72.9787414
Restaurant 47,New Delhi,Connaught Place,Main Course,Main Dish 18; Main Dish 1; Main Dish 32,3,367.4,Main Dish 18; Main Dish 1; Main Dish 32,new delhi,connaught place,14,5000000,28.5648014,77.2965821
Restaurant 47,New Delhi,Hauz Khas,Appetizer / Dessert / Main Course / Snack,Appetizer 2; Main Dish 15; Main Dish 45; Snack 2; Dessert 13; Dessert 4,6,399.0,Appetizer 2; Main Dish 15; Main Dish 45; Snack 2; Dessert 13; Dessert 4,new delhi,hauz khas,33,5000000,28.5923921,77.3020297
Restaurant 47,New Delhi,Karol Bagh,Dessert / Main Course,Dessert 1; Main Dish 8; Dessert 11,3,389.5,Dessert 1; Main Dish 8; Dessert 11,new delhi,karol bagh,13,5000000,28.5940634,77.1023864
Restaurant 47,New Delhi,Rajouri Garden,Appetizer,Appetizer 1,1,220.1,Appetizer 1,new delhi,rajouri garden,35,5000000,28.5534873,77.1731098
Restaurant 47,New Delhi,Saket,Main Course / Snack,Main Dish 42; Snack 4,2,232.6,Main Dish 42; Snack 4,new delhi,saket,55,5000000,28.4285056,77.2622806
Restaurant 47,Pune,Aundh,Appetizer,Appetizer 7; Appetizer 3,2,210.9,Appetizer 7; Appetizer 3,pune,aundh,41,9429408,18.5892369,73.8885589
Restaurant 47,Pune,Baner,Appetizer,Appetizer 18,1,92.0,Appetizer 18,pune,baner,49,9429408,18.5199745,73.7149133
Restaurant 47,Pune,Hinjawadi,Dessert / Main Course / Snack,Main Dish 40; Dessert 16; Dessert 20; Snack 8,4,269.0,Main Dish 40; Dessert 16; Dessert 20; Snack 8,pune,hinjawadi,13,9429408,18.51854,73.771657
Restaurant 47,Pune,Kothrud,Beverage / Dessert,Beverage 7; Dessert 15,2,182.4,Beverage 7; Dessert 15,pune,kothrud,32,9429408,18.4472887,73.7382935
Restaurant 48,Bangalore,Indiranagar,Main Course,Main Dish 36,1,309.5,Main Dish 36,bangalore,indiranagar,50,9621551,12.8783072,77.6931168
Restaurant 48,Bangalore,Jayanagar,Appetizer / Beverage / Main Course,Main Dish 26; Beverage 4; Appetizer 4; Main Dish 15,4,457.8,Main Dish 26; Beverage 4; Appetizer 4; Main Dish 15,bangalore,jayanagar,40,9621551,12.8274973,77.5381206
Restaurant 48,Bangalore,Koramangala,Beverage / Dessert / Main Course,Main Dish 14; Main Dish 34; Main Dish 29; Main Dish 48; Dessert 17; Beverage 2,6,351.8,Main Dish 14; Main Dish 34; Main Dish 29; Main Dish 48; Dessert 17; Beverage 2,bangalore,koramangala,26,9621551,12.8542718,77.5650569
Restaurant 48,Bangalore,Mg Road,Beverage / Main Course,Beverage 2; Main Dish 11,2,350.8,Beverage 2; Main Dish 11,bangalore,mg road,54,9621551,13.0476906,77.681401
Restaurant 48,Bangalore,Whitefield,Appetizer / Main Course,Appetizer 11; Main Dish 32; Appetizer 19; Main Dish 12,4,384.6,Appetizer 11; Main Dish 32; Appetizer 19; Main Dish 12,bangalore,whitefield,19,9621551,13.1014713,77.7216071
Restaurant 48,Chennai,Adyar,Appetizer / Main Course / Snack,Main Dish 33; Appetizer 14; Appetizer 7; Snack 1,4,201.4,Main Dish 33; Appetizer 14; Appetizer 7; Snack 1,chennai,adyar,32,4646732,12.9020409,80.2514617
Restaurant 48,Chennai,Anna Nagar,Appetizer / Snack,Appetizer 16; Snack 1,2,83.5,Appetizer 16; Snack 1,chennai,anna nagar,50,4646732,13.0854582,80.1043776
Restaurant 48,Chennai,Nungambakkam,Appetizer / Main Course,Main Dish 18; Main Dish 27; Main Dish 47; Appetizer 10,4,488.9,Main Dish 18; Main Dish 27; Main Dish 47; Appetizer 10,chennai,nungambakkam,30,4646732,13.0022062,80.1517954
Restaurant 48,Chennai,T. Nagar,Beverage / Dessert / Snack,Dessert 18; Snack 10; Beverage 7,3,122.5,Dessert 18; Snack 10; Beverage 7,chennai,t. nagar,34,4646732,13.0725565,80.1280942
Restaurant 48,Chennai,Velachery,Appetizer / Main Course,Main Dish 12; Appetizer 11; Main Dish 33,3,411.0,Main Dish 12; Appetizer 11; Main Dish 33,chennai,velachery,22,4646732,12.8851814,80.2755002
Restaurant 48,Mumbai,Andheri,Dessert / Main Course,Main Dish 33; Dessert 13,2,380.7,Main Dish 33; Dessert 13,mumbai,andheri,22,12442373,19.1371267,72.7554755
Restaurant 48,Mumbai,Powai,Main Course,Main Dish 13,1,188.5,Main Dish 13,mumbai,powai,35,12442373,19.1049202,72.8222593
Restaurant 48,New Delhi,Connaught Place,Appetizer / Beverage / Main Course,Main Dish 22; Beverage 16; Main Dish 13; Appetizer 16; Main Dish 34; Beverage 13,6,338.4,Main Dish 22; Beverage 16; Main Dish 13; Appetizer 16; Main Dish 34; Beverage 13,new delhi,connaught place,14,5000000,28.6289787,77.1164182
Restaurant 48,New Delhi,Hauz Khas,Appetizer / Beverage / Main Course,Appetizer 3; Beverage 1; Beverage 14; Main Dish 37,4,247.2,Appetizer 3; Beverage 1; Beverage 14; Main Dish 37,new delhi,hauz khas,33,5000000,28.4458213,77.1570425
Restaurant 48,New Delhi,Karol Bagh,Beverage,Beverage 7,1,77.3,Beverage 7,new delhi,karol bagh,13,5000000,28.7587444,77.2162303
Restaurant 48,New Delhi,Rajouri Garden,Dessert / Main Course,Main Dish 10; Main Dish 40; Dessert 5,3,303.8,Main Dish 10; Main Dish 40; Dessert 5,new delhi,rajouri garden,35,5000000,28.683199,77.0167184
Restaurant 48,New Delhi,Saket,Main Course,Main Dish 3; Main Dish 16,2,602.5,Main Dish 3; Main Dish 16,new delhi,saket,55,5000000,28.5582173,77.1058892
Restaurant 48,Pune,Aundh,Main Course,Main Dish 39; Main Dish 1,2,555.2,Main Dish 39; Main Dish 1,pune,aundh,41,9429408,18.4880755,73.7705116
Restaurant 48,Pune,Baner,Dessert,Dessert 10,1,296.9,Dessert 10,pune,baner,49,9429408,18.635546,73.8097444
Restaurant 48,Pune,Hinjawadi,Main Course,Main Dish 11,1,768.6,Main Dish 11,pune,hinjawadi,13,9429408,18.6252016,73.6626906
Restaurant 48,Pune,Kothrud,Beverage,Beverage 2,1,135.7,Beverage 2,pune,kothrud,32,9429408,18.5977905,73.814917
Restaurant 48,Pune,Viman Nagar,Dessert,Dessert 9,1,380.1,Dessert 9,pune,viman nagar,44,9429408,18.5313685,73.8437237
Restaurant 49,Bangalore,Indiranagar,Main Course,Main Dish 42,1,205.9,Main Dish 42,bangalore,indiranagar,50,9621551,13.0080189,77.5367254
Restaurant 49,Bangalore,Jayanagar,Appetizer / Main Course,Appetizer 15; Main Dish 26,2,415.6,Appetizer 15; Main Dish 26,bangalore,jayanagar,40,9621551,13.0350016,77.5460811
Restaurant 49,Bangalore,Koramangala,Main Course,Main Dish 2; Main Dish 39,2,495.3,Main Dish 2; Main Dish 39,bangalore,koramangala,26,9621551,13.0364711,77.612483
Restaurant 49,Bangalore,Mg Road,Beverage / Dessert / Snack,Snack 8; Beverage 19; Dessert 6,3,131.1,Snack 8; Beverage 19; Dessert 6,bangalore,mg road,54,9621551,12.8711173,77.6004728
Restaurant 49,Bangalore,Whitefield,Beverage / Main Course / Snack,Main Dish 15; Snack 1; Beverage 17,3,190.5,Main Dish 15; Snack 1; Beverage 17,bangalore,whitefield,19,9621551,12.9419485,77.8568677
Restaurant 49,Chennai,Adyar,Beverage / Dessert / Main Course,Main Dish 32; Main Dish 49; Beverage 19; Dessert 3; Main Dish 24; Dessert 19,6,369.1,Main Dish 32; Main Dish 49; Beverage 19; Dessert 3; Main Dish 24; Dessert 19,chennai,adyar,32,4646732,13.0883266,80.191406
Restaurant 49,Chennai,Anna Nagar,Appetizer / Beverage,Beverage 15; Appetizer 11,2,142.6,Beverage 15; Appetizer 11,chennai,anna nagar,50,4646732,13.1604132,80.2819506
Restaurant 49,Chennai,Nungambakkam,Beverage,Beverage 14,1,236.5,Beverage 14,chennai,nungambakkam,30,4646732,13.1668872,80.2656393
Restaurant 49,Chennai,T. Nagar,Beverage,Beverage 12,1,118.9,Beverage 12,chennai,t. nagar,34,4646732,13.0826239,80.3325209
Restaurant 49,Chennai,Velachery,Appetizer / Beverage / Snack,Beverage 16; Snack 8; Appetizer 14,3,193.4,Beverage 16; Snack 8; Appetizer 14,chennai,velachery,22,4646732,13.0148931,80.1191088
Restaurant 49,Mumbai,Bandra,Snack,Snack 15,1,62.0,Snack 15,mumbai,bandra,35,12442373,19.1232587,72.8941361
Restaurant 49,Mumbai,Goregaon,Main Course,Main Dish 37; Main Dish 10,2,322.7,Main Dish 37; Main Dish 10,mumbai,goregaon,47,12442373,19.2414211,72.8747704
Restaurant 49,Mumbai,Powai,Main Course,Main Dish 42,1,637.0,Main Dish 42,mumbai,powai,35,12442373,19.186999,72.9612634
Restaurant 49,New Delhi,Rajouri Garden,Main Course,Main Dish 38; Main Dish 37,2,723.7,Main Dish 38; Main Dish 37,new delhi,rajouri garden,35,5000000,28.6932664,77.2211451
Restaurant 49,New Delhi,Saket,Beverage / Main Course,Main Dish 31; Beverage 3,2,278.4,Main Dish 31; Beverage 3,new delhi,saket,55,5000000,28.5682847,77.3103159
Restaurant 49,Pune,Aundh,Beverage,Beverage 9,1,257.5,Beverage 9,pune,aundh,41,9429408,18.6438887,73.7894041
Restaurant 49,Pune,Baner,Appetizer / Dessert,Appetizer 11; Dessert 15,2,227.2,Appetizer 11; Dessert 15,pune,baner,49,9429408,18.4847805,73.8179651
Restaurant 49,Pune,Hinjawadi,Main Course,Main Dish 33,1,794.3,Main Dish 33,pune,hinjawadi,13,9429408,18.6201067,73.8165783
Restaurant 49,Pune,Kothrud,Dessert / Main Course,Main Dish 30; Dessert 15,2,133.4,Main Dish 30; Dessert 15,pune,kothrud,32,9429408,18.4336193,73.8604766
Restaurant 49,Pune,Viman Nagar,Appetizer / Main Course,Main Dish 50; Appetizer 10,2,234.2,Main Dish 50; Appetizer 10,pune,viman nagar,44,9429408,18.64694,73.9385548
Restaurant 5,Bangalore,Indiranagar,Beverage / Snack,Beverage 11; Snack 3,2,208.0,Beverage 11; Snack 3,bangalore,indiranagar,50,9621551,13.0180863,77.7411521
Restaurant 5,Bangalore,Jayanagar,Main Course,Main Dish 2,1,271.4,Main Dish 2,bangalore,jayanagar,40,9621551,12.8754788,77.6813417
Restaurant 5,Bangalore,Koramangala,Dessert / Main Course,Main Dish 49; Main Dish 32; Dessert 5,3,409.9,Main Dish 49; Main Dish 32; Dessert 5,bangalore,koramangala,26,9621551,12.8687685,77.7012827
Restaurant 5,Bangalore,Mg Road,Dessert / Main Course,Main Dish 26; Dessert 1,2,361.5,Main Dish 26; Dessert 1,bangalore,mg road,54,9621551,13.057403,77.5404171
Restaurant 5,Bangalore,Whitefield,Beverage / Main Course,Main Dish 41; Beverage 10,2,366.0,Main Dish 41; Beverage 10,bangalore,whitefield,19,9621551,12.968397,77.6478954
Restaurant 5,Chennai,Anna Nagar,Appetizer,Appetizer 16,1,82.9,Appetizer 16,chennai,anna nagar,50,4646732,12.9838399,80.2010224
Restaurant 5,Chennai,Nungambakkam,Beverage,Beverage 4,1,227.8,Beverage 4,chennai,nungambakkam,30,4646732,12.9670785,80.2931366
Restaurant 5,Chennai,T. Nagar,Main Course,Main Dish 31,1,360.2,Main Dish 31,chennai,t. nagar,34,4646732,12.9360531,80.1875337
Restaurant 5,Chennai,Velachery,Main Course,Main Dish 31,1,783.1,Main Dish 31,chennai,velachery,22,4646732,13.0249605,80.3235355
Restaurant 5,Mumbai,Andheri,Beverage / Dessert / Main Course,Main Dish 38; Main Dish 36; Beverage 3; Dessert 17; Main Dish 37,5,494.3,Main Dish 38; Main Dish 36; Beverage 3; Dessert 17; Main Dish 37,mumbai,andheri,22,12442373,19.1686984,72.9259346
Restaurant 5,Mumbai,Juhu,Appetizer / Main Course,Appetizer 5; Main Dish 12,2,145.7,Appetizer 5; Main Dish 12,mumbai,juhu,51,12442373,19.1057444,72.9169184
Restaurant 5,New Delhi,Connaught Place,Dessert / Main Course / Snack,Main Dish 22; Dessert 11; Snack 11; Dessert 9,4,414.5,Main Dish 22; Dessert 11; Snack 11; Dessert 9,new delhi,connaught place,14,5000000,28.7039337,77.2939912
Restaurant 5,New Delhi,Hauz Khas,Main Course,Main Dish 9,1,153.6,Main Dish 9,new delhi,hauz khas,33,5000000,28.6533256,77.165003
Restaurant 5,New Delhi,Karol Bagh,Beverage / Main Course / Snack,Main Dish 50; Beverage 20; Snack 8,3,357.0,Main Dish 50; Beverage 20; Snack 8,new delhi,karol bagh,13,5000000,28.5589357,77.2437276
Restaurant 5,New Delhi,Rajouri Garden,Beverage,Beverage 18,1,271.6,Beverage 18,new delhi,rajouri garden,35,5000000,28.5466956,77.0761579
Restaurant 5,New Delhi,Saket,Appetizer / Beverage / Dessert / Snack,Beverage 17; Appetizer 11; Snack 15; Dessert 20,4,234.7,Beverage 17; Appetizer 11; Snack 15; Dessert 20,new delhi,saket,55,5000000,28.4217139,77.1653287
Restaurant 5,Pune,Aundh,Appetizer,Appetizer 3,1,95.0,Appetizer 3,pune,aundh,41,9429408,18.515021,73.8815895
Restaurant 5,Pune,Kothrud,Dessert / Main Course,Main Dish 47; Dessert 16,2,431.1,Main Dish 47; Dessert 16,pune,kothrud,32,9429408,18.5246909,73.7147226
Restaurant 50,Bangalore,Indiranagar,Dessert / Main Course,Dessert 3; Main Dish 39,2,274.8,Dessert 3; Main Dish 39,bangalore,indiranagar,50,9621551,12.8715155,77.5961649
Restaurant 50,Bangalore,Jayanagar,Dessert / Main Course / Snack,Snack 12; Dessert 10; Main Dish 21,3,180.1,Snack 12; Dessert 10; Main Dish 21,bangalore,jayanagar,40,9621551,12.9019273,77.4723694
Restaurant 50,Bangalore,Koramangala,Appetizer / Main Course,Main Dish 31; Appetizer 11,2,416.3,Main Dish 31; Appetizer 11,bangalore,koramangala,26,9621551,12.9329458,77.5211188
Restaurant 50,Bangalore,Mg Road,Main Course,Main Dish 42,1,231.6,Main Dish 42,bangalore,mg road,54,9621551,12.9598699,77.7118298
Restaurant 50,Bangalore,Whitefield,Appetizer / Snack,Appetizer 3; Snack 15,2,89.4,Appetizer 3; Snack 15,bangalore,whitefield,19,9621551,13.0909137,77.821069
Restaurant 50,Chennai,Adyar,Appetizer / Main Course,Appetizer 8; Appetizer 4; Main Dish 20,3,239.5,Appetizer 8; Appetizer 4; Main Dish 20,chennai,adyar,32,4646732,12.9907935,80.3628187
Restaurant 50,Chennai,Anna Nagar,Dessert / Main Course,Dessert 1; Main Dish 20; Main Dish 2; Main Dish 31,4,408.3,Dessert 1; Main Dish 20; Main Dish 2; Main Dish 31,chennai,anna nagar,50,4646732,13.1701256,80.1409667
Restaurant 50,Chennai,Nungambakkam,Beverage,Beverage 18,1,132.8,Beverage 18,chennai,nungambakkam,30,4646732,13.0967902,80.1367452
Restaurant 50,Chennai,T. Nagar,Dessert / Snack,Dessert 2; Snack 14,2,138.9,Dessert 2; Snack 14,chennai,t. nagar,34,4646732,13.1435574,80.1954942
Restaurant 50,Chennai,Velachery,Appetizer / Main Course,Main Dish 1; Appetizer 11; Main Dish 7,3,491.2,Main Dish 1; Appetizer 11; Main Dish 7,chennai,velachery,22,4646732,12.8783897,80.1785483
Restaurant 50,Mumbai,Andheri,Snack,Snack 6,1,174.5,Snack 6,mumbai,andheri,22,12442373,19.0290854,72.8206705
Restaurant 50,Mumbai,Bandra,Appetizer,Appetizer 1,1,237.9,Appetizer 1,mumbai,bandra,35,12442373,18.9674146,72.8466455
Restaurant 50,Mumbai,Goregaon,Appetizer,Appetizer 8,1,93.9,Appetizer 8,mumbai,goregaon,47,12442373,19.0906556,72.8829911
Restaurant 50,Mumbai,Juhu,Main Course,Main Dish 14,1,248.6,Main Dish 14,mumbai,juhu,51,12442373,19.0470484,72.7601534
Restaurant 50,Mumbai,Powai,Main Course,Main Dish 45; Main Dish 34,2,505.7,Main Dish 45; Main Dish 34,mumbai,powai,35,12442373,19.0311549,72.9137728
Restaurant 50,New Delhi,Connaught Place,Appetizer / Main Course / Snack,Main Dish 28; Appetizer 4; Snack 8,3,178.5,Main Dish 28; Appetizer 4; Snack 8,new delhi,connaught place,14,5000000,28.5273604,77.213063
Restaurant 50,New Delhi,Karol Bagh,Appetizer / Dessert / Main Course,Appetizer 10; Main Dish 43; Dessert 9,3,349.7,Appetizer 10; Main Dish 43; Dessert 9,new delhi,karol bagh,13,5000000,28.6886474,77.0873362
Restaurant 50,New Delhi,Saket,Beverage / Main Course,Beverage 12; Main Dish 47,2,450.6,Beverage 12; Main Dish 47,new delhi,saket,55,5000000,28.6292182,77.1732892
Restaurant 50,Pune,Baner,Appetizer / Beverage,Appetizer 20; Beverage 15,2,163.6,Appetizer 20; Beverage 15,pune,baner,49,9429408,18.5914421,73.7089987
Restaurant 50,Pune,Hinjawadi,Main Course / Snack,Main Dish 41; Snack 15,2,250.8,Main Dish 41; Snack 15,pune,hinjawadi,13,9429408,18.5189453,73.698531
Restaurant 50,Pune,Kothrud,Beverage / Dessert / Main Course,Dessert 13; Main Dish 16; Beverage 15,3,190.0,Dessert 13; Main Dish 16; Beverage 15,pune,kothrud,32,9429408,18.5562626,73.8851817
Restaurant 50,Pune,Viman Nagar,Main Course,Main Dish 14,1,486.2,Main Dish 14,pune,viman nagar,44,9429408,18.4961745,73.9467755
Restaurant 51,Bangalore,Indiranagar,Appetizer / Beverage / Main Course / Snack,Snack 13; Main Dish 25; Main Dish 22; Beverage 16; Appetizer 10; Main Dish 43,6,379.5,Snack 13; Main Dish 25; Main Dish 22; Beverage 16; Appetizer 10; Main Dish 43,bangalore,indiranagar,50,9621551,13.0790198,77.6041254
Restaurant 51,Bangalore,Jayanagar,Appetizer / Dessert / Main Course,Main Dish 42; Dessert 8; Appetizer 12; Dessert 3; Main Dish 31; Main Dish 35,6,224.9,Main Dish 42; Dessert 8; Appetizer 12; Dessert 3; Main Dish 31; Main Dish 35,bangalore,jayanagar,40,9621551,13.024444,77.645543
Restaurant 51,Bangalore,Koramangala,Appetizer / Beverage,Appetizer 14; Beverage 11; Appetizer 5,3,195.0,Appetizer 14; Beverage 11; Appetizer 5,bangalore,koramangala,26,9621551,13.0079008,77.6986918
Restaurant 51,Bangalore,Mg Road,Beverage / Main Course,Main Dish 24; Beverage 7; Main Dish 50,3,473.7,Main Dish 24; Beverage 7; Main Dish 50,bangalore,mg road,54,9621551,12.91567,77.5180986
Restaurant 51,Bangalore,Whitefield,Main Course,Main Dish 50,1,157.8,Main Dish 50,bangalore,whitefield,19,9621551,12.8821395,77.7758178
Restaurant 51,Chennai,Adyar,Dessert / Main Course,Dessert 12; Main Dish 40,2,273.5,Dessert 12; Main Dish 40,chennai,adyar,32,4646732,12.9465936,80.1690875
Restaurant 51,Chennai,Anna Nagar,Main Course,Main Dish 18,1,551.4,Main Dish 18,chennai,anna nagar,50,4646732,13.0725925,80.3123794
Restaurant 51,Chennai,Nungambakkam,Appetizer / Beverage,Appetizer 18; Beverage 20,2,225.7,Appetizer 18; Beverage 20,chennai,nungambakkam,30,4646732,13.1068576,80.3411719
Restaurant 51,Chennai,T. Nagar,Main Course,Main Dish 16,1,754.5,Main Dish 16,chennai,t. nagar,34,4646732,12.9840346,80.3307548
Restaurant 51,Chennai,Velachery,Beverage / Main Course,Main Dish 15; Beverage 3,2,475.3,Main Dish 15; Beverage 3,chennai,velachery,22,4646732,13.085894,80.1865088
Restaurant 51,Mumbai,Andheri,Beverage / Main Course,Beverage 19; Main Dish 49,2,205.5,Beverage 19; Main Dish 49,mumbai,andheri,22,12442373,19.2046211,72.8038413
Restaurant 51,Mumbai,Bandra,Appetizer,Appetizer 12,1,111.3,Appetizer 12,mumbai,bandra,35,12442373,19.115755,72.7757513
Restaurant 51,Mumbai,Goregaon,Main Course,Main Dish 36,1,665.0,Main Dish 36,mumbai,goregaon,47,12442373,19.1973172,72.7740247
Restaurant 51,Mumbai,Juhu,Appetizer,Appetizer 11,1,238.8,Appetizer 11,mumbai,juhu,51,12442373,19.1975502,72.8367769
Restaurant 51,Mumbai,Powai,Appetizer / Beverage,Appetizer 17; Appetizer 12; Beverage 10; Appetizer 8,4,170.3,Appetizer 17; Appetizer 12; Beverage 10; Appetizer 8,mumbai,powai,35,12442373,19.1794953,72.8428786
Restaurant 51,New Delhi,Connaught Place,Dessert / Main Course,Main Dish 30; Dessert 9,2,327.8,Main Dish 30; Dessert 9,new delhi,connaught place,14,5000000,28.7136461,77.1530073
Restaurant 51,New Delhi,Hauz Khas,Appetizer / Main Course,Appetizer 20; Main Dish 28,2,413.5,Appetizer 20; Main Dish 28,new delhi,hauz khas,33,5000000,28.4938028,77.3002636
Restaurant 51,New Delhi,Karol Bagh,Appetizer,Appetizer 9,1,69.8,Appetizer 9,new delhi,karol bagh,13,5000000,28.6987148,77.2917629
Restaurant 51,New Delhi,Rajouri Garden,Dessert / Main Course,Main Dish 29; Dessert 5,2,531.0,Main Dish 29; Dessert 5,new delhi,rajouri garden,35,5000000,28.7541999,77.0841184
Restaurant 51,New Delhi,Saket,Appetizer / Beverage / Snack,Appetizer 9; Snack 15; Beverage 3,3,167.2,Appetizer 9; Snack 15; Beverage 3,new delhi,saket,55,5000000,28.4696954,77.3085498
Restaurant 51,Pune,Aundh,Main Course,Main Dish 45; Main Dish 13,2,482.0,Main Dish 45; Main Dish 13,pune,aundh,41,9429408,18.5480841,73.7251074
Restaurant 51,Pune,Baner,Appetizer / Main Course / Snack,Appetizer 9; Snack 11; Appetizer 19; Main Dish 3,4,198.0,Appetizer 9; Snack 11; Appetizer 19; Main Dish 3,pune,baner,49,9429408,18.5863472,73.8628864
Restaurant 51,Pune,Hinjawadi,Appetizer / Dessert / Main Course,Appetizer 14; Main Dish 10; Dessert 17; Main Dish 2; Main Dish 4,5,342.1,Appetizer 14; Main Dish 10; Dessert 17; Main Dish 2; Main Dish 4,pune,hinjawadi,13,9429408,18.6747585,73.7174235
Restaurant 51,Pune,Kothrud,Appetizer,Appetizer 12,1,219.8,Appetizer 12,pune,kothrud,32,9429408,18.4166496,73.7799176
Restaurant 51,Pune,Viman Nagar,Main Course,Main Dish 35; Main Dish 49,2,296.1,Main Dish 35; Main Dish 49,pune,viman nagar,44,9429408,18.6028361,73.8378091
Restaurant 52,Bangalore,Indiranagar,Beverage / Dessert / Snack,Snack 12; Beverage 15; Dessert 15; Dessert 13,4,155.2,Snack 12; Beverage 15; Dessert 15; Dessert 13,bangalore,indiranagar,50,9621551,12.919497,77.739386
Restaurant 52,Bangalore,Jayanagar,Beverage / Main Course,Beverage 12; Main Dish 41,2,191.1,Beverage 12; Main Dish 41,bangalore,jayanagar,40,9621551,12.8156698,77.6002918
Restaurant 52,Bangalore,Koramangala,Dessert / Main Course,Main Dish 24; Dessert 2,2,441.4,Main Dish 24; Dessert 2,bangalore,koramangala,26,9621551,12.8313275,77.6177636
Restaurant 52,Bangalore,Mg Road,Appetizer / Dessert,Appetizer 15; Appetizer 9; Appetizer 1; Dessert 8; Dessert 17,5,187.6,Appetizer 15; Appetizer 9; Appetizer 1; Dessert 8; Dessert 17,bangalore,mg road,54,9621551,13.080351,77.6319425
Restaurant 52,Bangalore,Whitefield,Appetizer / Main Course / Snack,Snack 8; Appetizer 3; Main Dish 4,3,358.8,Snack 8; Appetizer 3; Main Dish 4,bangalore,whitefield,19,9621551,13.0679385,77.6674093
Restaurant 52,Chennai,Adyar,Beverage / Dessert / Main Course,Dessert 10; Beverage 14; Main Dish 42,3,480.0,Dessert 10; Beverage 14; Main Dish 42,chennai,adyar,32,4646732,13.1112746,80.2829314
Restaurant 52,Chennai,Anna Nagar,Appetizer / Dessert / Main Course,Main Dish 42; Appetizer 15; Main Dish 19; Appetizer 13; Dessert 10,5,361.7,Main Dish 42; Appetizer 15; Main Dish 19; Appetizer 13; Dessert 10,chennai,anna nagar,50,4646732,13.0283926,80.1186482
Restaurant 52,Chennai,Nungambakkam,Appetizer / Main Course,Main Dish 8; Appetizer 5,2,206.5,Main Dish 8; Appetizer 5,chennai,nungambakkam,30,4646732,12.9602868,80.1961847
Restaurant 52,Chennai,Velachery,Appetizer / Main Course,Main Dish 44; Appetizer 18,2,212.2,Main Dish 44; Appetizer 18,chennai,velachery,22,4646732,12.9263712,80.3217694
Restaurant 52,Mumbai,Andheri,Main Course,Main Dish 43,1,474.0,Main Dish 43,mumbai,andheri,22,12442373,19.0855546,72.9359297
Restaurant 52,Mumbai,Bandra,Main Course,Main Dish 36,1,677.7,Main Dish 36,mumbai,bandra,35,12442373,19.0537021,72.9296112
Restaurant 52,Mumbai,Goregaon,Appetizer,Appetizer 3,1,123.4,Appetizer 3,mumbai,goregaon,47,12442373,19.1922223,72.9279124
Restaurant 52,Mumbai,Powai,Appetizer / Main Course,Appetizer 5; Main Dish 3,2,391.2,Appetizer 5; Main Dish 3,mumbai,powai,35,12442373,19.1174424,72.9967385
Restaurant 52,New Delhi,Connaught Place,Appetizer / Main Course,Appetizer 7; Main Dish 23; Appetizer 11,3,362.8,Appetizer 7; Main Dish 23; Appetizer 11,new delhi,connaught place,14,5000000,28.616113,77.32442
Restaurant 52,New Delhi,Hauz Khas,Beverage / Main Course,Beverage 5; Main Dish 18; Main Dish 46,3,233.2,Beverage 5; Main Dish 18; Main Dish 46,new delhi,hauz khas,33,5000000,28.5202513,77.0912913
Restaurant 52,New Delhi,Karol Bagh,Beverage / Dessert / Main Course,Dessert 17; Beverage 3; Main Dish 7; Main Dish 8,4,275.8,Dessert 17; Beverage 3; Main Dish 7; Main Dish 8,new delhi,karol bagh,13,5000000,28.552144,77.1467757
Restaurant 52,New Delhi,Rajouri Garden,Appetizer / Beverage / Main Course / Snack,Snack 3; Appetizer 8; Beverage 19; Main Dish 44,4,251.4,Snack 3; Appetizer 8; Beverage 19; Main Dish 44,new delhi,rajouri garden,35,5000000,28.5946771,77.219379
Restaurant 52,New Delhi,Saket,Appetizer / Main Course / Snack,Snack 4; Main Dish 26; Appetizer 6; Appetizer 18,4,237.0,Snack 4; Main Dish 26; Appetizer 6; Appetizer 18,new delhi,saket,55,5000000,28.4961439,77.0995775
Restaurant 52,Pune,Aundh,Appetizer / Dessert,Dessert 1; Appetizer 11,2,287.6,Dessert 1; Appetizer 11,pune,aundh,41,9429408,18.6301629,73.8641115
Restaurant 52,Pune,Baner,Beverage / Main Course,Main Dish 41; Beverage 4,2,439.9,Main Dish 41; Beverage 4,pune,baner,49,9429408,18.4851858,73.7448391
Restaurant 52,Pune,Hinjawadi,Beverage,Beverage 8,1,148.6,Beverage 8,pune,hinjawadi,13,9429408,18.5458908,73.8096089
Restaurant 53,Bangalore,Indiranagar,Main Course,Main Dish 35,1,394.3,Main Dish 35,bangalore,indiranagar,50,9621551,12.9459455,77.5304137
Restaurant 53,Bangalore,Jayanagar,Dessert,Dessert 19,1,301.9,Dessert 19,bangalore,jayanagar,40,9621551,13.0014688,77.4918833
Restaurant 53,Bangalore,Koramangala,Dessert,Dessert 20,1,388.7,Dessert 20,bangalore,koramangala,26,9621551,13.0176132,77.5577079
Restaurant 53,Bangalore,Mg Road,Dessert / Main Course / Snack,Snack 12; Dessert 18; Main Dish 37; Dessert 1,4,288.0,Snack 12; Dessert 18; Main Dish 37; Dessert 1,bangalore,mg road,54,9621551,12.8805423,77.6594398
Restaurant 53,Chennai,Adyar,Appetizer / Beverage / Dessert / Main Course,Main Dish 14; Dessert 1; Beverage 13; Appetizer 10; Beverage 9,5,172.5,Main Dish 14; Dessert 1; Beverage 13; Appetizer 10; Beverage 9,chennai,adyar,32,4646732,12.9114659,80.3104287
Restaurant 53,Chennai,Anna Nagar,Beverage / Dessert / Main Course,Beverage 6; Main Dish 32; Dessert 19; Main Dish 7,4,415.7,Beverage 6; Main Dish 32; Dessert 19; Main Dish 7,chennai,anna nagar,50,4646732,13.1930736,80.2324921
Restaurant 53,Chennai,Nungambakkam,Appetizer / Main Course,Main Dish 1; Appetizer 12,2,257.5,Main Dish 1; Appetizer 12,chennai,nungambakkam,30,4646732,13.1677911,80.2041452
Restaurant 53,Chennai,T. Nagar,Beverage / Dessert / Main Course,Main Dish 41; Dessert 4; Beverage 6,3,239.8,Main Dish 41; Dessert 4; Beverage 6,chennai,t. nagar,34,4646732,13.0104831,80.1217825
Restaurant 53,Mumbai,Goregaon,Snack,Snack 7,1,152.4,Snack 7,mumbai,goregaon,47,12442373,19.0910609,72.8098651
Restaurant 53,Mumbai,Juhu,Beverage,Beverage 2,1,268.4,Beverage 2,mumbai,juhu,51,12442373,19.033379,72.8823365
Restaurant 53,New Delhi,Connaught Place,Appetizer / Dessert,Dessert 3; Appetizer 18; Appetizer 19,3,197.3,Dessert 3; Appetizer 18; Appetizer 19,new delhi,connaught place,14,5000000,28.5719131,77.1306888
Restaurant 53,New Delhi,Hauz Khas,Dessert / Main Course / Snack,Snack 3; Dessert 10; Main Dish 7; Snack 4,4,244.2,Snack 3; Dessert 10; Main Dish 7; Snack 4,new delhi,hauz khas,33,5000000,28.642768,77.2644649
Restaurant 53,New Delhi,Karol Bagh,Dessert,Dessert 2,1,255.5,Dessert 2,new delhi,karol bagh,13,5000000,28.7596483,77.1547362
Restaurant 53,New Delhi,Rajouri Garden,Appetizer / Main Course,Appetizer 14; Appetizer 13; Main Dish 40; Appetizer 15,4,231.6,Appetizer 14; Appetizer 13; Main Dish 40; Appetizer 15,new delhi,rajouri garden,35,5000000,28.6211256,77.0104067
Restaurant 53,New Delhi,Saket,Dessert / Main Course,Dessert 5; Main Dish 19,2,357.6,Dessert 5; Main Dish 19,new delhi,saket,55,5000000,28.6186606,77.2727511
Restaurant 53,Pune,Aundh,Beverage / Main Course,Beverage 12; Main Dish 19; Main Dish 48,3,436.0,Beverage 12; Main Dish 19; Main Dish 48,pune,aundh,41,9429408,18.4743188,73.8166209
Restaurant 53,Pune,Baner,Beverage / Main Course,Beverage 10; Main Dish 41,2,290.0,Beverage 10; Main Dish 41,pune,baner,49,9429408,18.640999,73.7637316
Restaurant 53,Pune,Hinjawadi,Main Course,Main Dish 13; Main Dish 37; Main Dish 26,3,360.6,Main Dish 13; Main Dish 37; Main Dish 26,pune,hinjawadi,13,9429408,18.5789539,73.6531268
Restaurant 53,Pune,Kothrud,Snack,Snack 11,1,74.8,Snack 11,pune,kothrud,32,9429408,18.5921853,73.7630884
Restaurant 53,Pune,Viman Nagar,Dessert / Main Course,Main Dish 4; Main Dish 32; Dessert 17; Main Dish 38; Main Dish 14,5,305.8,Main Dish 4; Main Dish 32; Dessert 17; Main Dish 38; Main Dish 14,pune,viman nagar,44,9429408,18.5977412,73.9916968
Restaurant 54,Bangalore,Jayanagar,Main Course,Main Dish 28; Main Dish 15,2,337.3,Main Dish 28; Main Dish 15,bangalore,jayanagar,40,9621551,12.937252,77.6987496
Restaurant 54,Bangalore,Koramangala,Main Course,Main Dish 45,1,634.0,Main Dish 45,bangalore,koramangala,26,9621551,12.9200801,77.7291206
Restaurant 54,Bangalore,Mg Road,Appetizer / Beverage,Beverage 4; Appetizer 6,2,113.8,Beverage 4; Appetizer 6,bangalore,mg road,54,9621551,13.010254,77.5030484
Restaurant 54,Bangalore,Whitefield,Appetizer / Main Course,Appetizer 9; Main Dish 12; Main Dish 33,3,330.8,Appetizer 9; Main Dish 12; Main Dish 33,bangalore,whitefield,19,9621551,13.0037217,77.8742756
Restaurant 54,Chennai,Adyar,Dessert,Dessert 13,1,203.7,Dessert 13,chennai,adyar,32,4646732,13.0411776,80.1540373
Restaurant 54,Chennai,Anna Nagar,Snack,Snack 10,1,54.3,Snack 10,chennai,anna nagar,50,4646732,12.9932649,80.2599894
Restaurant 54,Chennai,Nungambakkam,Beverage / Main Course / Snack,Beverage 20; Snack 6; Main Dish 8; Beverage 3,4,243.4,Beverage 20; Snack 6; Main Dish 8; Beverage 3,chennai,nungambakkam,30,4646732,13.0082683,80.3394058
Restaurant 54,Chennai,T. Nagar,Dessert / Main Course,Main Dish 35; Dessert 17,2,197.3,Main Dish 35; Dessert 17,chennai,t. nagar,34,4646732,13.1329998,80.2949561
Restaurant 54,Mumbai,Andheri,Dessert / Main Course,Main Dish 49; Dessert 5,2,435.8,Main Dish 49; Dessert 5,mumbai,andheri,22,12442373,19.084116,72.7566123
Restaurant 54,Mumbai,Bandra,Snack,Snack 6,1,52.8,Snack 6,mumbai,bandra,35,12442373,18.9950061,72.7728462
Restaurant 54,Mumbai,Juhu,Beverage,Beverage 9,1,203.8,Beverage 9,mumbai,juhu,51,12442373,19.1244506,72.7365825
Restaurant 54,Mumbai,Powai,Snack,Snack 1,1,181.2,Snack 1,mumbai,powai,35,12442373,19.0587464,72.8399735
Restaurant 54,New Delhi,Connaught Place,Appetizer / Beverage / Main Course,Main Dish 2; Beverage 9; Appetizer 7,3,275.5,Main Dish 2; Beverage 9; Appetizer 7,new delhi,connaught place,14,5000000,28.7365941,77.2445327
Restaurant 54,New Delhi,Hauz Khas,Snack,Snack 7,1,119.5,Snack 7,new delhi,hauz khas,33,5000000,28.4339938,77.2192137
Restaurant 54,New Delhi,Karol Bagh,Appetizer / Main Course,Appetizer 11; Appetizer 17; Main Dish 8; Main Dish 13; Appetizer 9,5,244.7,Appetizer 11; Appetizer 17; Main Dish 8; Main Dish 13; Appetizer 9,new delhi,karol bagh,13,5000000,28.6001255,77.2899968
Restaurant 54,New Delhi,Rajouri Garden,Appetizer / Beverage / Main Course,Main Dish 28; Main Dish 2; Main Dish 14; Appetizer 7; Beverage 7,5,356.0,Main Dish 28; Main Dish 2; Main Dish 14; Appetizer 7; Beverage 7,new delhi,rajouri garden,35,5000000,28.7436423,77.1835803
Restaurant 54,New Delhi,Saket,Beverage / Dessert / Main Course,Beverage 2; Main Dish 4; Dessert 19; Beverage 10; Dessert 17; Dessert 16,6,335.6,Beverage 2; Main Dish 4; Dessert 19; Beverage 10; Dessert 17; Dessert 16,new delhi,saket,55,5000000,28.4098864,77.2274999
Restaurant 54,Pune,Aundh,Appetizer / Beverage,Beverage 2; Appetizer 8,2,122.6,Beverage 2; Appetizer 8,pune,aundh,41,9429408,18.6226592,73.7457267
Restaurant 54,Pune,Baner,Appetizer,Appetizer 13,1,117.0,Appetizer 13,pune,baner,49,9429408,18.5121313,73.855917
Restaurant 54,Pune,Hinjawadi,Appetizer,Appetizer 9,1,75.0,Appetizer 9,pune,hinjawadi,13,9429408,18.6610327,73.7921309
Restaurant 54,Pune,Kothrud,Appetizer,Appetizer 20,1,96.1,Appetizer 20,pune,kothrud,32,9429408,18.4731188,73.8951768
Restaurant 54,Pune,Viman Nagar,Main Course,Main Dish 37; Main Dish 30,2,725.6,Main Dish 37; Main Dish 30,pune,viman nagar,44,9429408,18.4965798,73.8736495
Restaurant 55,Bangalore,Indiranagar,Beverage / Main Course,Main Dish 22; Beverage 18; Beverage 1,3,1085.9,Main Dish 22; Beverage 18; Beverage 1,bangalore,indiranagar,50,9621551,13.0684622,77.7035873
Restaurant 55,Bangalore,Jayanagar,Appetizer,Appetizer 15,1,177.6,Appetizer 15,bangalore,jayanagar,40,9621551,12.8442324,77.5014856
Restaurant 55,Bangalore,Mg Road,Appetizer / Dessert / Main Course / Snack,Main Dish 30; Main Dish 45; Appetizer 12; Snack 9; Dessert 13; Main Dish 17,6,394.4,Main Dish 30; Main Dish 45; Appetizer 12; Snack 9; Dessert 13; Main Dish 17,bangalore,mg road,54,9621551,13.0203214,77.7074751
Restaurant 55,Bangalore,Whitefield,Beverage / Dessert / Snack,Snack 15; Beverage 5; Dessert 4,3,214.7,Snack 15; Beverage 5; Dessert 4,bangalore,whitefield,19,9621551,12.9107021,77.6770116
Restaurant 55,Chennai,Adyar,Appetizer / Main Course,Main Dish 41; Appetizer 11,2,332.7,Main Dish 41; Appetizer 11,chennai,adyar,32,4646732,13.051245,80.358464
Restaurant 55,Chennai,Anna Nagar,Appetizer / Dessert / Main Course / Snack,Appetizer 1; Main Dish 46; Dessert 1; Snack 4; Main Dish 41,5,338.9,Appetizer 1; Main Dish 46; Dessert 1; Snack 4; Main Dish 41,chennai,anna nagar,50,4646732,13.1229766,80.103598
Restaurant 55,Chennai,Nungambakkam,Beverage / Dessert,Beverage 19; Dessert 18,2,198.9,Beverage 19; Dessert 18,chennai,nungambakkam,30,4646732,13.0347168,80.1304335
Restaurant 55,Chennai,T. Nagar,Beverage / Dessert,Dessert 19; Beverage 6,2,284.4,Dessert 19; Beverage 6,chennai,t. nagar,34,4646732,12.9242256,80.2497049
Restaurant 55,Chennai,Velachery,Dessert / Main Course / Snack,Main Dish 16; Main Dish 46; Dessert 3; Snack 3; Dessert 14,5,279.2,Main Dish 16; Main Dish 46; Dessert 3; Snack 3; Dessert 14,chennai,velachery,22,4646732,12.9528197,80.1127971
Restaurant 55,Mumbai,Goregaon,Main Course,Main Dish 48,1,212.7,Main Dish 48,mumbai,goregaon,47,12442373,19.2468741,72.8287576
Restaurant 55,Mumbai,Juhu,Appetizer / Main Course,Appetizer 10; Main Dish 17,2,332.8,Appetizer 10; Main Dish 17,mumbai,juhu,51,12442373,19.1560223,72.9070416
Restaurant 55,Mumbai,Powai,Beverage,Beverage 19,1,285.4,Beverage 19,mumbai,powai,35,12442373,19.2092482,72.916597
Restaurant 55,New Delhi,Connaught Place,Main Course,Main Dish 38,1,599.1,Main Dish 38,new delhi,connaught place,14,5000000,28.5367854,77.27203
Restaurant 55,New Delhi,Hauz Khas,Appetizer / Dessert,Dessert 20; Appetizer 9; Dessert 17; Dessert 5,4,195.4,Dessert 20; Appetizer 9; Dessert 17; Dessert 5,new delhi,hauz khas,33,5000000,28.6197928,77.1108052
Restaurant 55,New Delhi,Karol Bagh,Main Course,Main Dish 49,1,759.0,Main Dish 49,new delhi,karol bagh,13,5000000,28.626574,77.0810245
Restaurant 55,New Delhi,Saket,Appetizer / Dessert / Main Course,Main Dish 45; Main Dish 9; Appetizer 13; Dessert 15,4,342.9,Main Dish 45; Main Dish 9; Appetizer 13; Dessert 15,new delhi,saket,55,5000000,28.5956854,77.1190914
Restaurant 55,Pune,Baner,Main Course / Snack,Snack 2; Main Dish 20; Snack 12,3,141.4,Snack 2; Main Dish 20; Snack 12,pune,baner,49,9429408,18.5451944,73.6994349
Restaurant 55,Pune,Hinjawadi,Main Course,Main Dish 13,1,273.5,Main Dish 13,pune,hinjawadi,13,9429408,18.5051886,73.7446403
Restaurant 55,Pune,Viman Nagar,Dessert,Dessert 15,1,344.1,Dessert 15,pune,viman nagar,44,9429408,18.652393,73.892542
Restaurant 56,Bangalore,Indiranagar,Dessert,Dessert 6,1,217.4,Dessert 6,bangalore,indiranagar,50,9621551,12.859688,77.6583361
Restaurant 56,Bangalore,Jayanagar,Main Course / Snack,Main Dish 31; Snack 7; Main Dish 1,3,381.8,Main Dish 31; Snack 7; Main Dish 1,bangalore,jayanagar,40,9621551,13.0474517,77.5846742
Restaurant 56,Bangalore,Koramangala,Beverage / Main Course / Snack,Beverage 20; Main Dish 5; Main Dish 23; Snack 6,4,166.8,Beverage 20; Main Dish 5; Main Dish 23; Snack 6,bangalore,koramangala,26,9621551,12.8758802,77.5353894
Restaurant 56,Bangalore,Whitefield,Appetizer / Main Course,Main Dish 16; Appetizer 2; Main Dish 28; Main Dish 17,4,467.6,Main Dish 16; Appetizer 2; Main Dish 28; Main Dish 17,bangalore,whitefield,19,9621551,13.1139214,77.7602002
Restaurant 56,Chennai,Adyar,Main Course,Main Dish 35; Main Dish 24,2,269.0,Main Dish 35; Main Dish 24,chennai,adyar,32,4646732,12.9046742,80.2134768
Restaurant 56,Chennai,Anna Nagar,Appetizer / Beverage,Beverage 18; Appetizer 8,2,145.6,Beverage 18; Appetizer 8,chennai,anna nagar,50,4646732,13.133044,80.3080247
Restaurant 56,Chennai,Nungambakkam,Appetizer / Snack,Appetizer 4; Snack 14,2,64.9,Appetizer 4; Snack 14,chennai,nungambakkam,30,4646732,13.1572335,80.3036071
Restaurant 56,Chennai,T. Nagar,Dessert / Main Course,Dessert 5; Main Dish 1; Main Dish 23,3,381.6,Dessert 5; Main Dish 1; Main Dish 23,chennai,t. nagar,34,4646732,13.1100246,80.1412964
Restaurant 56,Chennai,Velachery,Appetizer / Dessert / Main Course,Appetizer 8; Dessert 10; Main Dish 38,3,347.9,Appetizer 8; Dessert 10; Main Dish 38,chennai,velachery,22,4646732,13.0753364,80.2859707
Restaurant 56,Mumbai,Andheri,Beverage,Beverage 7,1,289.5,Beverage 7,mumbai,andheri,22,12442373,19.2073187,72.8889563
Restaurant 56,Mumbai,Bandra,Beverage,Beverage 14,1,187.6,Beverage 14,mumbai,bandra,35,12442373,19.1455079,72.8494697
Restaurant 56,Mumbai,Goregaon,Appetizer,Appetizer 15,1,165.5,Appetizer 15,mumbai,goregaon,47,12442373,19.1180064,72.920943
Restaurant 56,Mumbai,Powai,Beverage,Beverage 10,1,262.8,Beverage 10,mumbai,powai,35,12442373,19.045077,72.9621566
Restaurant 56,New Delhi,Connaught Place,Appetizer / Beverage / Main Course / Snack,Appetizer 13; Main Dish 17; Snack 2; Snack 14; Beverage 4,5,163.2,Appetizer 13; Main Dish 17; Snack 2; Snack 14; Beverage 4,new delhi,connaught place,14,5000000,28.6664971,77.1156386
Restaurant 56,New Delhi,Hauz Khas,Appetizer / Beverage / Main Course / Snack,Appetizer 1; Main Dish 14; Main Dish 29; Beverage 20; Snack 15,5,204.7,Appetizer 1; Main Dish 14; Main Dish 29; Beverage 20; Snack 15,new delhi,hauz khas,33,5000000,28.555576,77.3176715
Restaurant 56,New Delhi,Karol Bagh,Main Course,Main Dish 4; Main Dish 46,2,549.4,Main Dish 4; Main Dish 46,new delhi,karol bagh,13,5000000,28.7490907,77.2541981
Restaurant 56,New Delhi,Rajouri Garden,Dessert / Main Course,Main Dish 44; Dessert 7,2,465.6,Main Dish 44; Dessert 7,new delhi,rajouri garden,35,5000000,28.5348681,77.1383291
Restaurant 56,New Delhi,Saket,Appetizer / Beverage / Dessert / Snack,Dessert 7; Appetizer 16; Beverage 15; Appetizer 11; Snack 10; Snack 1,6,152.3,Dessert 7; Appetizer 16; Beverage 15; Appetizer 11; Snack 10; Snack 1,new delhi,saket,55,5000000,28.5314686,77.3259577
Restaurant 56,Pune,Aundh,Main Course / Snack,Snack 9; Main Dish 16,2,302.2,Snack 9; Main Dish 16,pune,aundh,41,9429408,18.5606063,73.8995866
Restaurant 56,Pune,Baner,Beverage,Beverage 2,1,106.8,Beverage 2,pune,baner,49,9429408,18.6272732,73.838439
Restaurant 56,Pune,Hinjawadi,Snack,Snack 7,1,119.5,Snack 7,pune,hinjawadi,13,9429408,18.653529,73.6737461
Restaurant 57,Bangalore,Indiranagar,Beverage / Main Course,Beverage 12; Main Dish 41; Main Dish 32; Main Dish 27; Main Dish 34,5,434.5,Beverage 12; Main Dish 41; Main Dish 32; Main Dish 27; Main Dish 34,bangalore,indiranagar,50,9621551,13.045487,77.5499276
Restaurant 57,Bangalore,Jayanagar,Dessert / Main Course,Main Dish 38; Dessert 7; Main Dish 1; Main Dish 24,4,417.7,Main Dish 38; Dessert 7; Main Dish 1; Main Dish 24,bangalore,jayanagar,40,9621551,12.8400113,77.6611206
Restaurant 57,Bangalore,Koramangala,Dessert / Main Course,Main Dish 18; Dessert 15; Main Dish 16,3,389.6,Main Dish 18; Dessert 15; Main Dish 16,bangalore,koramangala,26,9621551,13.0405612,77.6492333
Restaurant 57,Bangalore,Mg Road,Appetizer,Appetizer 15,1,191.3,Appetizer 15,bangalore,mg road,54,9621551,12.8737506,77.5624879
Restaurant 57,Bangalore,Whitefield,Appetizer,Appetizer 15,1,50.4,Appetizer 15,bangalore,whitefield,19,9621551,12.906481,77.8366466
Restaurant 57,Chennai,Adyar,Beverage,Beverage 9,1,276.1,Beverage 9,chennai,adyar,32,4646732,13.1121785,80.2214373
Restaurant 57,Chennai,Anna Nagar,Beverage / Main Course,Beverage 19; Main Dish 36,2,238.9,Beverage 19; Main Dish 36,chennai,anna nagar,50,4646732,12.9864732,80.1630375
Restaurant 57,Chennai,Nungambakkam,Dessert / Main Course,Dessert 4; Main Dish 23,2,471.5,Dessert 4; Main Dish 23,chennai,nungambakkam,30,4646732,12.9484593,80.2583559
Restaurant 57,Chennai,T. Nagar,Beverage,Beverage 8,1,40.5,Beverage 8,chennai,t. nagar,34,4646732,13.0458078,80.3481627
Restaurant 57,Chennai,Velachery,Appetizer / Beverage / Dessert / Main Course,Beverage 20; Appetizer 17; Dessert 7; Main Dish 2; Beverage 15,5,244.9,Beverage 20; Appetizer 17; Dessert 7; Main Dish 2; Beverage 15,chennai,velachery,22,4646732,12.8665622,80.2407195
Restaurant 57,Mumbai,Andheri,Beverage / Main Course,Beverage 10; Main Dish 8,2,447.3,Beverage 10; Main Dish 8,mumbai,andheri,22,12442373,19.0255894,72.874472
Restaurant 57,Mumbai,Bandra,Appetizer / Beverage / Main Course,Appetizer 20; Main Dish 13; Beverage 16,3,363.1,Appetizer 20; Main Dish 13; Beverage 16,mumbai,bandra,35,12442373,18.9813367,72.8950293
Restaurant 57,Mumbai,Goregaon,Main Course,Main Dish 45,1,193.4,Main Dish 45,mumbai,goregaon,47,12442373,19.1510695,72.7644609
Restaurant 57,Mumbai,Juhu,Beverage / Snack,Beverage 1; Snack 6,2,177.8,Beverage 1; Snack 6,mumbai,juhu,51,12442373,19.0164093,72.8017775
Restaurant 57,Mumbai,Powai,Snack,Snack 1,1,65.7,Snack 1,mumbai,powai,35,12442373,19.1361486,72.8164026
Restaurant 57,New Delhi,Connaught Place,Appetizer / Dessert / Main Course,Appetizer 6; Appetizer 4; Dessert 15; Main Dish 12,4,260.7,Appetizer 6; Appetizer 4; Dessert 15; Main Dish 12,new delhi,connaught place,14,5000000,28.6765645,77.3200653
Restaurant 57,New Delhi,Hauz Khas,Appetizer / Dessert,Appetizer 4; Dessert 18,2,268.7,Appetizer 4; Dessert 18,new delhi,hauz khas,33,5000000,28.4625564,77.1204075
Restaurant 57,New Delhi,Karol Bagh,Appetizer / Beverage / Dessert / Main Course,Dessert 9; Beverage 11; Appetizer 15; Main Dish 1; Appetizer 11,5,288.0,Dessert 9; Beverage 11; Appetizer 15; Main Dish 1; Appetizer 11,new delhi,karol bagh,13,5000000,28.5403165,77.2089469
Restaurant 57,New Delhi,Rajouri Garden,Appetizer / Beverage / Dessert,Dessert 12; Appetizer 20; Beverage 18,3,164.4,Dessert 12; Appetizer 20; Beverage 18,new delhi,rajouri garden,35,5000000,28.7206671,77.0299206
Restaurant 57,New Delhi,Saket,Main Course,Main Dish 20,1,577.5,Main Dish 20,new delhi,saket,55,5000000,28.438449,77.1286937
Restaurant 57,Pune,Viman Nagar,Appetizer / Beverage / Main Course / Snack,Snack 15; Main Dish 27; Beverage 4; Main Dish 13; Appetizer 4,5,178.9,Snack 15; Main Dish 27; Beverage 4; Main Dish 13; Appetizer 4,pune,viman nagar,44,9429408,18.5235253,73.9847274
Restaurant 58,Bangalore,Indiranagar,Main Course,Main Dish 46; Main Dish 25,2,463.7,Main Dish 46; Main Dish 25,bangalore,indiranagar,50,9621551,12.9812702,77.7567939
Restaurant 58,Bangalore,Jayanagar,Appetizer / Main Course,Main Dish 39; Appetizer 12,2,432.3,Main Dish 39; Appetizer 12,bangalore,jayanagar,40,9621551,12.9420171,77.4633027
Restaurant 58,Bangalore,Koramangala,Main Course,Main Dish 3,1,191.0,Main Dish 3,bangalore,koramangala,26,9621551,12.8407525,77.6767306
Restaurant 58,Bangalore,Mg Road,Appetizer / Beverage / Dessert / Main Course,Beverage 3; Appetizer 12; Dessert 11; Beverage 18; Main Dish 9,5,235.2,Beverage 3; Appetizer 12; Dessert 11; Beverage 18; Main Dish 9,bangalore,mg road,54,9621551,13.0812549,77.5704484
Restaurant 58,Bangalore,Whitefield,Appetizer / Snack,Appetizer 10; Snack 9,2,219.2,Appetizer 10; Snack 9,bangalore,whitefield,19,9621551,13.0084868,77.6388287
Restaurant 58,Chennai,Adyar,Appetizer,Appetizer 9,1,60.7,Appetizer 9,chennai,adyar,32,4646732,12.9526557,80.3566979
Restaurant 58,Chennai,Anna Nagar,Appetizer / Dessert,Dessert 1; Dessert 3; Appetizer 3,3,246.7,Dessert 1; Dessert 3; Appetizer 3,chennai,anna nagar,50,4646732,13.1939775,80.170998
Restaurant 58,Chennai,Nungambakkam,Beverage,Beverage 1,1,38.7,Beverage 1,chennai,nungambakkam,30,4646732,13.1342583,80.1499474
Restaurant 58,Chennai,T. Nagar,Appetizer / Main Course,Main Dish 41; Appetizer 12,2,431.6,Main Dish 41; Appetizer 12,chennai,t. nagar,34,4646732,12.9527882,80.1508987
Restaurant 58,Chennai,Velachery,Main Course,Main Dish 39,1,747.2,Main Dish 39,chennai,velachery,22,4646732,13.0523612,80.132311
Restaurant 58,Mumbai,Juhu,Beverage / Main Course,Beverage 2; Main Dish 20; Main Dish 39,3,407.6,Beverage 2; Main Dish 20; Main Dish 39,mumbai,juhu,51,12442373,19.191945,72.7849483
Restaurant 58,Mumbai,Powai,Main Course,Main Dish 50; Main Dish 36,2,377.4,Main Dish 50; Main Dish 36,mumbai,powai,35,12442373,19.1677203,72.9868617
Restaurant 58,New Delhi,Connaught Place,Main Course,Main Dish 2; Main Dish 40,2,200.8,Main Dish 2; Main Dish 40,new delhi,connaught place,14,5000000,28.5299937,77.1750781
Restaurant 58,New Delhi,Hauz Khas,Beverage / Main Course,Main Dish 12; Beverage 17; Main Dish 17,3,393.3,Main Dish 12; Beverage 17; Main Dish 17,new delhi,hauz khas,33,5000000,28.6657757,77.2035961
Restaurant 58,New Delhi,Karol Bagh,Beverage,Beverage 4,1,206.0,Beverage 4,new delhi,karol bagh,13,5000000,28.7261155,77.1005384
Restaurant 58,New Delhi,Rajouri Garden,Dessert,Dessert 4,1,237.2,Dessert 4,new delhi,rajouri garden,35,5000000,28.6564503,77.2367869
Restaurant 58,New Delhi,Saket,Main Course / Snack,Main Dish 46; Snack 5,2,402.6,Main Dish 46; Snack 5,new delhi,saket,55,5000000,28.6416683,77.2118823
Restaurant 58,Pune,Aundh,Dessert / Snack,Dessert 5; Snack 13,2,123.9,Dessert 5; Snack 13,pune,aundh,41,9429408,18.5019103,73.7428216
Restaurant 58,Pune,Baner,Appetizer,Appetizer 12,1,163.5,Appetizer 12,pune,baner,49,9429408,18.4714291,73.7909484
Restaurant 58,Pune,Hinjawadi,Main Course,Main Dish 19,1,398.6,Main Dish 19,pune,hinjawadi,13,9429408,18.5914761,73.827606
Restaurant 58,Pune,Kothrud,Main Course,Main Dish 11,1,727.5,Main Dish 11,pune,kothrud,32,9429408,18.4716802,73.7158594
Restaurant 58,Pune,Viman Nagar,Beverage / Main Course,Main Dish 30; Beverage 4,2,449.9,Main Dish 30; Beverage 4,pune,viman nagar,44,9429408,18.5565884,73.8282453
Restaurant 59,Bangalore,Indiranagar,Appetizer / Main Course / Snack,Appetizer 15; Main Dish 31; Appetizer 3; Snack 2; Appetizer 16; Main Dish 17; Appetizer 13,7,158.8,Appetizer 15; Main Dish 31; Appetizer 3; Snack 2; Appetizer 16; Main Dish 17; Appetizer 13,bangalore,indiranagar,50,9621551,12.8882506,77.5595299
Restaurant 59,Bangalore,Jayanagar,Appetizer / Dessert,Dessert 6; Appetizer 10,2,166.5,Dessert 6; Appetizer 10,bangalore,jayanagar,40,9621551,13.0008155,77.6795107
Restaurant 59,Bangalore,Koramangala,Dessert / Main Course,Main Dish 29; Dessert 7,2,494.2,Main Dish 29; Dessert 7,bangalore,koramangala,26,9621551,12.9704642,77.5203392
Restaurant 59,Bangalore,Mg Road,Appetizer,Appetizer 4,1,204.1,Appetizer 4,bangalore,mg road,54,9621551,12.9217321,77.705709
Restaurant 59,Chennai,Adyar,Beverage / Main Course / Snack,Main Dish 10; Beverage 1; Snack 1; Beverage 11,4,279.3,Main Dish 10; Beverage 1; Snack 1; Beverage 11,chennai,adyar,32,4646732,12.9791042,80.1477256
Restaurant 59,Chennai,Anna Nagar,Dessert / Main Course,Main Dish 22; Dessert 10,2,293.5,Main Dish 22; Dessert 10,chennai,anna nagar,50,4646732,13.0344547,80.3062586
Restaurant 59,Chennai,Nungambakkam,Dessert / Main Course,Dessert 18; Main Dish 9,2,377.6,Dessert 18; Main Dish 9,chennai,nungambakkam,30,4646732,13.0700415,80.3568137
Restaurant 59,Chennai,T. Nagar,Appetizer / Main Course,Appetizer 15; Main Dish 36,2,396.8,Appetizer 15; Main Dish 36,chennai,t. nagar,34,4646732,13.1560075,80.2340873
Restaurant 59,Chennai,Velachery,Appetizer / Dessert,Dessert 15; Appetizer 13; Dessert 5,3,222.1,Dessert 15; Appetizer 13; Dessert 5,chennai,velachery,22,4646732,12.9881444,80.3391773
Restaurant 59,Mumbai,Andheri,Beverage / Main Course,Main Dish 6; Beverage 4,2,196.1,Main Dish 6; Beverage 4,mumbai,andheri,22,12442373,19.1705522,72.7614805
Restaurant 59,Mumbai,Goregaon,Main Course,Main Dish 42,1,433.9,Main Dish 42,mumbai,goregaon,47,12442373,19.2331483,72.903465
Restaurant 59,Mumbai,Juhu,Appetizer / Beverage,Appetizer 13; Beverage 8,2,158.8,Appetizer 13; Beverage 8,mumbai,juhu,51,12442373,19.0728785,72.9170367
Restaurant 59,Mumbai,Powai,Appetizer,Appetizer 6,1,156.7,Appetizer 6,mumbai,powai,35,12442373,19.0281073,72.8815976
Restaurant 59,New Delhi,Connaught Place,Appetizer / Main Course,Main Dish 3; Appetizer 5,2,215.2,Main Dish 3; Appetizer 5,new delhi,connaught place,14,5000000,28.737498,77.1830386
Restaurant 59,New Delhi,Hauz Khas,Dessert,Dessert 15,1,379.8,Dessert 15,new delhi,hauz khas,33,5000000,28.4583353,77.2800425
Restaurant 59,New Delhi,Rajouri Garden,Beverage / Main Course,Beverage 16; Main Dish 39; Beverage 8; Main Dish 47,4,317.9,Beverage 16; Main Dish 39; Beverage 8; Main Dish 47,new delhi,rajouri garden,35,5000000,28.5634307,77.0395229
Restaurant 59,New Delhi,Saket,Appetizer,Appetizer 9,1,87.0,Appetizer 9,new delhi,saket,55,5000000,28.4342279,77.2883287
Restaurant 59,Pune,Hinjawadi,Main Course / Snack,Main Dish 37; Main Dish 22; Snack 8,3,372.9,Main Dish 37; Main Dish 22; Snack 8,pune,hinjawadi,13,9429408,18.5327801,73.670841
Restaurant 59,Pune,Viman Nagar,Appetizer,Appetizer 6,1,86.9,Appetizer 6,pune,viman nagar,44,9429408,18.6386672,73.9672494
Restaurant 6,Bangalore,Indiranagar,Appetizer / Main Course,Main Dish 36; Appetizer 11; Main Dish 28,3,334.9,Main Dish 36; Appetizer 11; Main Dish 28,bangalore,indiranagar,50,9621551,13.0914699,77.6427185
Restaurant 6,Bangalore,Jayanagar,Appetizer / Beverage,Beverage 15; Appetizer 2,2,201.0,Beverage 15; Appetizer 2,bangalore,jayanagar,40,9621551,12.810153,77.5590056
Restaurant 6,Bangalore,Koramangala,Dessert / Snack,Snack 5; Snack 12; Dessert 9,3,158.6,Snack 5; Snack 12; Dessert 9,bangalore,koramangala,26,9621551,12.9805316,77.7247659
Restaurant 6,Bangalore,Mg Road,Beverage / Main Course,Main Dish 4; Main Dish 11; Beverage 5,3,410.9,Main Dish 4; Main Dish 11; Beverage 5,bangalore,mg road,54,9621551,12.9481806,77.4967367
Restaurant 6,Chennai,Adyar,Appetizer,Appetizer 3,1,238.5,Appetizer 3,chennai,adyar,32,4646732,13.1016209,80.3208992
Restaurant 6,Chennai,Nungambakkam,Dessert / Main Course / Snack,Main Dish 11; Dessert 10; Snack 5,3,341.7,Main Dish 11; Dessert 10; Snack 5,chennai,nungambakkam,30,4646732,12.9770219,80.1595497
Restaurant 6,Chennai,T. Nagar,Beverage / Main Course,Beverage 5; Main Dish 16; Main Dish 3,3,474.2,Beverage 5; Main Dish 16; Main Dish 3,chennai,t. nagar,34,4646732,12.9485671,80.3105337
Restaurant 6,Chennai,Velachery,Appetizer / Main Course,Main Dish 34; Main Dish 9; Main Dish 32; Appetizer 11,4,490.6,Main Dish 34; Main Dish 9; Main Dish 32; Appetizer 11,chennai,velachery,22,4646732,12.8951248,80.1419133
Restaurant 6,Mumbai,Andheri,Main Course,Main Dish 47,1,634.7,Main Dish 47,mumbai,andheri,22,12442373,19.1397361,72.9441881
Restaurant 6,Mumbai,Bandra,Main Course,Main Dish 37; Main Dish 12,2,332.4,Main Dish 37; Main Dish 12,mumbai,bandra,35,12442373,19.0724083,72.7492753
Restaurant 6,Mumbai,Goregaon,Main Course,Main Dish 34,1,212.3,Main Dish 34,mumbai,goregaon,47,12442373,19.0773042,72.8559744
Restaurant 6,Mumbai,Juhu,Main Course,Main Dish 39,1,597.8,Main Dish 39,mumbai,juhu,51,12442373,19.0714399,72.7377193
Restaurant 6,Mumbai,Powai,Main Course,Main Dish 50,1,510.1,Main Dish 50,mumbai,powai,35,12442373,19.203643,72.8647684
Restaurant 6,New Delhi,Connaught Place,Appetizer / Dessert,Appetizer 18; Dessert 16,2,257.9,Appetizer 18; Dessert 16,new delhi,connaught place,14,5000000,28.5779752,77.3182992
Restaurant 6,New Delhi,Hauz Khas,Appetizer / Beverage / Main Course,Main Dish 36; Appetizer 1; Beverage 16,3,357.4,Main Dish 36; Appetizer 1; Beverage 16,new delhi,hauz khas,33,5000000,28.5603411,77.0822246
Restaurant 6,New Delhi,Karol Bagh,Appetizer / Dessert / Main Course,Appetizer 11; Appetizer 14; Dessert 19; Main Dish 6,4,334.4,Appetizer 11; Appetizer 14; Dessert 19; Main Dish 6,new delhi,karol bagh,13,5000000,28.6618987,77.3074047
Restaurant 6,New Delhi,Rajouri Garden,Appetizer / Main Course,Main Dish 43; Appetizer 2,2,210.8,Main Dish 43; Appetizer 2,new delhi,rajouri garden,35,5000000,28.76665,77.1227115
Restaurant 6,New Delhi,Saket,Appetizer / Beverage / Dessert / Main Course,Main Dish 44; Beverage 4; Main Dish 42; Main Dish 43; Dessert 11; Appetizer 7,6,277.2,Main Dish 44; Beverage 4; Main Dish 42; Main Dish 43; Dessert 11; Appetizer 7,new delhi,saket,55,5000000,28.5362337,77.0905108
Restaurant 6,Pune,Aundh,Main Course,Main Dish 47,1,360.6,Main Dish 47,pune,aundh,41,9429408,18.6524121,73.8194451
Restaurant 6,Pune,Viman Nagar,Snack,Snack 14,1,121.1,Snack 14,pune,viman nagar,44,9429408,18.4828231,73.9197588
Restaurant 60,Bangalore,Indiranagar,Beverage / Main Course / Snack,Beverage 3; Main Dish 29; Snack 14; Main Dish 46,4,382.2,Beverage 3; Main Dish 29; Snack 14; Main Dish 46,bangalore,indiranagar,50,9621551,12.8840295,77.7191649
Restaurant 60,Bangalore,Jayanagar,Beverage / Main Course,Beverage 10; Main Dish 50,2,439.8,Beverage 10; Main Dish 50,bangalore,jayanagar,40,9621551,13.0336095,77.5188088
Restaurant 60,Bangalore,Koramangala,Appetizer / Snack,Snack 5; Appetizer 17,2,117.6,Snack 5; Appetizer 17,bangalore,koramangala,26,9621551,12.8339608,77.5797787
Restaurant 60,Bangalore,Mg Road,Main Course,Main Dish 49; Main Dish 3,2,613.0,Main Dish 49; Main Dish 3,bangalore,mg road,54,9621551,13.0706973,77.6699103
Restaurant 60,Bangalore,Whitefield,Appetizer / Beverage / Dessert / Main Course / Snack,Snack 3; Beverage 17; Appetizer 20; Dessert 12; Dessert 13; Appetizer 4; Main Dish 49,7,203.9,Snack 3; Beverage 17; Appetizer 20; Dessert 12; Dessert 13; Appetizer 4; Main Dish 49,bangalore,whitefield,19,9621551,13.0672852,77.8550367
Restaurant 60,Chennai,Adyar,Beverage,Beverage 19,1,290.1,Beverage 19,chennai,adyar,32,4646732,12.8928467,80.275648
Restaurant 60,Chennai,T. Nagar,Beverage / Dessert / Snack,Beverage 6; Snack 14; Dessert 17,3,190.5,Beverage 6; Snack 14; Dessert 17,chennai,t. nagar,34,4646732,13.0505729,80.1127158
Restaurant 60,Chennai,Velachery,Beverage / Dessert,Beverage 6; Dessert 2,2,298.2,Beverage 6; Dessert 2,chennai,velachery,22,4646732,13.0983441,80.2251019
Restaurant 60,Mumbai,Andheri,Beverage,Beverage 3,1,152.0,Beverage 3,mumbai,andheri,22,12442373,19.0382328,72.7873964
Restaurant 60,Mumbai,Bandra,Main Course,Main Dish 41; Main Dish 42,2,599.0,Main Dish 41; Main Dish 42,mumbai,bandra,35,12442373,19.10398,72.9197344
Restaurant 60,Mumbai,Goregaon,Dessert / Main Course,Dessert 6; Main Dish 20,2,330.2,Dessert 6; Main Dish 20,mumbai,goregaon,47,12442373,19.2256446,72.7850802
Restaurant 60,Mumbai,Juhu,Main Course,Main Dish 28,1,545.1,Main Dish 28,mumbai,juhu,51,12442373,19.1946426,72.8700633
Restaurant 60,Mumbai,Powai,Appetizer / Main Course,Main Dish 45; Appetizer 13,2,340.9,Main Dish 45; Appetizer 13,mumbai,powai,35,12442373,19.0845765,72.9968568
Restaurant 60,New Delhi,Connaught Place,Dessert / Main Course,Dessert 19; Main Dish 22,2,358.3,Dessert 19; Main Dish 22,new delhi,connaught place,14,5000000,28.6044237,77.1093269
Restaurant 60,New Delhi,Hauz Khas,Beverage / Main Course,Beverage 1; Main Dish 12; Main Dish 11,3,247.6,Beverage 1; Main Dish 12; Main Dish 11,new delhi,hauz khas,33,5000000,28.6191395,77.2984326
Restaurant 60,New Delhi,Karol Bagh,Beverage / Main Course / Snack,Beverage 20; Snack 5; Main Dish 31; Main Dish 24; Snack 13,5,331.5,Beverage 20; Snack 5; Main Dish 31; Main Dish 24; Snack 13,new delhi,karol bagh,13,5000000,28.5688791,77.1101407
Restaurant 60,New Delhi,Saket,Main Course,Main Dish 30,1,453.7,Main Dish 30,new delhi,saket,55,5000000,28.5950321,77.3067188
Restaurant 60,Pune,Aundh,Dessert,Dessert 7,1,152.4,Dessert 7,pune,aundh,41,9429408,18.4882409,73.8650047
Restaurant 60,Pune,Baner,Beverage / Main Course,Main Dish 31; Beverage 1,2,277.1,Main Dish 31; Beverage 1,pune,baner,49,9429408,18.6197695,73.7200542
Restaurant 60,Pune,Hinjawadi,Dessert,Dessert 12,1,324.1,Dessert 12,pune,hinjawadi,13,9429408,18.6832819,73.7474645
Restaurant 60,Pune,Viman Nagar,Beverage,Beverage 12,1,229.6,Beverage 12,pune,viman nagar,44,9429408,18.6311635,73.8488646
Restaurant 61,Bangalore,Indiranagar,Beverage / Main Course,Main Dish 7; Beverage 13,2,424.2,Main Dish 7; Beverage 13,bangalore,indiranagar,50,9621551,12.9860353,77.521347
Restaurant 61,Bangalore,Jayanagar,Beverage / Main Course,Main Dish 12; Main Dish 34; Beverage 11,3,285.4,Main Dish 12; Main Dish 34; Beverage 11,bangalore,jayanagar,40,9621551,12.8950874,77.7005768
Restaurant 61,Bangalore,Koramangala,Appetizer / Main Course,Appetizer 2; Appetizer 5; Appetizer 15; Main Dish 6,4,237.5,Appetizer 2; Appetizer 5; Appetizer 15; Main Dish 6,bangalore,koramangala,26,9621551,13.0414651,77.5877392
Restaurant 61,Bangalore,Mg Road,Beverage / Main Course,Main Dish 10; Beverage 2,2,268.0,Main Dish 10; Beverage 2,bangalore,mg road,54,9621551,12.8619231,77.6246591
Restaurant 61,Bangalore,Whitefield,Main Course,Main Dish 7; Main Dish 1,2,628.1,Main Dish 7; Main Dish 1,bangalore,whitefield,19,9621551,12.8766227,77.7345316
Restaurant 61,Chennai,Adyar,Appetizer / Main Course,Appetizer 2; Appetizer 20; Main Dish 49,3,158.2,Appetizer 2; Appetizer 20; Main Dish 49,chennai,adyar,32,4646732,13.0786457,80.1672395
Restaurant 61,Chennai,Anna Nagar,Beverage,Beverage 12,1,211.4,Beverage 12,chennai,anna nagar,50,4646732,13.0609032,80.0972863
Restaurant 61,Chennai,Nungambakkam,Appetizer,Appetizer 15,1,101.3,Appetizer 15,chennai,nungambakkam,30,4646732,13.1802412,80.2427383
Restaurant 61,Chennai,T. Nagar,Main Course,Main Dish 6,1,734.5,Main Dish 6,chennai,t. nagar,34,4646732,13.1093713,80.3289238
Restaurant 61,Mumbai,Andheri,Appetizer / Beverage / Dessert / Main Course,Beverage 13; Appetizer 19; Main Dish 28; Dessert 4,4,296.0,Beverage 13; Appetizer 19; Main Dish 28; Dessert 4,mumbai,andheri,22,12442373,19.2204321,72.8348225
Restaurant 61,Mumbai,Bandra,Dessert / Main Course,Main Dish 31; Dessert 14,2,216.0,Main Dish 31; Dessert 14,mumbai,bandra,35,12442373,18.964367,72.8144703
Restaurant 61,Mumbai,Goregaon,Dessert,Dessert 7; Dessert 6,2,276.8,Dessert 7; Dessert 6,mumbai,goregaon,47,12442373,19.1635917,72.9389401
Restaurant 61,Mumbai,Juhu,Beverage / Dessert / Snack,Dessert 4; Beverage 15; Snack 7; Beverage 17; Dessert 11,5,144.3,Dessert 4; Beverage 15; Snack 7; Beverage 17; Dessert 11,mumbai,juhu,51,12442373,19.0129133,72.855579
Restaurant 61,Mumbai,Powai,Main Course,Main Dish 39; Main Dish 28,2,356.4,Main Dish 39; Main Dish 28,mumbai,powai,35,12442373,19.0831379,72.8175394
Restaurant 61,New Delhi,Connaught Place,Main Course,Main Dish 31,1,754.2,Main Dish 31,new delhi,connaught place,14,5000000,28.7269404,77.2825005
Restaurant 61,New Delhi,Hauz Khas,Appetizer / Beverage / Main Course,Main Dish 30; Main Dish 9; Main Dish 29; Appetizer 18; Beverage 16,5,377.4,Main Dish 30; Main Dish 9; Main Dish 29; Appetizer 18; Beverage 16,new delhi,hauz khas,33,5000000,28.428477,77.1779275
Restaurant 61,New Delhi,Karol Bagh,Dessert / Main Course / Snack,Snack 14; Main Dish 10; Main Dish 3; Dessert 12; Main Dish 46,5,473.9,Snack 14; Main Dish 10; Main Dish 3; Dessert 12; Main Dish 46,new delhi,karol bagh,13,5000000,28.7720984,77.1933293
Restaurant 61,New Delhi,Saket,Beverage / Main Course,Beverage 8; Main Dish 46,2,425.8,Beverage 8; Main Dish 46,new delhi,saket,55,5000000,28.4043696,77.1862137
Restaurant 61,Pune,Hinjawadi,Appetizer,Appetizer 13,1,211.0,Appetizer 13,pune,hinjawadi,13,9429408,18.5191107,73.7930241
Restaurant 61,Pune,Kothrud,Main Course / Snack,Main Dish 17; Snack 5,2,240.6,Main Dish 17; Snack 5,pune,kothrud,32,9429408,18.5948829,73.8482034
Restaurant 62,Bangalore,Indiranagar,Beverage / Dessert / Main Course,Main Dish 28; Dessert 18; Beverage 6,3,196.7,Main Dish 28; Dessert 18; Beverage 6,bangalore,indiranagar,50,9621551,13.0448337,77.737555
Restaurant 62,Bangalore,Jayanagar,Beverage,Beverage 5,1,77.0,Beverage 5,bangalore,jayanagar,40,9621551,12.8743133,77.4714911
Restaurant 62,Bangalore,Koramangala,Appetizer / Dessert / Main Course,Main Dish 1; Dessert 4; Appetizer 16,3,342.5,Main Dish 1; Dessert 4; Appetizer 16,bangalore,koramangala,26,9621551,12.8819423,77.7229998
Restaurant 62,Bangalore,Mg Road,Appetizer / Beverage / Main Course,Beverage 13; Main Dish 29; Main Dish 8; Appetizer 18,4,276.6,Beverage 13; Main Dish 29; Main Dish 8; Appetizer 18,bangalore,mg road,54,9621551,13.0477221,77.5162506
Restaurant 62,Bangalore,Whitefield,Beverage,Beverage 9; Beverage 8,2,182.1,Beverage 9; Beverage 8,bangalore,whitefield,19,9621551,13.1000792,77.6943348
Restaurant 62,Chennai,Adyar,Appetizer / Beverage / Main Course / Snack,Main Dish 48; Beverage 20; Appetizer 18; Snack 15,4,161.2,Main Dish 48; Beverage 20; Appetizer 18; Snack 15,chennai,adyar,32,4646732,13.0144289,80.3741058
Restaurant 62,Chennai,Anna Nagar,Snack,Snack 6; Snack 4,2,156.8,Snack 6; Snack 4,chennai,anna nagar,50,4646732,13.1834199,80.2704599
Restaurant 62,Chennai,Nungambakkam,Dessert / Main Course,Dessert 5; Main Dish 19; Dessert 4,3,317.6,Dessert 5; Main Dish 19; Dessert 4,chennai,nungambakkam,30,4646732,12.9728008,80.3191847
Restaurant 62,Chennai,T. Nagar,Appetizer / Main Course / Snack,Appetizer 13; Main Dish 38; Snack 14; Main Dish 20,4,264.8,Appetizer 13; Main Dish 38; Snack 14; Main Dish 20,chennai,t. nagar,34,4646732,12.9187088,80.2084187
Restaurant 62,Chennai,Velachery,Beverage / Main Course,Main Dish 1; Main Dish 28; Main Dish 11; Beverage 1; Main Dish 40,5,394.1,Main Dish 1; Main Dish 28; Main Dish 11; Beverage 1; Main Dish 40,chennai,velachery,22,4646732,12.8909037,80.3015483
Restaurant 62,Mumbai,Andheri,Appetizer / Main Course,Main Dish 36; Appetizer 10,2,422.7,Main Dish 36; Appetizer 10,mumbai,andheri,22,12442373,19.0527295,72.9236222
Restaurant 62,Mumbai,Juhu,Dessert / Main Course / Snack,Snack 4; Dessert 8; Main Dish 23,3,318.4,Snack 4; Dessert 8; Main Dish 23,mumbai,juhu,51,12442373,19.1578761,72.7425875
Restaurant 62,New Delhi,Connaught Place,Snack,Snack 7,1,117.9,Snack 7,new delhi,connaught place,14,5000000,28.5181662,77.2372493
Restaurant 62,New Delhi,Hauz Khas,Main Course,Main Dish 3,1,668.7,Main Dish 3,new delhi,hauz khas,33,5000000,28.6519335,77.1377307
Restaurant 62,New Delhi,Karol Bagh,Appetizer / Snack,Snack 1; Appetizer 2,2,160.8,Snack 1; Appetizer 2,new delhi,karol bagh,13,5000000,28.564658,77.2697757
Restaurant 62,New Delhi,Rajouri Garden,Appetizer / Main Course,Appetizer 6; Main Dish 17; Main Dish 38,3,212.0,Appetizer 6; Main Dish 17; Main Dish 38,new delhi,rajouri garden,35,5000000,28.5592096,77.1991579
Restaurant 62,New Delhi,Saket,Appetizer / Beverage / Dessert / Main Course,Appetizer 3; Main Dish 41; Main Dish 28; Beverage 17; Main Dish 24; Dessert 11; Main Dish 30,7,422.0,Appetizer 3; Main Dish 41; Main Dish 28; Beverage 17; Main Dish 24; Dessert 11; Main Dish 30,new delhi,saket,55,5000000,28.6278261,77.1460169
Restaurant 62,Pune,Aundh,Beverage,Beverage 2,1,205.8,Beverage 2,pune,aundh,41,9429408,18.5793125,73.7192507
Restaurant 62,Pune,Kothrud,Main Course,Main Dish 44; Main Dish 1,2,246.3,Main Dish 44; Main Dish 1,pune,kothrud,32,9429408,18.4131536,73.8337191
Restaurant 62,Pune,Viman Nagar,Dessert,Dessert 1,1,275.5,Dessert 1,pune,viman nagar,44,9429408,18.5691106,74.0027245
Restaurant 63,Bangalore,Indiranagar,Snack,Snack 13,1,194.1,Snack 13,bangalore,indiranagar,50,9621551,12.8541712,77.6170499
Restaurant 63,Bangalore,Mg Road,Appetizer,Appetizer 11,1,232.6,Appetizer 11,bangalore,mg road,54,9621551,12.9835053,77.7231169
Restaurant 63,Bangalore,Whitefield,Appetizer / Main Course,Appetizer 5; Main Dish 11; Appetizer 13,3,331.7,Appetizer 5; Main Dish 11; Appetizer 13,bangalore,whitefield,19,9621551,12.9615571,77.8761028
Restaurant 63,Chennai,Anna Nagar,Beverage / Main Course,Beverage 7; Main Dish 43,2,346.5,Beverage 7; Main Dish 43,chennai,anna nagar,50,4646732,12.9746457,80.2252087
Restaurant 63,Chennai,Nungambakkam,Main Course,Main Dish 10,1,300.0,Main Dish 10,chennai,nungambakkam,30,4646732,13.0748066,80.1213668
Restaurant 63,Chennai,T. Nagar,Main Course,Main Dish 4,1,680.7,Main Dish 4,chennai,t. nagar,34,4646732,13.1421653,80.1682219
Restaurant 63,Chennai,Velachery,Main Course,Main Dish 28; Main Dish 40; Main Dish 50,3,410.7,Main Dish 28; Main Dish 40; Main Dish 50,chennai,velachery,22,4646732,12.9929095,80.1037304
Restaurant 63,Mumbai,Andheri,Beverage / Dessert / Main Course,Beverage 15; Main Dish 10; Dessert 16,3,377.5,Beverage 15; Main Dish 10; Dessert 16,mumbai,andheri,22,12442373,19.1169068,72.7434583
Restaurant 63,Mumbai,Bandra,Appetizer / Main Course / Snack,Main Dish 23; Appetizer 7; Snack 2; Main Dish 24; Appetizer 9,5,231.2,Main Dish 23; Appetizer 7; Snack 2; Main Dish 24; Appetizer 9,mumbai,bandra,35,12442373,19.1399027,72.7976411
Restaurant 63,Mumbai,Goregaon,Appetizer,Appetizer 4,1,138.3,Appetizer 4,mumbai,goregaon,47,12442373,19.1048957,72.7821751
Restaurant 63,Mumbai,Juhu,Dessert,Dessert 12,1,344.8,Dessert 12,mumbai,juhu,51,12442373,19.12706,72.9252951
Restaurant 63,New Delhi,Hauz Khas,Appetizer / Beverage / Dessert / Main Course / Snack,Snack 3; Beverage 2; Main Dish 27; Main Dish 15; Main Dish 43; Appetizer 16; Dessert 14; Main Dish 4; Dessert 18; Appetizer 9,10,280.9,Snack 3; Beverage 2; Main Dish 27; Main Dish 15; Main Dish 43; Appetizer 16; Dessert 14; Main Dish 4; Dessert 18; Appetizer 9,new delhi,hauz khas,33,5000000,28.5134114,77.3194987
Restaurant 63,New Delhi,Rajouri Garden,Appetizer / Main Course,Appetizer 9; Main Dish 27,2,421.1,Appetizer 9; Main Dish 27,new delhi,rajouri garden,35,5000000,28.6612154,77.00134
Restaurant 63,New Delhi,Saket,Dessert / Main Course,Dessert 13; Main Dish 1,2,163.8,Dessert 13; Main Dish 1,new delhi,saket,55,5000000,28.489304,77.3277849
Restaurant 63,Pune,Aundh,Appetizer,Appetizer 19,1,52.0,Appetizer 19,pune,aundh,41,9429408,18.6108842,73.8897098
Restaurant 63,Pune,Baner,Appetizer / Dessert / Main Course / Snack,Dessert 18; Appetizer 11; Appetizer 1; Main Dish 24; Snack 15,5,189.7,Dessert 18; Appetizer 11; Appetizer 1; Main Dish 24; Snack 15,pune,baner,49,9429408,18.5577166,73.8739141
Restaurant 63,Pune,Viman Nagar,Main Course / Snack,Main Dish 43; Snack 11,2,196.0,Main Dish 43; Snack 11,pune,viman nagar,44,9429408,18.5104146,73.8459595
Restaurant 64,Bangalore,Indiranagar,Appetizer / Main Course,Appetizer 9; Main Dish 1,2,430.4,Appetizer 9; Main Dish 1,bangalore,indiranagar,50,9621551,13.0776277,77.5768531
Restaurant 64,Bangalore,Jayanagar,Main Course,Main Dish 22,1,256.2,Main Dish 22,bangalore,jayanagar,40,9621551,13.0454783,77.627384
Restaurant 64,Bangalore,Koramangala,Appetizer / Dessert / Main Course,Appetizer 9; Main Dish 36; Dessert 17,3,278.7,Appetizer 9; Main Dish 36; Dessert 17,bangalore,koramangala,26,9621551,12.9083908,77.5140275
Restaurant 64,Bangalore,Mg Road,Beverage / Dessert / Main Course,Main Dish 37; Beverage 10; Dessert 5,3,355.8,Main Dish 37; Beverage 10; Dessert 5,bangalore,mg road,54,9621551,12.8904857,77.5258529
Restaurant 64,Bangalore,Whitefield,Main Course,Main Dish 11,1,247.7,Main Dish 11,bangalore,whitefield,19,9621551,12.940783,77.6470171
Restaurant 64,Chennai,Adyar,Appetizer,Appetizer 1; Appetizer 17,2,146.6,Appetizer 1; Appetizer 17,chennai,adyar,32,4646732,12.9214093,80.1768418
Restaurant 64,Chennai,Anna Nagar,Main Course,Main Dish 32,1,759.3,Main Dish 32,chennai,anna nagar,50,4646732,13.1604447,80.1168002
Restaurant 64,Chennai,Nungambakkam,Appetizer / Main Course,Appetizer 5; Main Dish 28; Appetizer 3,3,400.1,Appetizer 5; Main Dish 28; Appetizer 3,chennai,nungambakkam,30,4646732,13.133605,80.3375748
Restaurant 64,Chennai,T. Nagar,Main Course,Main Dish 19; Main Dish 16; Main Dish 39; Main Dish 33,4,483.6,Main Dish 19; Main Dish 16; Main Dish 39; Main Dish 33,chennai,t. nagar,34,4646732,13.0036432,80.3499899
Restaurant 64,Mumbai,Bandra,Appetizer,Appetizer 8; Appetizer 18,2,128.7,Appetizer 8; Appetizer 18,mumbai,bandra,35,12442373,19.0208362,72.9297295
Restaurant 64,Mumbai,Goregaon,Main Course / Snack,Main Dish 36; Snack 2,2,328.9,Main Dish 36; Snack 2,mumbai,goregaon,47,12442373,19.2553975,72.8587986
Restaurant 64,Mumbai,Juhu,Beverage / Main Course,Main Dish 20; Beverage 5,2,424.9,Main Dish 20; Beverage 5,mumbai,juhu,51,12442373,19.0255567,72.7685034
Restaurant 64,New Delhi,Connaught Place,Main Course,Main Dish 25; Main Dish 22,2,546.1,Main Dish 25; Main Dish 22,new delhi,connaught place,14,5000000,28.7039652,77.1288408
Restaurant 64,New Delhi,Hauz Khas,Beverage / Main Course,Main Dish 2; Beverage 14; Main Dish 45,3,415.2,Main Dish 2; Beverage 14; Main Dish 45,new delhi,hauz khas,33,5000000,28.4926373,77.090413
Restaurant 64,New Delhi,Karol Bagh,Snack,Snack 9,1,193.4,Snack 9,new delhi,karol bagh,13,5000000,28.6666638,77.0719578
Restaurant 64,New Delhi,Rajouri Garden,Appetizer / Snack,Snack 3; Appetizer 16,2,153.5,Snack 3; Appetizer 16,new delhi,rajouri garden,35,5000000,28.7200138,77.217548
Restaurant 64,New Delhi,Saket,Snack,Snack 11,1,91.9,Snack 11,new delhi,saket,55,5000000,28.4685299,77.0986992
Restaurant 64,Pune,Aundh,Dessert,Dessert 15,1,281.2,Dessert 15,pune,aundh,41,9429408,18.4712712,73.7844457
Restaurant 64,Pune,Baner,Beverage,Beverage 9,1,108.5,Beverage 9,pune,baner,49,9429408,18.4990206,73.7171491
Restaurant 64,Pune,Hinjawadi,Appetizer / Beverage / Main Course,Appetizer 11; Main Dish 42; Beverage 3,3,201.2,Appetizer 11; Main Dish 42; Beverage 3,pune,hinjawadi,13,9429408,18.6101823,73.6472701
Restaurant 64,Pune,Kothrud,Snack,Snack 8,1,179.3,Snack 8,pune,kothrud,32,9429408,18.5581164,73.7207276
Restaurant 64,Pune,Viman Nagar,Dessert / Snack,Snack 14; Dessert 12,2,235.9,Snack 14; Dessert 12,pune,viman nagar,44,9429408,18.6609164,73.922583
Restaurant 65,Bangalore,Indiranagar,Dessert / Main Course,Dessert 11; Main Dish 50,2,368.2,Dessert 11; Main Dish 50,bangalore,indiranagar,50,9621551,12.9391056,77.7586211
Restaurant 65,Bangalore,Jayanagar,Appetizer / Dessert / Main Course,Appetizer 19; Dessert 1; Main Dish 2,3,252.3,Appetizer 19; Dessert 1; Main Dish 2,bangalore,jayanagar,40,9621551,12.8124712,77.628057
Restaurant 65,Bangalore,Koramangala,Appetizer / Dessert / Main Course,Appetizer 11; Dessert 7; Main Dish 45; Main Dish 8,4,454.9,Appetizer 11; Dessert 7; Main Dish 45; Main Dish 8,bangalore,koramangala,26,9621551,13.0309075,77.6872011
Restaurant 65,Bangalore,Mg Road,Beverage / Main Course,Main Dish 48; Main Dish 5; Beverage 12; Main Dish 14,4,453.0,Main Dish 48; Main Dish 5; Beverage 12; Main Dish 14,bangalore,mg road,54,9621551,13.093705,77.6090415
Restaurant 65,Bangalore,Whitefield,Appetizer / Beverage,Appetizer 2; Appetizer 12; Beverage 18,3,125.4,Appetizer 2; Appetizer 12; Beverage 18,bangalore,whitefield,19,9621551,13.111948,77.80291
Restaurant 65,Chennai,Adyar,Appetizer / Main Course / Snack,Main Dish 35; Appetizer 8; Appetizer 4; Snack 9,4,144.6,Main Dish 35; Appetizer 8; Appetizer 4; Snack 9,chennai,adyar,32,4646732,13.1246286,80.2600304
Restaurant 65,Chennai,Anna Nagar,Main Course,Main Dish 43,1,567.2,Main Dish 43,chennai,anna nagar,50,4646732,13.0962279,80.3236665
Restaurant 65,Chennai,Nungambakkam,Beverage,Beverage 10,1,256.1,Beverage 10,chennai,nungambakkam,30,4646732,12.9429425,80.2170697
Restaurant 65,Chennai,T. Nagar,Snack,Snack 9,1,163.9,Snack 9,chennai,t. nagar,34,4646732,12.9828691,80.1209042
Restaurant 65,Chennai,Velachery,Snack,Snack 1,1,108.8,Snack 1,chennai,velachery,22,4646732,13.0517079,80.3199384
Restaurant 65,Mumbai,Andheri,Appetizer / Beverage,Appetizer 20; Appetizer 2; Beverage 4,3,156.6,Appetizer 20; Appetizer 2; Beverage 4,mumbai,andheri,22,12442373,19.1918618,72.9210313
Restaurant 65,Mumbai,Goregaon,Main Course,Main Dish 37,1,647.2,Main Dish 37,mumbai,goregaon,47,12442373,19.0912263,72.9043582
Restaurant 65,Mumbai,Juhu,Main Course,Main Dish 47,1,643.1,Main Dish 47,mumbai,juhu,51,12442373,19.207756,72.8159295
Restaurant 65,Mumbai,Powai,Appetizer / Main Course,Appetizer 18; Main Dish 16; Appetizer 20,3,190.8,Appetizer 18; Main Dish 16; Appetizer 20,mumbai,powai,35,12442373,19.2063406,72.9498834
Restaurant 65,New Delhi,Connaught Place,Appetizer / Dessert / Main Course,Main Dish 5; Dessert 1; Appetizer 1; Main Dish 17,4,486.5,Main Dish 5; Dessert 1; Appetizer 1; Main Dish 17,new delhi,connaught place,14,5000000,28.6397484,77.3357071
Restaurant 65,New Delhi,Hauz Khas,Main Course,Main Dish 42; Main Dish 47; Main Dish 41; Main Dish 7,4,501.2,Main Dish 42; Main Dish 47; Main Dish 41; Main Dish 7,new delhi,hauz khas,33,5000000,28.6638023,77.2463059
Restaurant 65,New Delhi,Karol Bagh,Beverage / Snack,Snack 11; Beverage 11,2,125.4,Snack 11; Beverage 11,new delhi,karol bagh,13,5000000,28.7254622,77.2881658
Restaurant 65,New Delhi,Rajouri Garden,Appetizer / Beverage / Dessert / Main Course,Main Dish 19; Dessert 9; Beverage 1; Appetizer 12; Appetizer 4,5,211.8,Main Dish 19; Dessert 9; Beverage 1; Appetizer 12; Appetizer 4,new delhi,rajouri garden,35,5000000,28.5293513,77.0970429
Restaurant 65,New Delhi,Saket,Appetizer / Beverage / Main Course,Beverage 5; Main Dish 24; Appetizer 10,3,353.3,Beverage 5; Main Dish 24; Appetizer 10,new delhi,saket,55,5000000,28.6396949,77.2545921
Restaurant 65,Pune,Aundh,Main Course,Main Dish 7,1,221.7,Main Dish 7,pune,aundh,41,9429408,18.6468069,73.7676165
Restaurant 65,Pune,Baner,Appetizer / Main Course,Main Dish 33; Appetizer 6,2,199.2,Main Dish 33; Appetizer 6,pune,baner,49,9429408,18.6495224,73.7937726
Restaurant 65,Pune,Hinjawadi,Main Course,Main Dish 28; Main Dish 37; Main Dish 12,3,647.1,Main Dish 28; Main Dish 37; Main Dish 12,pune,hinjawadi,13,9429408,18.641754,73.8177292
Restaurant 65,Pune,Kothrud,Main Course,Main Dish 16,1,251.1,Main Dish 16,pune,kothrud,32,9429408,18.5273003,73.9034352
Restaurant 65,Pune,Viman Nagar,Appetizer / Main Course,Appetizer 20; Main Dish 42,2,260.8,Appetizer 20; Main Dish 42,pune,viman nagar,44,9429408,18.4967452,73.9681426
Restaurant 66,Bangalore,Indiranagar,Appetizer / Main Course,Appetizer 4; Main Dish 19; Main Dish 1,3,423.3,Appetizer 4; Main Dish 19; Main Dish 1,bangalore,indiranagar,50,9621551,12.9183315,77.5295354
Restaurant 66,Bangalore,Jayanagar,Main Course,Main Dish 1; Main Dish 32; Main Dish 27,3,258.4,Main Dish 1; Main Dish 32; Main Dish 27,bangalore,jayanagar,40,9621551,12.9849262,77.469157
Restaurant 66,Bangalore,Koramangala,Appetizer / Beverage / Main Course,Appetizer 17; Beverage 10; Beverage 9; Main Dish 11; Appetizer 19,5,212.1,Appetizer 17; Beverage 10; Beverage 9; Main Dish 11; Appetizer 19,bangalore,koramangala,26,9621551,12.8221333,77.6419499
Restaurant 66,Bangalore,Mg Road,Appetizer / Beverage / Main Course,Beverage 10; Appetizer 2; Main Dish 28,3,177.5,Beverage 10; Appetizer 2; Main Dish 28,bangalore,mg road,54,9621551,12.8862646,77.6854879
Restaurant 66,Bangalore,Whitefield,Appetizer / Main Course,Appetizer 18; Main Dish 21; Main Dish 17,3,370.5,Appetizer 18; Main Dish 21; Main Dish 17,bangalore,whitefield,19,9621551,12.8789409,77.803583
Restaurant 66,Chennai,Adyar,Main Course,Main Dish 44; Main Dish 15,2,372.3,Main Dish 44; Main Dish 15,chennai,adyar,32,4646732,12.9171882,80.3364768
Restaurant 66,Chennai,Anna Nagar,Appetizer / Dessert / Main Course,Dessert 19; Appetizer 12; Main Dish 18,3,175.2,Dessert 19; Appetizer 12; Main Dish 18,chennai,anna nagar,50,4646732,13.0032083,80.1264025
Restaurant 66,Chennai,Nungambakkam,Appetizer / Beverage,Beverage 16; Appetizer 18; Beverage 9,3,196.4,Beverage 16; Appetizer 18; Beverage 9,chennai,nungambakkam,30,4646732,13.166399,80.1768729
Restaurant 66,Chennai,T. Nagar,Appetizer / Beverage / Main Course,Beverage 1; Main Dish 35; Appetizer 3,3,175.8,Beverage 1; Main Dish 35; Appetizer 3,chennai,t. nagar,34,4646732,13.1540341,80.2767971
Restaurant 66,Mumbai,Andheri,Main Course,Main Dish 15,1,677.9,Main Dish 15,mumbai,andheri,22,12442373,19.0152885,72.8401031
Restaurant 66,Mumbai,Bandra,Dessert / Main Course / Snack,Snack 8; Dessert 1; Main Dish 12,3,239.0,Snack 8; Dessert 1; Main Dish 12,mumbai,bandra,35,12442373,19.0193976,72.7504121
Restaurant 66,Mumbai,Goregaon,Beverage,Beverage 3,1,78.7,Beverage 3,mumbai,goregaon,47,12442373,19.1822979,72.7586042
Restaurant 66,New Delhi,Connaught Place,Appetizer,Appetizer 7,1,161.1,Appetizer 7,new delhi,connaught place,14,5000000,28.5467288,77.1384431
Restaurant 66,New Delhi,Hauz Khas,Main Course / Snack,Main Dish 4; Main Dish 13; Snack 13,3,303.0,Main Dish 4; Main Dish 13; Snack 13,new delhi,hauz khas,33,5000000,28.4307952,77.2469789
Restaurant 66,New Delhi,Rajouri Garden,Dessert,Dessert 11,1,247.8,Dessert 11,new delhi,rajouri garden,35,5000000,28.7528078,77.0568461
Restaurant 66,New Delhi,Saket,Dessert,Dessert 14,1,184.4,Dessert 14,new delhi,saket,55,5000000,28.4066878,77.2552651
Restaurant 66,Pune,Aundh,Main Course,Main Dish 23,1,559.2,Main Dish 23,pune,aundh,41,9429408,18.5277404,73.8997049
Restaurant 66,Pune,Hinjawadi,Main Course,Main Dish 14; Main Dish 33,2,476.1,Main Dish 14; Main Dish 33,pune,hinjawadi,13,9429408,18.502141,73.7124651
Restaurant 66,Pune,Kothrud,Appetizer / Main Course,Appetizer 12; Main Dish 20,2,335.2,Appetizer 12; Main Dish 20,pune,kothrud,32,9429408,18.425797,73.7466435
Restaurant 66,Pune,Viman Nagar,Appetizer / Snack,Snack 10; Appetizer 14,2,192.2,Snack 10; Appetizer 14,pune,viman nagar,44,9429408,18.5878168,73.8223886
Restaurant 67,Bangalore,Indiranagar,Appetizer,Appetizer 16; Appetizer 9,2,184.3,Appetizer 16; Appetizer 9,bangalore,indiranagar,50,9621551,13.0894965,77.6854283
Restaurant 67,Bangalore,Jayanagar,Beverage / Main Course / Snack,Snack 2; Main Dish 47; Main Dish 21; Beverage 3; Main Dish 13,5,291.9,Snack 2; Main Dish 47; Main Dish 21; Beverage 3; Main Dish 13,bangalore,jayanagar,40,9621551,12.9649715,77.7043024
Restaurant 67,Bangalore,Koramangala,Main Course,Main Dish 43; Main Dish 22,2,400.1,Main Dish 43; Main Dish 22,bangalore,koramangala,26,9621551,13.0079323,77.5335414
Restaurant 67,Bangalore,Mg Road,Appetizer / Main Course,Appetizer 19; Main Dish 38,2,229.1,Appetizer 19; Main Dish 38,bangalore,mg road,54,9621551,12.9882704,77.48767
Restaurant 67,Bangalore,Whitefield,Main Course,Main Dish 21,1,540.1,Main Dish 21,bangalore,whitefield,19,9621551,13.0513959,77.644683
Restaurant 67,Chennai,Adyar,Appetizer / Main Course,Appetizer 2; Appetizer 15; Main Dish 35,3,238.0,Appetizer 2; Appetizer 15; Main Dish 35,chennai,adyar,32,4646732,13.019194,80.1386589
Restaurant 67,Chennai,Anna Nagar,Main Course / Snack,Main Dish 30; Snack 5,2,222.5,Main Dish 30; Snack 5,chennai,anna nagar,50,4646732,13.2064276,80.2095911
Restaurant 67,Chennai,Nungambakkam,Dessert / Main Course,Dessert 1; Main Dish 17,2,393.7,Dessert 1; Main Dish 17,chennai,nungambakkam,30,4646732,13.0278769,80.3586409
Restaurant 67,Chennai,T. Nagar,Main Course,Main Dish 29,1,620.8,Main Dish 29,chennai,t. nagar,34,4646732,12.921027,80.2774701
Restaurant 67,Chennai,Velachery,Snack,Snack 14,1,123.0,Snack 14,chennai,velachery,22,4646732,12.8610454,80.1994333
Restaurant 67,Mumbai,Andheri,Beverage / Snack,Snack 6; Beverage 13,2,140.3,Snack 6; Beverage 13,mumbai,andheri,22,12442373,19.2015742,72.7800474
Restaurant 67,Mumbai,Goregaon,Beverage / Dessert / Main Course,Main Dish 23; Beverage 4; Dessert 3,3,231.5,Main Dish 23; Beverage 4; Dessert 3,mumbai,goregaon,47,12442373,19.2138696,72.9290633
Restaurant 67,Mumbai,Juhu,Snack,Snack 4,1,167.0,Snack 4,mumbai,juhu,51,12442373,19.0400534,72.9047292
Restaurant 67,Mumbai,Powai,Appetizer / Main Course / Snack,Snack 1; Appetizer 8; Main Dish 23; Appetizer 15,4,251.6,Snack 1; Appetizer 8; Main Dish 23; Appetizer 15,mumbai,powai,35,12442373,19.0246113,72.9353991
Restaurant 67,New Delhi,Connaught Place,Beverage / Snack,Snack 2; Beverage 12,2,99.7,Snack 2; Beverage 12,new delhi,connaught place,14,5000000,28.7499481,77.2216317
Restaurant 67,New Delhi,Hauz Khas,Beverage,Beverage 7; Beverage 13,2,142.5,Beverage 7; Beverage 13,new delhi,hauz khas,33,5000000,28.6032502,77.0880789
Restaurant 67,New Delhi,Karol Bagh,Appetizer / Main Course,Main Dish 15; Appetizer 13; Appetizer 19,3,163.2,Main Dish 15; Appetizer 13; Appetizer 19,new delhi,karol bagh,13,5000000,28.5347997,77.1676607
Restaurant 67,New Delhi,Rajouri Garden,Appetizer / Dessert / Snack,Snack 8; Appetizer 8; Dessert 20,3,188.8,Snack 8; Appetizer 8; Dessert 20,new delhi,rajouri garden,35,5000000,28.6142857,77.2386141
Restaurant 67,Pune,Aundh,Main Course / Snack,Main Dish 34; Snack 8; Main Dish 36,3,188.8,Main Dish 34; Snack 8; Main Dish 36,pune,aundh,41,9429408,18.5263018,73.7203875
Restaurant 67,Pune,Baner,Main Course,Main Dish 3,1,727.2,Main Dish 3,pune,baner,49,9429408,18.4853512,73.8393322
Restaurant 67,Pune,Hinjawadi,Main Course,Main Dish 30,1,664.7,Main Dish 30,pune,hinjawadi,13,9429408,18.6776767,73.6956359
Restaurant 67,Pune,Viman Nagar,Snack,Snack 8,1,197.7,Snack 8,pune,viman nagar,44,9429408,18.6193885,73.9928477
Restaurant 68,Bangalore,Indiranagar,Beverage / Main Course,Beverage 17; Main Dish 35; Beverage 5,3,329.4,Beverage 17; Main Dish 35; Beverage 5,bangalore,indiranagar,50,9621551,12.8564894,77.6861013
Restaurant 68,Bangalore,Jayanagar,Appetizer / Beverage / Dessert,Beverage 10; Dessert 7; Appetizer 3,3,221.6,Beverage 10; Dessert 7; Appetizer 3,bangalore,jayanagar,40,9621551,12.8199371,77.5162528
Restaurant 68,Bangalore,Koramangala,Appetizer / Dessert,Dessert 11; Appetizer 7,2,142.3,Dessert 11; Appetizer 7,bangalore,koramangala,26,9621551,12.9437155,77.7404077
Restaurant 68,Bangalore,Mg Road,Snack,Snack 13,1,74.4,Snack 13,bangalore,mg road,54,9621551,13.0470688,77.703878
Restaurant 68,Bangalore,Whitefield,Appetizer / Dessert / Main Course,Main Dish 26; Appetizer 1; Dessert 8,3,365.3,Main Dish 26; Appetizer 1; Dessert 8,bangalore,whitefield,19,9621551,13.0314412,77.8798284
Restaurant 68,Chennai,Anna Nagar,Appetizer / Beverage / Dessert,Appetizer 7; Dessert 12; Beverage 8; Dessert 18,4,160.1,Appetizer 7; Dessert 12; Beverage 8; Dessert 18,chennai,anna nagar,50,4646732,12.9989872,80.2860375
Restaurant 68,Chennai,Nungambakkam,Appetizer / Main Course,Main Dish 6; Appetizer 1; Main Dish 36,3,264.5,Main Dish 6; Appetizer 1; Main Dish 36,chennai,nungambakkam,30,4646732,13.0071028,80.1295552
Restaurant 68,Chennai,T. Nagar,Appetizer / Main Course / Snack,Snack 1; Main Dish 7; Appetizer 12,3,233.0,Snack 1; Main Dish 7; Appetizer 12,chennai,t. nagar,34,4646732,13.093482,80.1185701
Restaurant 68,Chennai,Velachery,Appetizer / Beverage / Snack,Appetizer 7; Appetizer 15; Snack 14; Beverage 2; Snack 6,5,126.7,Appetizer 7; Appetizer 15; Snack 14; Beverage 2; Snack 6,chennai,velachery,22,4646732,13.0845019,80.1592365
Restaurant 68,Mumbai,Andheri,Dessert,Dessert 16,1,108.7,Dessert 16,mumbai,andheri,22,12442373,19.1040411,72.9514601
Restaurant 68,Mumbai,Bandra,Main Course,Main Dish 43,1,627.2,Main Dish 43,mumbai,bandra,35,12442373,19.1426003,72.8827561
Restaurant 68,Mumbai,Goregaon,Appetizer,Appetizer 8,1,68.8,Appetizer 8,mumbai,goregaon,47,12442373,19.0742566,72.8237992
Restaurant 68,New Delhi,Connaught Place,Dessert / Main Course,Main Dish 42; Dessert 19,2,159.6,Main Dish 42; Dessert 19,new delhi,connaught place,14,5000000,28.5425077,77.2980781
Restaurant 68,New Delhi,Hauz Khas,Beverage / Dessert,Beverage 14; Beverage 13; Dessert 17; Dessert 13,4,181.6,Beverage 14; Beverage 13; Dessert 17; Dessert 13,new delhi,hauz khas,33,5000000,28.5832955,77.3232243
Restaurant 68,New Delhi,Karol Bagh,Main Course,Main Dish 28,1,445.9,Main Dish 28,new delhi,karol bagh,13,5000000,28.7582562,77.1274639
Restaurant 68,New Delhi,Rajouri Garden,Appetizer / Beverage / Main Course,Main Dish 17; Beverage 18; Appetizer 8,3,240.1,Main Dish 17; Beverage 18; Appetizer 8,new delhi,rajouri garden,35,5000000,28.5935116,77.0095284
Restaurant 68,New Delhi,Saket,Main Course / Snack,Snack 10; Main Dish 31; Main Dish 8,3,497.8,Snack 10; Main Dish 31; Main Dish 8,new delhi,saket,55,5000000,28.5791428,77.0963651
Restaurant 68,Pune,Aundh,Appetizer,Appetizer 11,1,201.1,Appetizer 11,pune,aundh,41,9429408,18.6495045,73.8527315
Restaurant 68,Pune,Baner,Appetizer / Dessert / Main Course,Dessert 1; Appetizer 16; Main Dish 48; Main Dish 9; Main Dish 15; Dessert 10; Main Dish 18,7,434.3,Dessert 1; Appetizer 16; Main Dish 48; Main Dish 9; Main Dish 15; Dessert 10; Main Dish 18,pune,baner,49,9429408,18.5764228,73.6935782
Restaurant 68,Pune,Hinjawadi,Dessert,Dessert 14,1,398.7,Dessert 14,pune,hinjawadi,13,9429408,18.5586102,73.8277243
Restaurant 69,Bangalore,Indiranagar,Appetizer / Beverage / Main Course,Main Dish 47; Main Dish 17; Beverage 7; Appetizer 5,4,347.2,Main Dish 47; Main Dish 17; Beverage 7; Appetizer 5,bangalore,indiranagar,50,9621551,13.0289444,77.5272013
Restaurant 69,Bangalore,Jayanagar,Appetizer / Dessert / Main Course,Dessert 10; Appetizer 13; Appetizer 7; Appetizer 8; Main Dish 17; Main Dish 35,6,273.7,Dessert 10; Appetizer 13; Appetizer 7; Appetizer 8; Main Dish 17; Main Dish 35,bangalore,jayanagar,40,9621551,13.0553757,77.557202
Restaurant 69,Bangalore,Koramangala,Snack,Snack 6; Snack 8,2,124.2,Snack 6; Snack 8,bangalore,koramangala,26,9621551,12.8506959,77.5431437
Restaurant 69,Bangalore,Mg Road,Main Course,Main Dish 39,1,232.1,Main Dish 39,bangalore,mg road,54,9621551,12.8564063,77.5833729
Restaurant 69,Bangalore,Whitefield,Beverage,Beverage 9,1,255.7,Beverage 9,bangalore,whitefield,19,9621551,12.8864068,77.6917788
Restaurant 69,Chennai,Adyar,Appetizer / Beverage,Appetizer 1; Beverage 15,2,193.3,Appetizer 1; Beverage 15,chennai,adyar,32,4646732,13.0779924,80.3548669
Restaurant 69,Chennai,Anna Nagar,Appetizer / Dessert / Snack,Dessert 14; Appetizer 2; Snack 2; Snack 8,4,204.1,Dessert 14; Appetizer 2; Snack 2; Snack 8,chennai,anna nagar,50,4646732,13.100993,80.0882196
Restaurant 69,Chennai,Nungambakkam,Appetizer / Beverage / Dessert / Main Course,Main Dish 6; Dessert 2; Main Dish 14; Main Dish 35; Beverage 5; Appetizer 3,6,433.4,Main Dish 6; Dessert 2; Main Dish 14; Main Dish 35; Beverage 5; Appetizer 3,chennai,nungambakkam,30,4646732,13.1782678,80.2854481
Restaurant 69,Chennai,T. Nagar,Beverage / Dessert,Beverage 16; Dessert 5,2,212.4,Beverage 16; Dessert 5,chennai,t. nagar,34,4646732,13.0735273,80.3537155
Restaurant 69,Chennai,Velachery,Main Course,Main Dish 6,1,410.6,Main Dish 6,chennai,velachery,22,4646732,12.9459798,80.3410045
Restaurant 69,Mumbai,Andheri,Dessert,Dessert 14,1,384.9,Dessert 14,mumbai,andheri,22,12442373,19.0598412,72.7577289
Restaurant 69,Mumbai,Goregaon,Appetizer,Appetizer 18,1,150.0,Appetizer 18,mumbai,goregaon,47,12442373,19.2497923,72.80697
Restaurant 69,Mumbai,Juhu,Main Course,Main Dish 3,1,553.1,Main Dish 3,mumbai,juhu,51,12442373,19.1042307,72.7245653
Restaurant 69,Mumbai,Powai,Appetizer / Main Course,Appetizer 5; Appetizer 16; Main Dish 21,3,226.3,Appetizer 5; Appetizer 16; Main Dish 21,mumbai,powai,35,12442373,19.1695741,72.8224076
Restaurant 69,New Delhi,Connaught Place,Beverage / Dessert / Snack,Dessert 6; Dessert 15; Snack 2; Beverage 20,4,166.9,Dessert 6; Dessert 15; Snack 2; Beverage 20,new delhi,connaught place,14,5000000,28.6445135,77.1002602
Restaurant 69,New Delhi,Hauz Khas,Main Course,Main Dish 35; Main Dish 29,2,584.5,Main Dish 35; Main Dish 29,new delhi,hauz khas,33,5000000,28.4382611,77.1351747
Restaurant 69,New Delhi,Karol Bagh,Beverage / Dessert / Main Course / Snack,Dessert 9; Beverage 7; Main Dish 48; Main Dish 14; Snack 6; Dessert 14,6,343.0,Dessert 9; Beverage 7; Main Dish 48; Main Dish 14; Snack 6; Dessert 14,new delhi,karol bagh,13,5000000,28.6197341,77.3092319
Restaurant 69,New Delhi,Rajouri Garden,Appetizer / Beverage / Main Course,Main Dish 46; Beverage 18; Appetizer 16,3,293.9,Main Dish 46; Beverage 18; Appetizer 16,new delhi,rajouri garden,35,5000000,28.7646766,77.1654213
Restaurant 69,New Delhi,Saket,Appetizer / Dessert,Appetizer 11; Dessert 1,2,235.7,Appetizer 11; Dessert 1,new delhi,saket,55,5000000,28.5591881,77.3315105
Restaurant 69,Pune,Aundh,Beverage / Main Course,Beverage 5; Main Dish 43,2,247.2,Beverage 5; Main Dish 43,pune,aundh,41,9429408,18.4677752,73.8382472
Restaurant 69,Pune,Baner,Main Course,Main Dish 6,1,463.7,Main Dish 6,pune,baner,49,9429408,18.6079945,73.8640373
Restaurant 69,Pune,Hinjawadi,Dessert,Dessert 15,1,300.3,Dessert 15,pune,hinjawadi,13,9429408,18.5571716,73.6484069
Restaurant 69,Pune,Kothrud,Beverage,Beverage 10,1,219.8,Beverage 10,pune,kothrud,32,9429408,18.6079963,73.7940696
Restaurant 69,Pune,Viman Nagar,Main Course,Main Dish 19; Main Dish 9,2,379.3,Main Dish 19; Main Dish 9,pune,viman nagar,44,9429408,18.4797755,73.8875836
Restaurant 7,Bangalore,Indiranagar,Beverage,Beverage 14,1,231.3,Beverage 14,bangalore,indiranagar,50,9621551,13.0089897,77.7623467
Restaurant 7,Bangalore,Koramangala,Main Course,Main Dish 9,1,773.9,Main Dish 9,bangalore,koramangala,26,9621551,13.0539152,77.6263323
Restaurant 7,Bangalore,Mg Road,Appetizer / Main Course,Appetizer 3; Main Dish 16; Main Dish 41; Main Dish 39,4,428.8,Appetizer 3; Main Dish 16; Main Dish 41; Main Dish 39,bangalore,mg road,54,9621551,13.0798628,77.5431761
Restaurant 7,Bangalore,Whitefield,Appetizer / Beverage / Main Course,Main Dish 2; Beverage 5; Beverage 16; Main Dish 1; Appetizer 12,5,320.2,Main Dish 2; Beverage 5; Beverage 16; Main Dish 1; Appetizer 12,bangalore,whitefield,19,9621551,13.1218454,77.732728
Restaurant 7,Chennai,Adyar,Appetizer / Main Course / Snack,Appetizer 8; Main Dish 21; Main Dish 23; Snack 4,4,267.8,Appetizer 8; Main Dish 21; Main Dish 23; Snack 4,chennai,adyar,32,4646732,12.8873299,80.2343618
Restaurant 7,Chennai,Anna Nagar,Beverage / Dessert,Dessert 15; Beverage 19,2,118.1,Dessert 15; Beverage 19,chennai,anna nagar,50,4646732,13.1597914,80.3044276
Restaurant 7,Chennai,Nungambakkam,Main Course / Snack,Snack 7; Snack 6; Main Dish 46,3,239.2,Snack 7; Snack 6; Main Dish 46,chennai,nungambakkam,30,4646732,12.9452607,80.2861211
Restaurant 7,Chennai,T. Nagar,Appetizer / Main Course,Main Dish 41; Appetizer 1,2,371.3,Main Dish 41; Appetizer 1,chennai,t. nagar,34,4646732,12.9284929,80.1656659
Restaurant 7,Chennai,Velachery,Beverage / Main Course,Main Dish 11; Beverage 11; Main Dish 26,3,486.8,Main Dish 11; Beverage 11; Main Dish 26,chennai,velachery,22,4646732,12.9252057,80.1119188
Restaurant 7,Mumbai,Andheri,Appetizer,Appetizer 18,1,168.5,Appetizer 18,mumbai,andheri,22,12442373,19.2245222,72.8715728
Restaurant 7,Mumbai,Bandra,Beverage,Beverage 18,1,277.1,Beverage 18,mumbai,bandra,35,12442373,18.960871,72.8682718
Restaurant 7,Mumbai,Goregaon,Appetizer,Appetizer 18; Appetizer 19,2,206.6,Appetizer 18; Appetizer 19,mumbai,goregaon,47,12442373,19.1307258,72.9390584
Restaurant 7,Mumbai,Juhu,Main Course,Main Dish 14,1,524.1,Main Dish 14,mumbai,juhu,51,12442373,19.1791857,72.9021383
Restaurant 7,Mumbai,Powai,Snack,Snack 11,1,177.2,Snack 11,mumbai,powai,35,12442373,19.138758,73.0051152
Restaurant 7,New Delhi,Connaught Place,Main Course,Main Dish 44; Main Dish 4,2,500.3,Main Dish 44; Main Dish 4,new delhi,connaught place,14,5000000,28.7033119,77.3164682
Restaurant 7,New Delhi,Hauz Khas,Beverage / Dessert / Main Course,Beverage 9; Main Dish 25; Dessert 15,3,294.5,Beverage 9; Main Dish 25; Dessert 15,new delhi,hauz khas,33,5000000,28.6736997,77.1761239
Restaurant 7,New Delhi,Karol Bagh,Appetizer / Main Course / Snack,Snack 4; Main Dish 48; Appetizer 7,3,261.1,Snack 4; Main Dish 48; Appetizer 7,new delhi,karol bagh,13,5000000,28.59896,77.0801462
Restaurant 7,New Delhi,Rajouri Garden,Main Course,Main Dish 29; Main Dish 6,2,263.9,Main Dish 29; Main Dish 6,new delhi,rajouri garden,35,5000000,28.5316695,77.1660943
Restaurant 7,New Delhi,Saket,Main Course / Snack,Snack 4; Main Dish 38; Snack 11; Snack 12,4,207.7,Snack 4; Main Dish 38; Snack 11; Snack 12,new delhi,saket,55,5000000,28.4141537,77.1434609
Restaurant 7,Pune,Aundh,Dessert,Dessert 1,1,154.8,Dessert 1,pune,aundh,41,9429408,18.612738,73.7252557
Restaurant 7,Pune,Kothrud,Main Course,Main Dish 23,1,572.7,Main Dish 23,pune,kothrud,32,9429408,18.4402937,73.8828693
Restaurant 7,Pune,Viman Nagar,Snack,Snack 3,1,176.3,Snack 3,pune,viman nagar,44,9429408,18.6553112,73.8707544
Restaurant 70,Bangalore,Indiranagar,Appetizer / Main Course,Appetizer 20; Main Dish 48,2,411.2,Appetizer 20; Main Dish 48,bangalore,indiranagar,50,9621551,12.8639553,77.5742971
Restaurant 70,Bangalore,Jayanagar,Appetizer / Main Course / Snack,Main Dish 38; Main Dish 2; Appetizer 1; Snack 7,4,289.9,Main Dish 38; Main Dish 2; Appetizer 1; Snack 7,bangalore,jayanagar,40,9621551,12.8528533,77.6868469
Restaurant 70,Bangalore,Koramangala,Appetizer,Appetizer 1; Appetizer 20,2,162.3,Appetizer 1; Appetizer 20,bangalore,koramangala,26,9621551,12.8464748,77.7027787
Restaurant 70,Bangalore,Mg Road,Main Course,Main Dish 40,1,556.1,Main Dish 40,bangalore,mg road,54,9621551,12.9413407,77.7249441
Restaurant 70,Chennai,Adyar,Dessert / Main Course,Dessert 9; Main Dish 33,2,416.0,Dessert 9; Main Dish 33,chennai,adyar,32,4646732,13.1107864,80.194165
Restaurant 70,Chennai,Nungambakkam,Beverage,Beverage 6; Beverage 13,2,155.0,Beverage 6; Beverage 13,chennai,nungambakkam,30,4646732,13.1177157,80.1272211
Restaurant 70,Chennai,T. Nagar,Main Course,Main Dish 38,1,536.8,Main Dish 38,chennai,t. nagar,34,4646732,13.1639315,80.2066151
Restaurant 70,Chennai,Velachery,Beverage / Dessert / Main Course,Dessert 17; Beverage 5; Main Dish 25,3,390.3,Dessert 17; Beverage 5; Main Dish 25,chennai,velachery,22,4646732,13.0963707,80.2678117
Restaurant 70,Mumbai,Goregaon,Appetizer / Main Course,Appetizer 4; Main Dish 7; Main Dish 23,3,301.9,Appetizer 4; Main Dish 7; Main Dish 23,mumbai,goregaon,47,12442373,19.1292872,72.759741
Restaurant 70,Mumbai,Juhu,Dessert / Main Course,Main Dish 39; Dessert 5,2,259.2,Main Dish 39; Dessert 5,mumbai,juhu,51,12442373,19.0026124,72.8212101
Restaurant 70,Mumbai,Powai,Beverage / Dessert / Main Course / Snack,Dessert 11; Snack 5; Main Dish 1; Beverage 3,4,347.7,Dessert 11; Snack 5; Main Dish 1; Beverage 3,mumbai,powai,35,12442373,19.0372547,72.8483235
Restaurant 70,New Delhi,Connaught Place,Beverage,Beverage 17,1,255.4,Beverage 17,new delhi,connaught place,14,5000000,28.5126494,77.1959631
Restaurant 70,New Delhi,Hauz Khas,Main Course / Snack,Snack 7; Snack 13; Main Dish 28,3,339.7,Snack 7; Snack 13; Main Dish 28,new delhi,hauz khas,33,5000000,28.4711773,77.3057688
Restaurant 70,New Delhi,Karol Bagh,Appetizer / Main Course,Main Dish 18; Main Dish 13; Appetizer 16; Main Dish 8,4,319.2,Main Dish 18; Main Dish 13; Appetizer 16; Main Dish 8,new delhi,karol bagh,13,5000000,28.770125,77.2360391
Restaurant 70,New Delhi,Rajouri Garden,Main Course,Main Dish 19,1,629.9,Main Dish 19,new delhi,rajouri garden,35,5000000,28.7041245,77.0071943
Restaurant 70,New Delhi,Saket,Beverage / Dessert / Snack,Beverage 19; Dessert 8; Snack 8,3,125.5,Beverage 19; Dessert 8; Snack 8,new delhi,saket,55,5000000,28.6495923,77.1844101
Restaurant 70,Pune,Aundh,Appetizer,Appetizer 15,1,123.1,Appetizer 15,pune,aundh,41,9429408,18.5819219,73.9079633
Restaurant 70,Pune,Baner,Beverage / Dessert / Main Course,Main Dish 44; Dessert 10; Main Dish 50; Beverage 1,4,287.0,Main Dish 44; Dessert 10; Main Dish 50; Beverage 1,pune,baner,49,9429408,18.4683815,73.7587732
Restaurant 70,Pune,Hinjawadi,Main Course,Main Dish 36,1,552.6,Main Dish 36,pune,hinjawadi,13,9429408,18.6803743,73.7807509
Restaurant 70,Pune,Viman Nagar,Appetizer,Appetizer 2,1,81.1,Appetizer 2,pune,viman nagar,44,9429408,18.5362447,74.0028428
Restaurant 71,Bangalore,Indiranagar,Appetizer,Appetizer 14,1,180.8,Appetizer 14,bangalore,indiranagar,50,9621551,13.0993939,77.6152463
Restaurant 71,Bangalore,Jayanagar,Main Course,Main Dish 23,1,589.6,Main Dish 23,bangalore,jayanagar,40,9621551,12.9149971,77.4530079
Restaurant 71,Bangalore,Koramangala,Dessert / Main Course,Dessert 17; Main Dish 40,2,471.8,Dessert 17; Main Dish 40,bangalore,koramangala,26,9621551,12.9484806,77.5049608
Restaurant 71,Bangalore,Mg Road,Appetizer / Main Course,Appetizer 8; Main Dish 11,2,311.8,Appetizer 8; Main Dish 11,bangalore,mg road,54,9621551,12.9205666,77.4958584
Restaurant 71,Bangalore,Whitefield,Appetizer / Dessert,Appetizer 4; Appetizer 16; Dessert 7; Dessert 10,4,213.5,Appetizer 4; Appetizer 16; Dessert 7; Dessert 10,bangalore,whitefield,19,9621551,12.919323,77.8623729
Restaurant 71,Chennai,Adyar,Main Course / Snack,Main Dish 41; Snack 3; Main Dish 49,3,233.4,Main Dish 41; Snack 3; Main Dish 49,chennai,adyar,32,4646732,12.9722643,80.375933
Restaurant 71,Chennai,Anna Nagar,Appetizer / Dessert / Main Course,Dessert 4; Main Dish 39; Main Dish 8; Main Dish 2; Appetizer 14,5,314.5,Dessert 4; Main Dish 39; Main Dish 8; Main Dish 2; Appetizer 14,chennai,anna nagar,50,4646732,12.9691289,80.1839225
Restaurant 71,Chennai,Nungambakkam,Dessert / Main Course,Main Dish 38; Main Dish 26; Dessert 20,3,425.8,Main Dish 38; Main Dish 26; Dessert 20,chennai,nungambakkam,30,4646732,13.097761,80.3623665
Restaurant 71,Chennai,T. Nagar,Main Course,Main Dish 14,1,669.5,Main Dish 14,chennai,t. nagar,34,4646732,12.9614091,80.33626
Restaurant 71,Chennai,Velachery,Appetizer / Main Course,Main Dish 41; Appetizer 16,2,305.0,Main Dish 41; Appetizer 16,chennai,velachery,22,4646732,12.8633636,80.2684847
Restaurant 71,Mumbai,Bandra,Main Course,Main Dish 7; Main Dish 26,2,536.4,Main Dish 7; Main Dish 26,mumbai,bandra,35,12442373,19.1058338,72.7552803
Restaurant 71,Mumbai,Goregaon,Appetizer / Main Course,Main Dish 26; Appetizer 7,2,367.0,Main Dish 26; Appetizer 7,mumbai,goregaon,47,12442373,19.2524899,72.892085
Restaurant 71,Mumbai,Juhu,Appetizer / Beverage / Main Course,Main Dish 36; Beverage 17; Appetizer 7,3,316.5,Main Dish 36; Beverage 17; Appetizer 7,mumbai,juhu,51,12442373,19.1888981,72.7611544
Restaurant 71,New Delhi,Connaught Place,Appetizer / Dessert,Appetizer 11; Dessert 13,2,121.4,Appetizer 11; Dessert 13,new delhi,connaught place,14,5000000,28.7361059,77.1557663
Restaurant 71,New Delhi,Hauz Khas,Beverage / Main Course,Beverage 18; Main Dish 42; Beverage 17,3,270.5,Beverage 18; Main Dish 42; Beverage 17,new delhi,hauz khas,33,5000000,28.5333211,77.0719298
Restaurant 71,New Delhi,Karol Bagh,Appetizer / Dessert / Main Course,Appetizer 9; Dessert 7; Main Dish 5,3,372.8,Appetizer 9; Dessert 7; Main Dish 5,new delhi,karol bagh,13,5000000,28.5371179,77.2367121
Restaurant 71,New Delhi,Rajouri Garden,Appetizer / Snack,Appetizer 13; Snack 1,2,127.2,Appetizer 13; Snack 1,new delhi,rajouri garden,35,5000000,28.6841698,77.2423397
Restaurant 71,New Delhi,Saket,Beverage,Beverage 5,1,161.7,Beverage 5,new delhi,saket,55,5000000,28.4470699,77.314055
Restaurant 71,Pune,Baner,Dessert / Main Course,Main Dish 22; Dessert 10,2,206.9,Main Dish 22; Dessert 10,pune,baner,49,9429408,18.6439172,73.741944
Restaurant 71,Pune,Hinjawadi,Appetizer / Beverage / Main Course / Snack,Beverage 18; Main Dish 36; Appetizer 4; Beverage 19; Snack 12; Snack 8,6,258.9,Beverage 18; Main Dish 36; Appetizer 4; Beverage 19; Snack 12; Snack 8,pune,hinjawadi,13,9429408,18.498645,73.7662666
Restaurant 71,Pune,Viman Nagar,Main Course,Main Dish 18,1,656.6,Main Dish 18,pune,viman nagar,44,9429408,18.5348061,73.8235254
Restaurant 72,Bangalore,Indiranagar,Appetizer / Beverage / Dessert / Main Course / Snack,Snack 15; Appetizer 8; Dessert 2; Main Dish 23; Main Dish 29; Beverage 5,6,188.9,Snack 15; Appetizer 8; Dessert 2; Main Dish 23; Main Dish 29; Beverage 5,bangalore,indiranagar,50,9621551,12.8968715,77.7448912
Restaurant 72,Bangalore,Jayanagar,Appetizer / Main Course / Snack,Main Dish 50; Appetizer 13; Snack 10; Main Dish 43,4,320.9,Main Dish 50; Appetizer 13; Snack 10; Main Dish 43,bangalore,jayanagar,40,9621551,13.0278204,77.668733
Restaurant 72,Bangalore,Koramangala,Beverage / Dessert / Main Course,Beverage 12; Dessert 8; Dessert 4; Main Dish 28,4,298.5,Beverage 12; Dessert 8; Dessert 4; Main Dish 28,bangalore,koramangala,26,9621551,13.007279,77.7211688
Restaurant 72,Bangalore,Mg Road,Appetizer / Snack,Appetizer 16; Appetizer 4; Snack 14,3,131.8,Appetizer 16; Appetizer 4; Snack 14,bangalore,mg road,54,9621551,13.0917316,77.6517513
Restaurant 72,Bangalore,Whitefield,Appetizer / Dessert,Dessert 17; Appetizer 7; Appetizer 14,3,159.4,Dessert 17; Appetizer 7; Appetizer 14,bangalore,whitefield,19,9621551,12.9814668,77.6285339
Restaurant 72,Chennai,Adyar,Appetizer / Main Course,Appetizer 10; Appetizer 9; Main Dish 2,3,248.7,Appetizer 10; Appetizer 9; Main Dish 2,chennai,adyar,32,4646732,12.9514902,80.1468473
Restaurant 72,Chennai,Anna Nagar,Appetizer / Beverage / Dessert / Main Course,Main Dish 41; Dessert 1; Beverage 10; Appetizer 17; Main Dish 47,5,346.0,Main Dish 41; Dessert 1; Beverage 10; Appetizer 17; Main Dish 47,chennai,anna nagar,50,4646732,13.1925854,80.1437257
Restaurant 72,Chennai,Nungambakkam,Beverage / Dessert / Main Course,Main Dish 2; Beverage 12; Dessert 13,3,314.5,Main Dish 2; Beverage 12; Dessert 13,chennai,nungambakkam,30,4646732,12.9527266,80.1743169
Restaurant 72,Chennai,T. Nagar,Appetizer / Dessert,Dessert 13; Appetizer 1,2,179.3,Dessert 13; Appetizer 1,chennai,t. nagar,34,4646732,13.0235529,80.102421
Restaurant 72,Chennai,Velachery,Appetizer / Main Course / Snack,Main Dish 17; Snack 2; Appetizer 15; Appetizer 8,4,280.9,Main Dish 17; Snack 2; Appetizer 15; Appetizer 8,chennai,velachery,22,4646732,13.0358186,80.1095847
Restaurant 72,Mumbai,Andheri,Dessert / Main Course,Dessert 19; Main Dish 47,2,485.6,Dessert 19; Main Dish 47,mumbai,andheri,22,12442373,19.0247135,72.8990701
Restaurant 72,Mumbai,Bandra,Dessert / Main Course,Main Dish 45; Dessert 3,2,377.4,Main Dish 45; Dessert 3,mumbai,bandra,35,12442373,19.0750177,72.9379879
Restaurant 72,Mumbai,Goregaon,Beverage,Beverage 8,1,266.5,Beverage 8,mumbai,goregaon,47,12442373,19.0707606,72.8776007
Restaurant 72,Mumbai,Juhu,Beverage,Beverage 6; Beverage 9,2,81.6,Beverage 6; Beverage 9,mumbai,juhu,51,12442373,19.091365,72.9325671
Restaurant 72,Mumbai,Powai,Appetizer / Main Course / Snack,Appetizer 16; Snack 14; Main Dish 39,3,138.8,Appetizer 16; Snack 14; Main Dish 39,mumbai,powai,35,12442373,19.219454,72.8957496
Restaurant 72,New Delhi,Connaught Place,Appetizer / Snack,Appetizer 2; Snack 9,2,149.1,Appetizer 2; Snack 9,new delhi,connaught place,14,5000000,28.5975838,77.3375343
Restaurant 72,New Delhi,Hauz Khas,Main Course,Main Dish 42,1,504.8,Main Dish 42,new delhi,hauz khas,33,5000000,28.6461444,77.2876549
Restaurant 72,New Delhi,Karol Bagh,Beverage / Main Course,Main Dish 25; Beverage 11,2,337.7,Main Dish 25; Beverage 11,new delhi,karol bagh,13,5000000,28.7095729,77.0778121
Restaurant 72,New Delhi,Saket,Beverage / Dessert,Beverage 2; Dessert 8,2,265.8,Beverage 2; Dessert 8,new delhi,saket,55,5000000,28.5092137,77.080216
Restaurant 72,Pune,Hinjawadi,Main Course,Main Dish 11,1,180.9,Main Dish 11,pune,hinjawadi,13,9429408,18.6436078,73.6532751
Restaurant 72,Pune,Kothrud,Appetizer,Appetizer 4,1,187.4,Appetizer 4,pune,kothrud,32,9429408,18.504471,73.7027054
Restaurant 72,Pune,Viman Nagar,Main Course,Main Dish 20; Main Dish 30,2,554.4,Main Dish 20; Main Dish 30,pune,viman nagar,44,9429408,18.6580088,73.9558694
Restaurant 73,Bangalore,Indiranagar,Main Course,Main Dish 37,1,566.8,Main Dish 37,bangalore,indiranagar,50,9621551,12.9590153,77.5110522
Restaurant 73,Bangalore,Koramangala,Dessert,Dessert 3,1,252.7,Dessert 3,bangalore,koramangala,26,9621551,12.8166165,77.6006637
Restaurant 73,Bangalore,Mg Road,Appetizer / Main Course,Main Dish 21; Appetizer 3,2,165.4,Main Dish 21; Appetizer 3,bangalore,mg road,54,9621551,12.8587245,77.6524243
Restaurant 73,Bangalore,Whitefield,Beverage / Main Course,Beverage 16; Main Dish 43; Main Dish 15; Main Dish 34,4,373.5,Beverage 16; Main Dish 43; Main Dish 15; Main Dish 34,bangalore,whitefield,19,9621551,13.0942901,77.844259
Restaurant 73,Chennai,Adyar,Appetizer / Dessert / Main Course / Snack,Appetizer 2; Dessert 17; Main Dish 15; Snack 3,4,221.5,Appetizer 2; Dessert 17; Main Dish 15; Snack 3,chennai,adyar,32,4646732,13.1226552,80.3027402
Restaurant 73,Chennai,Anna Nagar,Beverage / Dessert / Main Course / Snack,Dessert 9; Main Dish 19; Beverage 2; Snack 9,4,173.8,Dessert 9; Main Dish 19; Beverage 2; Snack 9,chennai,anna nagar,50,4646732,13.0540633,80.3254937
Restaurant 73,Chennai,Nungambakkam,Dessert,Dessert 11,1,400.0,Dessert 11,chennai,nungambakkam,30,4646732,13.1881652,80.2152661
Restaurant 73,Chennai,T. Nagar,Dessert / Main Course,Dessert 6; Main Dish 4; Dessert 1; Main Dish 5; Main Dish 6,5,291.3,Dessert 6; Main Dish 4; Dessert 1; Main Dish 5; Main Dish 6,chennai,t. nagar,34,4646732,13.1363762,80.3181461
Restaurant 73,Chennai,Velachery,Appetizer / Dessert,Appetizer 16; Dessert 18; Dessert 10,3,167.3,Appetizer 16; Dessert 18; Dessert 10,chennai,velachery,22,4646732,13.0158639,80.3447301
Restaurant 73,Mumbai,Bandra,Snack,Snack 1,1,161.3,Snack 1,mumbai,bandra,35,12442373,18.9735144,72.7811962
Restaurant 73,Mumbai,Goregaon,Appetizer,Appetizer 15,1,72.6,Appetizer 15,mumbai,goregaon,47,12442373,19.2157234,72.7646092
Restaurant 73,Mumbai,Powai,Appetizer / Beverage / Dessert,Dessert 3; Beverage 19; Appetizer 3,3,188.7,Dessert 3; Beverage 19; Appetizer 3,mumbai,powai,35,12442373,19.0517514,72.9845493
Restaurant 73,New Delhi,Connaught Place,Beverage / Snack,Snack 10; Beverage 3; Beverage 18,3,165.9,Snack 10; Beverage 3; Beverage 18,new delhi,connaught place,14,5000000,28.5768097,77.1084486
Restaurant 73,New Delhi,Hauz Khas,Appetizer / Dessert / Snack,Appetizer 10; Snack 1; Dessert 8,3,185.0,Appetizer 10; Snack 1; Dessert 8,new delhi,hauz khas,33,5000000,28.41583,77.2042885
Restaurant 73,New Delhi,Karol Bagh,Snack,Snack 6,1,114.3,Snack 6,new delhi,karol bagh,13,5000000,28.6896182,77.3129575
Restaurant 73,New Delhi,Rajouri Garden,Main Course,Main Dish 21,1,286.2,Main Dish 21,new delhi,rajouri garden,35,5000000,28.5391354,77.0542901
Restaurant 73,New Delhi,Saket,Appetizer,Appetizer 12,1,129.4,Appetizer 12,new delhi,saket,55,5000000,28.622037,77.2959411
Restaurant 73,Pune,Aundh,Dessert / Main Course,Dessert 14; Main Dish 23,2,483.5,Dessert 14; Main Dish 23,pune,aundh,41,9429408,18.4804186,73.7511716
Restaurant 73,Pune,Baner,Appetizer / Beverage / Main Course,Main Dish 42; Appetizer 13; Beverage 8,3,336.2,Main Dish 42; Appetizer 13; Beverage 8,pune,baner,49,9429408,18.5248507,73.8740324
Restaurant 73,Pune,Viman Nagar,Appetizer / Main Course / Snack,Snack 3; Appetizer 14; Main Dish 36,3,176.3,Snack 3; Appetizer 14; Main Dish 36,pune,viman nagar,44,9429408,18.4762795,73.9413851
Restaurant 74,Bangalore,Indiranagar,Appetizer,Appetizer 10; Appetizer 7,2,155.2,Appetizer 10; Appetizer 7,bangalore,indiranagar,50,9621551,13.0718386,77.7267773
Restaurant 74,Bangalore,Jayanagar,Main Course,Main Dish 43,1,180.9,Main Dish 43,bangalore,jayanagar,40,9621551,12.797506,77.5853666
Restaurant 74,Bangalore,Koramangala,Beverage / Snack,Snack 9; Beverage 20,2,178.6,Snack 9; Beverage 20,bangalore,koramangala,26,9621551,13.040073,77.5604669
Restaurant 74,Bangalore,Mg Road,Main Course,Main Dish 21; Main Dish 5,2,639.9,Main Dish 21; Main Dish 5,bangalore,mg road,54,9621551,13.0311795,77.4935243
Restaurant 74,Bangalore,Whitefield,Appetizer / Beverage / Dessert,Dessert 20; Appetizer 20; Dessert 4; Beverage 4,4,185.1,Dessert 20; Appetizer 20; Dessert 4; Beverage 4,bangalore,whitefield,19,9621551,12.8639757,77.7608926
Restaurant 74,Chennai,Adyar,Beverage / Dessert,Dessert 8; Dessert 17; Beverage 2,3,308.8,Dessert 8; Dessert 17; Beverage 2,chennai,adyar,32,4646732,12.8896481,80.3034132
Restaurant 74,Chennai,Anna Nagar,Appetizer / Main Course / Snack,Snack 9; Main Dish 14; Appetizer 20; Main Dish 19,4,229.9,Snack 9; Main Dish 14; Appetizer 20; Main Dish 19,chennai,anna nagar,50,4646732,13.0332892,80.096408
Restaurant 74,Chennai,Nungambakkam,Main Course,Main Dish 48,1,508.4,Main Dish 48,chennai,nungambakkam,30,4646732,12.9856428,80.344911
Restaurant 74,Chennai,T. Nagar,Main Course,Main Dish 43,1,728.9,Main Dish 43,chennai,t. nagar,34,4646732,12.9060618,80.2347797
Restaurant 74,Chennai,Velachery,Main Course,Main Dish 24; Main Dish 40; Main Dish 32,3,521.9,Main Dish 24; Main Dish 40; Main Dish 32,chennai,velachery,22,4646732,12.8708295,80.1566805
Restaurant 74,Mumbai,Bandra,Main Course,Main Dish 34,1,457.1,Main Dish 34,mumbai,bandra,35,12442373,19.1557137,72.8286223
Restaurant 74,Mumbai,Goregaon,Main Course,Main Dish 12; Main Dish 44,2,573.9,Main Dish 12; Main Dish 44,mumbai,goregaon,47,12442373,19.1849073,72.9473168
Restaurant 74,Mumbai,Juhu,Beverage,Beverage 7,1,225.1,Beverage 7,mumbai,juhu,51,12442373,19.0471651,72.7388359
Restaurant 74,New Delhi,Connaught Place,Main Course,Main Dish 42,1,792.6,Main Dish 42,new delhi,connaught place,14,5000000,28.7479747,77.2643415
Restaurant 74,New Delhi,Hauz Khas,Main Course,Main Dish 34; Main Dish 17,2,474.6,Main Dish 34; Main Dish 17,new delhi,hauz khas,33,5000000,28.643347,77.1096131
Restaurant 74,New Delhi,Karol Bagh,Appetizer / Beverage / Main Course,Beverage 12; Main Dish 18; Beverage 2; Beverage 9; Main Dish 38; Appetizer 1; Main Dish 1,7,288.6,Beverage 12; Main Dish 18; Beverage 2; Beverage 9; Main Dish 38; Appetizer 1; Main Dish 1,new delhi,karol bagh,13,5000000,28.5445838,77.1249079
Restaurant 74,New Delhi,Rajouri Garden,Beverage / Dessert / Main Course,Dessert 6; Dessert 10; Main Dish 39; Beverage 19,4,199.0,Dessert 6; Dessert 10; Main Dish 39; Beverage 19,new delhi,rajouri garden,35,5000000,28.774574,77.0952393
Restaurant 74,New Delhi,Saket,Main Course / Snack,Snack 7; Main Dish 5; Main Dish 34,3,190.8,Snack 7; Main Dish 5; Main Dish 34,new delhi,saket,55,5000000,28.3917226,77.2125747
Restaurant 74,Pune,Aundh,Main Course,Main Dish 10,1,672.8,Main Dish 10,pune,aundh,41,9429408,18.6626179,73.7985977
Restaurant 74,Pune,Baner,Appetizer / Beverage,Beverage 19; Appetizer 11; Appetizer 14; Appetizer 13,4,115.8,Beverage 19; Appetizer 11; Appetizer 14; Appetizer 13,pune,baner,49,9429408,18.5234121,73.694715
Restaurant 74,Pune,Hinjawadi,Appetizer,Appetizer 7,1,156.1,Appetizer 7,pune,hinjawadi,13,9429408,18.6127917,73.8359827
Restaurant 74,Pune,Kothrud,Beverage / Dessert,Dessert 7; Dessert 2; Beverage 18,3,261.9,Dessert 7; Dessert 2; Beverage 18,pune,kothrud,32,9429408,18.579426,73.8802784
Restaurant 74,Pune,Viman Nagar,Main Course / Snack,Snack 6; Main Dish 32,2,122.5,Snack 6; Main Dish 32,pune,viman nagar,44,9429408,18.6212423,73.8283936
Restaurant 75,Bangalore,Indiranagar,Beverage / Main Course,Beverage 11; Main Dish 26,2,241.0,Beverage 11; Main Dish 26,bangalore,indiranagar,50,9621551,12.8415242,77.6434109
Restaurant 75,Bangalore,Jayanagar,Dessert,Dessert 7,1,325.5,Dessert 7,bangalore,jayanagar,40,9621551,13.025023,77.4906912
Restaurant 75,Bangalore,Koramangala,Main Course,Main Dish 21,1,744.1,Main Dish 21,bangalore,koramangala,26,9621551,12.9015509,77.7422349
Restaurant 75,Bangalore,Whitefield,Main Course,Main Dish 20,1,330.2,Main Dish 20,bangalore,whitefield,19,9621551,13.0914927,77.6662172
Restaurant 75,Chennai,Adyar,Appetizer / Beverage / Snack,Appetizer 13; Snack 15; Beverage 8,3,187.0,Appetizer 13; Snack 15; Beverage 8,chennai,adyar,32,4646732,13.0621031,80.1445132
Restaurant 75,Chennai,Anna Nagar,Appetizer / Main Course / Snack,Main Dish 11; Main Dish 7; Snack 15; Appetizer 18,4,301.6,Main Dish 11; Main Dish 7; Snack 15; Appetizer 18,chennai,anna nagar,50,4646732,13.2044542,80.2523009
Restaurant 75,Chennai,Nungambakkam,Beverage,Beverage 18,1,211.1,Beverage 18,chennai,nungambakkam,30,4646732,13.0477866,80.111072
Restaurant 75,Chennai,T. Nagar,Main Course,Main Dish 47,1,645.5,Main Dish 47,chennai,t. nagar,34,4646732,13.1335788,80.1401043
Restaurant 75,Mumbai,Andheri,Beverage / Main Course / Snack,Snack 6; Main Dish 17; Beverage 6,3,124.1,Snack 6; Main Dish 17; Beverage 6,mumbai,andheri,22,12442373,19.1544252,72.7426787
Restaurant 75,Mumbai,Bandra,Appetizer / Main Course,Main Dish 35; Main Dish 47; Appetizer 3,3,412.5,Main Dish 35; Main Dish 47; Appetizer 3,mumbai,bandra,35,12442373,18.9880111,72.917422
Restaurant 75,Mumbai,Goregaon,Main Course,Main Dish 50,1,789.2,Main Dish 50,mumbai,goregaon,47,12442373,19.083404,72.7905251
Restaurant 75,Mumbai,Juhu,Appetizer / Main Course,Appetizer 19; Main Dish 19,2,317.0,Appetizer 19; Main Dish 19,mumbai,juhu,51,12442373,19.2118461,72.8526798
Restaurant 75,Mumbai,Powai,Beverage,Beverage 14,1,233.1,Beverage 14,mumbai,powai,35,12442373,19.1159287,72.8043854
Restaurant 75,New Delhi,Connaught Place,Dessert,Dessert 8,1,201.2,Dessert 8,new delhi,connaught place,14,5000000,28.5149676,77.2650145
Restaurant 75,New Delhi,Hauz Khas,Beverage / Dessert / Main Course,Dessert 19; Main Dish 2; Main Dish 12; Main Dish 29; Main Dish 9; Beverage 7,6,430.8,Dessert 19; Main Dish 2; Main Dish 12; Main Dish 29; Main Dish 9; Beverage 7,new delhi,hauz khas,33,5000000,28.5389063,77.3344614
Restaurant 75,New Delhi,Karol Bagh,Beverage / Dessert,Beverage 1; Dessert 1,2,144.6,Beverage 1; Dessert 1,new delhi,karol bagh,13,5000000,28.7800224,77.1658571
Restaurant 75,New Delhi,Rajouri Garden,Dessert,Dessert 9,1,114.8,Dessert 9,new delhi,rajouri garden,35,5000000,28.5720516,77.2248842
Restaurant 75,New Delhi,Saket,Appetizer / Dessert,Dessert 7; Appetizer 11; Dessert 13; Appetizer 4,4,173.5,Dessert 7; Appetizer 11; Dessert 13; Appetizer 4,new delhi,saket,55,5000000,28.6192396,77.1178993
Restaurant 75,Pune,Aundh,Beverage / Dessert / Main Course / Snack,Snack 12; Beverage 12; Main Dish 29; Dessert 12,4,245.6,Snack 12; Beverage 12; Main Dish 29; Dessert 12,pune,aundh,41,9429408,18.4949153,73.8873974
Restaurant 75,Pune,Baner,Beverage / Dessert,Beverage 19; Dessert 5,2,227.9,Beverage 19; Dessert 5,pune,baner,49,9429408,18.6466148,73.827059
Restaurant 75,Pune,Hinjawadi,Dessert,Dessert 8; Dessert 11; Dessert 9,3,188.5,Dessert 8; Dessert 11; Dessert 9,pune,hinjawadi,13,9429408,18.5112884,73.679191
Restaurant 75,Pune,Kothrud,Main Course,Main Dish 6,1,575.6,Main Dish 6,pune,kothrud,32,9429408,18.4028527,73.7993502
Restaurant 75,Pune,Viman Nagar,Beverage,Beverage 1,1,275.8,Beverage 1,pune,viman nagar,44,9429408,18.5904262,74.0111012
Restaurant 76,Bangalore,Indiranagar,Main Course,Main Dish 17,1,664.3,Main Dish 17,bangalore,indiranagar,50,9621551,13.0690412,77.5487355
Restaurant 76,Bangalore,Jayanagar,Dessert / Main Course,Main Dish 29; Main Dish 28; Main Dish 44; Dessert 1; Main Dish 4,5,400.6,Main Dish 29; Main Dish 28; Main Dish 44; Dessert 1; Main Dish 4,bangalore,jayanagar,40,9621551,12.9205823,77.7155395
Restaurant 76,Bangalore,Koramangala,Main Course,Main Dish 20; Main Dish 49,2,264.2,Main Dish 20; Main Dish 49,bangalore,koramangala,26,9621551,12.8807768,77.5131492
Restaurant 76,Bangalore,Mg Road,Appetizer / Beverage / Main Course,Beverage 8; Main Dish 15; Appetizer 13; Main Dish 18; Beverage 10,5,257.6,Beverage 8; Main Dish 15; Appetizer 13; Main Dish 18; Beverage 10,bangalore,mg road,54,9621551,13.0112248,77.7286697
Restaurant 76,Bangalore,Whitefield,Dessert / Main Course,Main Dish 50; Main Dish 21; Main Dish 34; Dessert 15,4,389.4,Main Dish 50; Main Dish 21; Main Dish 34; Dessert 15,bangalore,whitefield,19,9621551,12.987052,77.8910655
Restaurant 76,Chennai,Adyar,Main Course,Main Dish 30,1,263.7,Main Dish 30,chennai,adyar,32,4646732,13.0421484,80.3796586
Restaurant 76,Chennai,Anna Nagar,Dessert,Dessert 15,1,212.2,Dessert 15,chennai,anna nagar,50,4646732,12.9714471,80.2529739
Restaurant 76,Chennai,Nungambakkam,Appetizer,Appetizer 7,1,210.5,Appetizer 7,chennai,nungambakkam,30,4646732,13.1606099,80.3267971
Restaurant 76,Chennai,T. Nagar,Appetizer / Beverage / Dessert / Main Course,Appetizer 10; Appetizer 15; Beverage 6; Main Dish 48; Dessert 20,5,297.8,Appetizer 10; Appetizer 15; Beverage 6; Main Dish 48; Dessert 20,chennai,t. nagar,34,4646732,13.0291381,80.3649526
Restaurant 76,Chennai,Velachery,Main Course,Main Dish 39; Main Dish 22,2,641.6,Main Dish 39; Main Dish 22,chennai,velachery,22,4646732,13.1062681,80.1976297
Restaurant 76,Mumbai,Goregaon,Beverage / Main Course,Beverage 17; Main Dish 22,2,277.4,Beverage 17; Main Dish 22,mumbai,goregaon,47,12442373,19.2656033,72.8379512
Restaurant 76,Mumbai,Juhu,Appetizer,Appetizer 17,1,158.7,Appetizer 17,mumbai,juhu,51,12442373,19.0120374,72.8801771
Restaurant 76,Mumbai,Powai,Appetizer,Appetizer 12,1,74.6,Appetizer 12,mumbai,powai,35,12442373,19.1908837,72.9819584
Restaurant 76,New Delhi,Connaught Place,Beverage,Beverage 3,1,238.3,Beverage 3,new delhi,connaught place,14,5000000,28.6874226,77.1061145
Restaurant 76,New Delhi,Hauz Khas,Dessert / Main Course,Main Dish 18; Dessert 7,2,366.4,Main Dish 18; Dessert 7,new delhi,hauz khas,33,5000000,28.4635853,77.0966946
Restaurant 76,New Delhi,Karol Bagh,Main Course,Main Dish 32,1,578.0,Main Dish 32,new delhi,karol bagh,13,5000000,28.5775,77.295502
Restaurant 76,New Delhi,Rajouri Garden,Appetizer / Main Course,Main Dish 15; Appetizer 15,2,375.3,Main Dish 15; Appetizer 15,new delhi,rajouri garden,35,5000000,28.6341954,76.9910452
Restaurant 76,New Delhi,Saket,Dessert,Dessert 9,1,145.4,Dessert 9,new delhi,saket,55,5000000,28.5147989,77.3427476
Restaurant 76,Pune,Aundh,Snack,Snack 4,1,151.5,Snack 4,pune,aundh,41,9429408,18.5590926,73.7072335
Restaurant 76,Pune,Hinjawadi,Beverage / Main Course,Main Dish 40; Beverage 16,2,420.0,Main Dish 40; Beverage 16,pune,hinjawadi,13,9429408,18.6934877,73.7266171
Restaurant 76,Pune,Viman Nagar,Main Course,Main Dish 37,1,757.5,Main Dish 37,pune,viman nagar,44,9429408,18.4889229,73.8543095
Restaurant 77,Bangalore,Indiranagar,Main Course / Snack,Snack 13; Main Dish 41; Snack 4,3,231.9,Snack 13; Main Dish 41; Snack 4,bangalore,indiranagar,50,9621551,12.9646005,77.7735838
Restaurant 77,Bangalore,Jayanagar,Main Course / Snack,Main Dish 17; Snack 10,2,286.0,Main Dish 17; Snack 10,bangalore,jayanagar,40,9621551,12.8452613,77.4777727
Restaurant 77,Bangalore,Koramangala,Main Course,Main Dish 47; Main Dish 40,2,502.3,Main Dish 47; Main Dish 40,bangalore,koramangala,26,9621551,13.0519418,77.6690421
Restaurant 77,Bangalore,Mg Road,Appetizer / Main Course / Snack,Snack 15; Main Dish 9; Main Dish 47; Appetizer 5,4,377.9,Snack 15; Main Dish 9; Main Dish 47; Appetizer 5,bangalore,mg road,54,9621551,12.8661904,77.5406201
Restaurant 77,Bangalore,Whitefield,Beverage / Main Course,Beverage 1; Main Dish 43; Main Dish 48,3,456.7,Beverage 1; Main Dish 43; Main Dish 48,bangalore,whitefield,19,9621551,12.911731,77.6532987
Restaurant 77,Chennai,Adyar,Main Course,Main Dish 5; Main Dish 12,2,495.3,Main Dish 5; Main Dish 12,chennai,adyar,32,4646732,12.897114,80.191609
Restaurant 77,Chennai,Anna Nagar,Appetizer / Dessert / Main Course,Main Dish 13; Appetizer 16; Dessert 12,3,217.9,Main Dish 13; Appetizer 16; Dessert 12,chennai,anna nagar,50,4646732,13.1439021,80.0940739
Restaurant 77,Chennai,Nungambakkam,Appetizer / Dessert / Main Course / Snack,Snack 3; Main Dish 16; Dessert 14; Main Dish 39; Snack 7; Appetizer 2,6,258.4,Snack 3; Main Dish 16; Dessert 14; Main Dish 39; Snack 7; Appetizer 2,chennai,nungambakkam,30,4646732,12.9302955,80.2434307
Restaurant 77,Chennai,T. Nagar,Main Course / Snack,Snack 12; Main Dish 29; Main Dish 41,3,233.8,Snack 12; Main Dish 29; Main Dish 41,chennai,t. nagar,34,4646732,12.9538171,80.1271858
Restaurant 77,Chennai,Velachery,Appetizer / Beverage / Main Course / Snack,Appetizer 9; Snack 7; Main Dish 31; Beverage 10,4,241.6,Appetizer 9; Snack 7; Main Dish 31; Beverage 10,chennai,velachery,22,4646732,12.9037457,80.3272746
Restaurant 77,Mumbai,Andheri,Main Course,Main Dish 30,1,663.2,Main Dish 30,mumbai,andheri,22,12442373,19.1644926,72.9471054
Restaurant 77,Mumbai,Bandra,Dessert,Dessert 7,1,376.4,Dessert 7,mumbai,bandra,35,12442373,19.0521884,72.7372581
Restaurant 77,Mumbai,Goregaon,Appetizer / Main Course / Snack,Snack 10; Appetizer 5; Main Dish 12; Appetizer 9,4,279.7,Snack 10; Appetizer 5; Main Dish 12; Appetizer 9,mumbai,goregaon,47,12442373,19.0979007,72.9267509
Restaurant 77,Mumbai,Juhu,Appetizer / Main Course / Snack,Appetizer 3; Snack 9; Main Dish 48,3,304.1,Appetizer 3; Snack 9; Main Dish 48,mumbai,juhu,51,12442373,19.1417491,72.7237857
Restaurant 77,Mumbai,Powai,Appetizer / Beverage,Appetizer 19; Appetizer 3; Beverage 6,3,213.9,Appetizer 19; Appetizer 3; Beverage 6,mumbai,powai,35,12442373,19.0143104,72.9010302
Restaurant 77,New Delhi,Connaught Place,Appetizer / Beverage / Main Course / Snack,Beverage 4; Beverage 9; Snack 2; Main Dish 8; Main Dish 44; Appetizer 5,6,245.0,Beverage 4; Beverage 9; Snack 2; Main Dish 8; Main Dish 44; Appetizer 5,new delhi,connaught place,14,5000000,28.6674679,77.3412599
Restaurant 77,New Delhi,Hauz Khas,Beverage / Main Course,Main Dish 34; Main Dish 44; Beverage 20; Main Dish 4,4,391.4,Main Dish 34; Main Dish 44; Beverage 20; Main Dish 4,new delhi,hauz khas,33,5000000,28.6810257,77.2218827
Restaurant 77,New Delhi,Karol Bagh,Beverage / Main Course,Beverage 15; Main Dish 40,2,364.7,Beverage 15; Main Dish 40,new delhi,karol bagh,13,5000000,28.6396438,77.061663
Restaurant 77,New Delhi,Rajouri Garden,Dessert,Dessert 20,1,374.7,Dessert 20,new delhi,rajouri garden,35,5000000,28.7470187,77.2067703
Restaurant 77,New Delhi,Saket,Appetizer / Beverage / Main Course,Beverage 19; Appetizer 15; Appetizer 20; Appetizer 10; Main Dish 13,5,208.2,Beverage 19; Appetizer 15; Appetizer 20; Appetizer 10; Main Dish 13,new delhi,saket,55,5000000,28.4394779,77.1049808
Restaurant 77,Pune,Aundh,Dessert / Main Course,Main Dish 1; Dessert 1,2,286.0,Main Dish 1; Dessert 1,pune,aundh,41,9429408,18.6340476,73.8848065
Restaurant 77,Pune,Baner,Dessert / Snack,Snack 10; Dessert 15,2,126.1,Snack 10; Dessert 15,pune,baner,49,9429408,18.4648855,73.8125747
Restaurant 77,Pune,Hinjawadi,Main Course,Main Dish 31,1,674.7,Main Dish 31,pune,hinjawadi,13,9429408,18.5257851,73.8154168
Restaurant 77,Pune,Kothrud,Appetizer / Dessert,Dessert 4; Appetizer 4,2,201.3,Dessert 4; Appetizer 4,pune,kothrud,32,9429408,18.5891384,73.7392945
Restaurant 77,Pune,Viman Nagar,Beverage,Beverage 16,1,267.3,Beverage 16,pune,viman nagar,44,9429408,18.6711222,73.9017356
Restaurant 78,Bangalore,Jayanagar,Dessert / Snack,Dessert 13; Dessert 19; Dessert 14; Snack 5; Snack 12,5,177.4,Dessert 13; Dessert 19; Dessert 14; Snack 5; Snack 12,bangalore,jayanagar,40,9621551,13.0627017,77.6029608
Restaurant 78,Bangalore,Koramangala,Dessert / Main Course,Main Dish 31; Main Dish 6; Main Dish 48; Dessert 1,4,273.1,Main Dish 31; Main Dish 6; Main Dish 48; Dessert 1,bangalore,koramangala,26,9621551,12.8189347,77.6697151
Restaurant 78,Bangalore,Mg Road,Appetizer / Beverage,Beverage 18; Appetizer 5,2,194.4,Beverage 18; Appetizer 5,bangalore,mg road,54,9621551,13.101629,77.5815693
Restaurant 78,Bangalore,Whitefield,Beverage / Dessert,Dessert 10; Beverage 8,2,295.8,Dessert 10; Beverage 8,bangalore,whitefield,19,9621551,13.1291714,77.7784868
Restaurant 78,Chennai,Adyar,Appetizer / Snack,Appetizer 6; Snack 10,2,116.0,Appetizer 6; Snack 10,chennai,adyar,32,4646732,13.1325526,80.2325582
Restaurant 78,Chennai,Anna Nagar,Main Course,Main Dish 36; Main Dish 29,2,531.3,Main Dish 36; Main Dish 29,chennai,anna nagar,50,4646732,13.1239474,80.3292193
Restaurant 78,Chennai,Nungambakkam,Beverage,Beverage 17; Beverage 15,2,149.0,Beverage 17; Beverage 15,chennai,nungambakkam,30,4646732,13.1578125,80.1487553
Restaurant 78,Chennai,T. Nagar,Appetizer / Main Course,Appetizer 14; Main Dish 18; Main Dish 29,3,541.6,Appetizer 14; Main Dish 18; Main Dish 29,chennai,t. nagar,34,4646732,13.1712575,80.2523739
Restaurant 78,Chennai,Velachery,Main Course,Main Dish 2,1,713.9,Main Dish 2,chennai,velachery,22,4646732,12.9658895,80.0934356
Restaurant 78,Mumbai,Goregaon,Appetizer,Appetizer 4,1,161.5,Appetizer 4,mumbai,goregaon,47,12442373,19.162078,72.746587
Restaurant 78,Mumbai,Juhu,Appetizer / Beverage / Dessert,Beverage 9; Appetizer 4; Dessert 17,3,164.9,Beverage 9; Appetizer 4; Dessert 17,mumbai,juhu,51,12442373,19.1518165,72.9282124
Restaurant 78,Mumbai,Powai,Dessert,Dessert 18,1,265.9,Dessert 18,mumbai,powai,35,12442373,19.2005961,72.8409745
Restaurant 78,New Delhi,Connaught Place,Appetizer / Beverage / Dessert,Beverage 19; Dessert 10; Appetizer 20,3,162.6,Beverage 19; Dessert 10; Appetizer 20,new delhi,connaught place,14,5000000,28.5224335,77.1532103
Restaurant 78,New Delhi,Hauz Khas,Beverage / Dessert / Main Course / Snack,Beverage 2; Snack 2; Main Dish 25; Dessert 17,4,233.0,Beverage 2; Snack 2; Main Dish 25; Dessert 17,new delhi,hauz khas,33,5000000,28.4346728,77.2767752
Restaurant 78,New Delhi,Karol Bagh,Beverage / Dessert / Snack,Beverage 14; Dessert 19; Snack 9; Beverage 12,4,176.5,Beverage 14; Dessert 19; Snack 9; Beverage 12,new delhi,karol bagh,13,5000000,28.7524671,77.2773881
Restaurant 78,New Delhi,Rajouri Garden,Appetizer,Appetizer 1,1,99.2,Appetizer 1,new delhi,rajouri garden,35,5000000,28.5167043,77.1234039
Restaurant 78,New Delhi,Saket,Appetizer / Beverage / Dessert,Beverage 17; Beverage 1; Beverage 10; Appetizer 19; Appetizer 10; Dessert 4; Beverage 12,7,174.3,Beverage 17; Beverage 1; Beverage 10; Appetizer 19; Appetizer 10; Dessert 4; Beverage 12,new delhi,saket,55,5000000,28.6569183,77.2301689
Restaurant 78,Pune,Aundh,Beverage,Beverage 7,1,36.0,Beverage 7,pune,aundh,41,9429408,18.4574743,73.8038783
Restaurant 78,Pune,Hinjawadi,Appetizer,Appetizer 8,1,85.8,Appetizer 8,pune,hinjawadi,13,9429408,18.5899624,73.6352529
Restaurant 78,Pune,Kothrud,Beverage / Main Course / Snack,Main Dish 31; Beverage 2; Snack 15,3,320.2,Main Dish 31; Beverage 2; Snack 15,pune,kothrud,32,9429408,18.4916053,73.9107072
Restaurant 78,Pune,Viman Nagar,Dessert / Snack,Dessert 1; Dessert 7; Snack 6,3,222.4,Dessert 1; Dessert 7; Snack 6,pune,viman nagar,44,9429408,18.5034196,73.9905353
Restaurant 79,Bangalore,Indiranagar,Main Course,Main Dish 26; Main Dish 1,2,367.8,Main Dish 26; Main Dish 1,bangalore,indiranagar,50,9621551,12.8892795,77.535817
Restaurant 79,Bangalore,Jayanagar,Beverage / Main Course,Beverage 10; Main Dish 15; Beverage 11; Main Dish 37,4,278.6,Beverage 10; Main Dish 15; Beverage 11; Main Dish 37,bangalore,jayanagar,40,9621551,12.8163488,77.6578533
Restaurant 79,Bangalore,Koramangala,Appetizer / Beverage / Main Course,Appetizer 9; Beverage 17; Main Dish 2; Appetizer 18,4,306.3,Appetizer 9; Beverage 17; Main Dish 2; Appetizer 18,bangalore,koramangala,26,9621551,12.9913897,77.5108151
Restaurant 79,Bangalore,Mg Road,Appetizer,Appetizer 12,1,194.8,Appetizer 12,bangalore,mg road,54,9621551,12.8991066,77.7112142
Restaurant 79,Bangalore,Whitefield,Dessert / Main Course,Main Dish 39; Dessert 18,2,487.0,Main Dish 39; Dessert 18,bangalore,whitefield,19,9621551,12.8828185,77.8333793
Restaurant 79,Chennai,Adyar,Beverage / Main Course,Beverage 5; Main Dish 35; Main Dish 18,3,433.5,Beverage 5; Main Dish 35; Main Dish 18,chennai,adyar,32,4646732,12.9300302,80.3622031
Restaurant 79,Chennai,Anna Nagar,Beverage / Main Course,Beverage 6; Main Dish 38,2,237.4,Beverage 6; Main Dish 38,chennai,anna nagar,50,4646732,12.978913,80.1411697
Restaurant 79,Chennai,Nungambakkam,Appetizer / Dessert,Appetizer 13; Dessert 6,2,215.9,Appetizer 13; Dessert 6,chennai,nungambakkam,30,4646732,13.0533718,80.3736036
Restaurant 79,Chennai,T. Nagar,Appetizer / Beverage / Main Course / Snack,Snack 10; Beverage 20; Appetizer 16; Beverage 16; Main Dish 37,5,181.9,Snack 10; Beverage 20; Appetizer 16; Beverage 16; Main Dish 37,chennai,t. nagar,34,4646732,12.9249046,80.3072664
Restaurant 79,Chennai,Velachery,Appetizer / Main Course,Appetizer 17; Main Dish 17; Main Dish 47,3,339.0,Appetizer 17; Main Dish 17; Main Dish 47,chennai,velachery,22,4646732,13.0787128,80.3091607
Restaurant 79,Mumbai,Andheri,Beverage / Main Course,Main Dish 22; Beverage 7,2,372.9,Main Dish 22; Beverage 7,mumbai,andheri,22,12442373,19.0179218,72.8021182
Restaurant 79,Mumbai,Bandra,Main Course,Main Dish 28,1,694.3,Main Dish 28,mumbai,bandra,35,12442373,19.1271434,72.9148311
Restaurant 79,Mumbai,Goregaon,Dessert,Dessert 2,1,168.2,Dessert 2,mumbai,goregaon,47,12442373,19.237033,72.92416
Restaurant 79,Mumbai,Powai,Appetizer / Main Course / Snack,Appetizer 13; Snack 5; Main Dish 23,3,343.1,Appetizer 13; Snack 5; Main Dish 23,mumbai,powai,35,12442373,19.103063,73.0123872
Restaurant 79,New Delhi,Connaught Place,Dessert,Dessert 15,1,238.2,Dessert 15,new delhi,connaught place,14,5000000,28.7578721,77.1941595
Restaurant 79,New Delhi,Hauz Khas,Appetizer / Beverage / Main Course,Beverage 9; Appetizer 15; Main Dish 49,3,265.8,Beverage 9; Appetizer 15; Main Dish 49,new delhi,hauz khas,33,5000000,28.5801013,77.0686684
Restaurant 79,New Delhi,Karol Bagh,Appetizer / Dessert / Snack,Dessert 8; Dessert 10; Appetizer 15; Snack 2,4,158.6,Dessert 8; Dessert 10; Appetizer 15; Snack 2,new delhi,karol bagh,13,5000000,28.5221527,77.1940217
Restaurant 79,New Delhi,Rajouri Garden,Appetizer / Dessert / Main Course,Appetizer 7; Main Dish 26; Dessert 10,3,297.0,Appetizer 7; Main Dish 26; Dessert 10,new delhi,rajouri garden,35,5000000,28.7442213,77.0287285
Restaurant 79,New Delhi,Saket,Main Course,Main Dish 45,1,661.2,Main Dish 45,new delhi,saket,55,5000000,28.4105654,77.2850614
Restaurant 79,Pune,Aundh,Dessert / Snack,Dessert 20; Snack 15,2,217.5,Dessert 20; Snack 15,pune,aundh,41,9429408,18.64376,73.7438226
Restaurant 79,Pune,Hinjawadi,Appetizer / Beverage,Appetizer 5; Beverage 16,2,89.5,Appetizer 5; Beverage 16,pune,hinjawadi,13,9429408,18.6649174,73.8128259
Restaurant 79,Pune,Viman Nagar,Dessert,Dessert 7,1,368.9,Dessert 7,pune,viman nagar,44,9429408,18.5675969,73.8103714
Restaurant 8,Bangalore,Indiranagar,Appetizer / Beverage / Main Course,Appetizer 7; Beverage 18; Beverage 5; Main Dish 8,4,246.5,Appetizer 7; Beverage 18; Beverage 5; Main Dish 8,bangalore,indiranagar,50,9621551,13.1067199,77.6610051
Restaurant 8,Bangalore,Jayanagar,Main Course / Snack,Main Dish 5; Snack 14; Main Dish 18; Main Dish 22,4,291.0,Main Dish 5; Snack 14; Main Dish 18; Main Dish 22,bangalore,jayanagar,40,9621551,12.9617773,77.4497465
Restaurant 8,Bangalore,Koramangala,Main Course,Main Dish 2,1,376.1,Main Dish 2,bangalore,koramangala,26,9621551,12.971435,77.7459605
Restaurant 8,Bangalore,Mg Road,Appetizer / Beverage / Snack,Appetizer 14; Snack 4; Beverage 2; Appetizer 17,4,103.8,Appetizer 14; Snack 4; Beverage 2; Appetizer 17,bangalore,mg road,54,9621551,12.9612504,77.4773752
Restaurant 8,Bangalore,Whitefield,Dessert / Main Course / Snack,Dessert 6; Main Dish 33; Snack 8; Main Dish 1,4,366.6,Dessert 6; Main Dish 33; Snack 8; Main Dish 1,bangalore,whitefield,19,9621551,13.028247,77.6252725
Restaurant 8,Chennai,Adyar,Appetizer / Beverage / Dessert / Main Course / Snack,Beverage 10; Appetizer 18; Main Dish 41; Snack 15; Main Dish 19; Dessert 11,6,250.0,Beverage 10; Appetizer 18; Main Dish 41; Snack 15; Main Dish 19; Dessert 11,chennai,adyar,32,4646732,12.992174,80.1283641
Restaurant 8,Chennai,Anna Nagar,Beverage / Main Course,Beverage 9; Main Dish 21,2,230.3,Beverage 9; Main Dish 21,chennai,anna nagar,50,4646732,13.2143516,80.1821189
Restaurant 8,Chennai,Nungambakkam,Beverage / Main Course,Beverage 2; Main Dish 30; Main Dish 6,3,300.6,Beverage 2; Main Dish 30; Main Dish 6,chennai,nungambakkam,30,4646732,12.9780508,80.1358368
Restaurant 8,Chennai,T. Nagar,Beverage / Dessert / Main Course,Dessert 1; Main Dish 35; Beverage 13; Dessert 20; Main Dish 11,5,320.7,Dessert 1; Main Dish 35; Beverage 13; Dessert 20; Main Dish 11,chennai,t. nagar,34,4646732,13.0703331,80.0991596
Restaurant 8,Chennai,Velachery,Dessert / Main Course / Snack,Snack 12; Dessert 3; Main Dish 41,3,250.7,Snack 12; Dessert 3; Main Dish 41,chennai,velachery,22,4646732,12.8483984,80.2257943
Restaurant 8,Mumbai,Andheri,Beverage / Dessert,Dessert 16; Beverage 3,2,196.6,Dessert 16; Beverage 3,mumbai,andheri,22,12442373,19.2254261,72.8100787
Restaurant 8,Mumbai,Bandra,Main Course,Main Dish 4,1,722.8,Main Dish 4,mumbai,bandra,35,12442373,18.9505701,72.8339029
Restaurant 8,Mumbai,Goregaon,Main Course,Main Dish 17,1,701.2,Main Dish 17,mumbai,goregaon,47,12442373,19.0604597,72.8432318
Restaurant 8,Mumbai,Juhu,Appetizer / Snack,Appetizer 11; Snack 2,2,128.6,Appetizer 11; Snack 2,mumbai,juhu,51,12442373,19.0052457,72.7832252
Restaurant 8,Mumbai,Powai,Appetizer,Appetizer 15,1,220.3,Appetizer 15,mumbai,powai,35,12442373,19.0588631,72.818656
Restaurant 8,New Delhi,Connaught Place,Beverage / Main Course,Beverage 13; Main Dish 5,2,465.7,Beverage 13; Main Dish 5,new delhi,connaught place,14,5000000,28.5553497,77.3238044
Restaurant 8,New Delhi,Hauz Khas,Appetizer / Beverage / Main Course,Main Dish 15; Appetizer 9; Beverage 19,3,276.0,Main Dish 15; Appetizer 9; Beverage 19,new delhi,hauz khas,33,5000000,28.613636,77.3218339
Restaurant 8,New Delhi,Karol Bagh,Appetizer / Main Course / Snack,Snack 4; Main Dish 50; Appetizer 18,3,336.5,Snack 4; Main Dish 50; Appetizer 18,new delhi,karol bagh,13,5000000,28.7496697,77.0993463
Restaurant 8,New Delhi,Rajouri Garden,Beverage / Snack,Beverage 16; Beverage 13; Beverage 18; Snack 3,4,195.2,Beverage 16; Beverage 13; Beverage 18; Snack 3,new delhi,rajouri garden,35,5000000,28.6397806,77.2535768
Restaurant 8,New Delhi,Saket,Beverage / Main Course,Main Dish 34; Beverage 12; Main Dish 8,3,247.3,Main Dish 34; Beverage 12; Main Dish 8,new delhi,saket,55,5000000,28.5559939,77.0769546
Restaurant 8,Pune,Aundh,Dessert,Dessert 18,1,210.3,Dessert 18,pune,aundh,41,9429408,18.5462269,73.9152353
Restaurant 8,Pune,Viman Nagar,Beverage,Beverage 15,1,202.9,Beverage 15,pune,viman nagar,44,9429408,18.6425519,73.9879444
Restaurant 80,Bangalore,Indiranagar,Main Course,Main Dish 5; Main Dish 12,2,611.4,Main Dish 5; Main Dish 12,bangalore,indiranagar,50,9621551,12.860367,77.7158976
Restaurant 80,Bangalore,Jayanagar,Appetizer,Appetizer 17,1,145.5,Appetizer 17,bangalore,jayanagar,40,9621551,12.995312,77.702912
Restaurant 80,Bangalore,Koramangala,Appetizer / Beverage,Beverage 15; Appetizer 15,2,104.6,Beverage 15; Appetizer 15,bangalore,koramangala,26,9621551,12.8264006,77.5579109
Restaurant 80,Bangalore,Mg Road,Dessert / Main Course / Snack,Dessert 2; Snack 7; Main Dish 38; Main Dish 24; Main Dish 1,5,284.6,Dessert 2; Snack 7; Main Dish 38; Main Dish 24; Main Dish 1,bangalore,mg road,54,9621551,13.0740737,77.6931003
Restaurant 80,Bangalore,Whitefield,Main Course / Snack,Main Dish 37; Main Dish 12; Main Dish 21; Snack 3; Main Dish 6,5,441.5,Main Dish 37; Main Dish 12; Main Dish 21; Snack 3; Main Dish 6,bangalore,whitefield,19,9621551,13.0617817,77.878438
Restaurant 80,Chennai,Adyar,Appetizer / Beverage / Dessert / Main Course / Snack,Beverage 1; Main Dish 45; Appetizer 10; Dessert 17; Snack 8,5,343.5,Beverage 1; Main Dish 45; Appetizer 10; Dessert 17; Snack 8,chennai,adyar,32,4646732,13.1049973,80.3440892
Restaurant 80,Chennai,Anna Nagar,Appetizer / Beverage / Dessert / Main Course,Appetizer 7; Beverage 20; Dessert 8; Main Dish 26,4,201.3,Appetizer 7; Beverage 20; Dessert 8; Main Dish 26,chennai,anna nagar,50,4646732,13.0118292,80.3117638
Restaurant 80,Chennai,Nungambakkam,Main Course,Main Dish 40; Main Dish 47,2,359.2,Main Dish 40; Main Dish 47,chennai,nungambakkam,30,4646732,13.1954912,80.2610249
Restaurant 80,Chennai,T. Nagar,Appetizer / Main Course,Main Dish 42; Appetizer 18; Main Dish 33,3,338.4,Main Dish 42; Appetizer 18; Main Dish 33,chennai,t. nagar,34,4646732,13.1038678,80.3523251
Restaurant 80,Chennai,Velachery,Appetizer / Snack,Appetizer 4; Snack 3,2,1617.1,Appetizer 4; Snack 3,chennai,velachery,22,4646732,13.0759154,80.1311189
Restaurant 80,Mumbai,Andheri,Main Course,Main Dish 48,1,729.6,Main Dish 48,mumbai,andheri,22,12442373,19.0659033,72.9453393
Restaurant 80,Mumbai,Bandra,Appetizer / Main Course / Snack,Appetizer 5; Snack 12; Main Dish 15; Snack 6; Appetizer 7,5,184.4,Appetizer 5; Snack 12; Main Dish 15; Snack 6; Appetizer 7,mumbai,bandra,35,12442373,19.1368558,72.7738472
Restaurant 80,Mumbai,Goregaon,Main Course,Main Dish 11,1,785.0,Main Dish 11,mumbai,goregaon,47,12442373,19.2467454,72.7831761
Restaurant 80,Mumbai,Juhu,Appetizer / Main Course / Snack,Main Dish 25; Appetizer 18; Snack 13,3,208.3,Main Dish 25; Appetizer 18; Snack 13,mumbai,juhu,51,12442373,19.21275,72.7911857
Restaurant 80,Mumbai,Powai,Main Course,Main Dish 40,1,271.0,Main Dish 40,mumbai,powai,35,12442373,19.2235441,72.9324999
Restaurant 80,New Delhi,Connaught Place,Beverage,Beverage 3,1,227.3,Beverage 3,new delhi,connaught place,14,5000000,28.6174935,77.0899654
Restaurant 80,New Delhi,Hauz Khas,Main Course,Main Dish 37,1,174.0,Main Dish 37,new delhi,hauz khas,33,5000000,28.4167553,77.1568514
Restaurant 80,New Delhi,Karol Bagh,Appetizer / Beverage,Appetizer 4; Appetizer 18; Beverage 12,3,200.5,Appetizer 4; Appetizer 18; Beverage 12,new delhi,karol bagh,13,5000000,28.645229,77.3241946
Restaurant 80,New Delhi,Rajouri Garden,Main Course,Main Dish 27,1,344.9,Main Dish 27,new delhi,rajouri garden,35,5000000,28.5644596,77.01581
Restaurant 80,New Delhi,Saket,Main Course,Main Dish 30; Main Dish 8,2,397.4,Main Dish 30; Main Dish 8,new delhi,saket,55,5000000,28.5895286,77.3301201
Restaurant 80,Pune,Aundh,Dessert / Main Course,Main Dish 30; Dessert 6,2,428.5,Main Dish 30; Dessert 6,pune,aundh,41,9429408,18.502027,73.7215041
Restaurant 80,Pune,Hinjawadi,Appetizer,Appetizer 7,1,93.5,Appetizer 7,pune,hinjawadi,13,9429408,18.4883441,73.7318977
Restaurant 80,Pune,Kothrud,Main Course / Snack,Main Dish 21; Snack 10; Snack 6,3,131.5,Main Dish 21; Snack 10; Snack 6,pune,kothrud,32,9429408,18.4474054,73.716976
Restaurant 80,Pune,Viman Nagar,Dessert,Dessert 2; Dessert 8,2,241.3,Dessert 2; Dessert 8,pune,viman nagar,44,9429408,18.4659786,73.9070162
Restaurant 81,Bangalore,Jayanagar,Beverage,Beverage 8,1,165.4,Beverage 8,bangalore,jayanagar,40,9621551,12.7984313,77.5379295
Restaurant 81,Bangalore,Mg Road,Appetizer / Beverage / Dessert,Appetizer 11; Appetizer 17; Beverage 16; Dessert 7,4,165.3,Appetizer 11; Appetizer 17; Beverage 16; Dessert 7,bangalore,mg road,54,9621551,12.8437593,77.6097339
Restaurant 81,Bangalore,Whitefield,Appetizer / Beverage / Dessert,Beverage 18; Dessert 10; Dessert 2; Dessert 11; Appetizer 5; Dessert 5,6,204.4,Beverage 18; Dessert 10; Dessert 2; Dessert 11; Appetizer 5; Dessert 5,bangalore,whitefield,19,9621551,12.864901,77.7134555
Restaurant 81,Chennai,Adyar,Main Course / Snack,Main Dish 30; Main Dish 42; Main Dish 3; Snack 12,4,317.0,Main Dish 30; Main Dish 42; Main Dish 3; Snack 12,chennai,adyar,32,4646732,12.8746829,80.2607228
Restaurant 81,Chennai,Anna Nagar,Appetizer / Beverage / Main Course,Appetizer 19; Main Dish 19; Main Dish 15; Beverage 17; Main Dish 29,5,295.2,Appetizer 19; Main Dish 19; Main Dish 15; Beverage 17; Main Dish 29,chennai,anna nagar,50,4646732,13.073973,80.0779248
Restaurant 81,Chennai,Nungambakkam,Appetizer / Main Course / Snack,Main Dish 25; Snack 1; Appetizer 13; Main Dish 39,4,299.9,Main Dish 25; Snack 1; Appetizer 13; Main Dish 39,chennai,nungambakkam,30,4646732,12.9491383,80.3159174
Restaurant 81,Chennai,T. Nagar,Appetizer / Main Course,Appetizer 7; Main Dish 45,2,240.6,Appetizer 7; Main Dish 45,chennai,t. nagar,34,4646732,12.9069871,80.1873426
Restaurant 81,Chennai,Velachery,Dessert / Main Course,Main Dish 24; Main Dish 34; Dessert 7; Main Dish 32,4,551.9,Main Dish 24; Main Dish 34; Dessert 7; Main Dish 32,chennai,velachery,22,4646732,12.9714747,80.3559672
Restaurant 81,Mumbai,Andheri,Beverage / Main Course,Main Dish 49; Beverage 10; Main Dish 7,3,384.9,Main Dish 49; Beverage 10; Main Dish 7,mumbai,andheri,22,12442373,19.0923518,72.736367
Restaurant 81,Mumbai,Bandra,Beverage / Dessert,Beverage 7; Dessert 11,2,139.0,Beverage 7; Dessert 11,mumbai,bandra,35,12442373,19.0393227,72.9452599
Restaurant 81,Mumbai,Juhu,Beverage / Main Course,Main Dish 3; Beverage 18,2,280.8,Main Dish 3; Beverage 18,mumbai,juhu,51,12442373,19.0532272,72.9264463
Restaurant 81,Mumbai,Powai,Main Course,Main Dish 44; Main Dish 42,2,285.6,Main Dish 44; Main Dish 42,mumbai,powai,35,12442373,19.0237354,72.9599972
Restaurant 81,New Delhi,Connaught Place,Appetizer,Appetizer 7; Appetizer 16,2,89.2,Appetizer 7; Appetizer 16,new delhi,connaught place,14,5000000,28.7303168,77.3056905
Restaurant 81,New Delhi,Hauz Khas,Dessert / Main Course,Main Dish 35; Main Dish 31; Dessert 16,3,404.0,Main Dish 35; Main Dish 31; Dessert 16,new delhi,hauz khas,33,5000000,28.6748629,77.1454484
Restaurant 81,New Delhi,Karol Bagh,Appetizer / Snack,Appetizer 16; Snack 3,2,131.8,Appetizer 16; Snack 3,new delhi,karol bagh,13,5000000,28.569908,77.0864278
Restaurant 81,New Delhi,Rajouri Garden,Appetizer,Appetizer 20,1,60.6,Appetizer 20,new delhi,rajouri garden,35,5000000,28.7819,77.1409981
Restaurant 81,New Delhi,Saket,Appetizer / Beverage / Main Course,Main Dish 4; Beverage 19; Appetizer 19,3,377.6,Main Dish 4; Beverage 19; Appetizer 19,new delhi,saket,55,5000000,28.3926479,77.1651376
Restaurant 81,Pune,Baner,Beverage / Snack,Beverage 9; Snack 2,2,84.8,Beverage 9; Snack 2,pune,baner,49,9429408,18.6098483,73.6995832
Restaurant 81,Pune,Hinjawadi,Appetizer / Dessert / Main Course,Appetizer 3; Dessert 14; Dessert 12; Main Dish 26,4,369.5,Appetizer 3; Dessert 14; Dessert 12; Main Dish 26,pune,hinjawadi,13,9429408,18.6746298,73.671842
Restaurant 81,Pune,Viman Nagar,Dessert / Main Course,Dessert 20; Main Dish 4; Main Dish 31,3,377.8,Dessert 20; Main Dish 4; Main Dish 31,pune,viman nagar,44,9429408,18.6522643,73.8469605
Restaurant 82,Bangalore,Indiranagar,Appetizer / Main Course,Main Dish 29; Appetizer 12,2,449.8,Main Dish 29; Appetizer 12,bangalore,indiranagar,50,9621551,13.0057955,77.5077908
Restaurant 82,Bangalore,Jayanagar,Dessert / Main Course,Main Dish 45; Dessert 2,2,503.7,Main Dish 45; Dessert 2,bangalore,jayanagar,40,9621551,13.0565389,77.5265265
Restaurant 82,Bangalore,Mg Road,Appetizer / Main Course / Snack,Main Dish 24; Snack 14; Appetizer 9,3,248.8,Main Dish 24; Snack 14; Appetizer 9,bangalore,mg road,54,9621551,13.0712763,77.5150585
Restaurant 82,Bangalore,Whitefield,Dessert / Main Course / Snack,Dessert 19; Main Dish 46; Snack 11,3,286.4,Dessert 19; Main Dish 46; Snack 11,bangalore,whitefield,19,9621551,13.1230086,77.7020525
Restaurant 82,Chennai,Adyar,Appetizer / Dessert / Main Course / Snack,Main Dish 41; Appetizer 19; Main Dish 37; Dessert 19; Snack 13,5,368.8,Main Dish 41; Appetizer 19; Main Dish 37; Dessert 19; Snack 13,chennai,adyar,32,4646732,13.1021999,80.1660474
Restaurant 82,Chennai,Anna Nagar,Appetizer,Appetizer 17,1,60.8,Appetizer 17,chennai,anna nagar,50,4646732,13.1867963,80.2936499
Restaurant 82,Chennai,Nungambakkam,Appetizer / Main Course,Main Dish 23; Appetizer 5,2,280.3,Main Dish 23; Appetizer 5,chennai,nungambakkam,30,4646732,13.0945668,80.1078106
Restaurant 82,Chennai,T. Nagar,Dessert / Main Course / Snack,Main Dish 50; Dessert 20; Snack 6; Dessert 13,4,314.1,Main Dish 50; Dessert 20; Snack 6; Dessert 13,chennai,t. nagar,34,4646732,13.1650947,80.1759396
Restaurant 82,Chennai,Velachery,Beverage / Main Course / Snack,Main Dish 38; Snack 2; Main Dish 26; Beverage 3,4,224.1,Main Dish 38; Snack 2; Main Dish 26; Beverage 3,chennai,velachery,22,4646732,12.8961537,80.1182004
Restaurant 82,Mumbai,Bandra,Dessert / Main Course,Dessert 13; Main Dish 35,2,301.0,Dessert 13; Main Dish 35,mumbai,bandra,35,12442373,18.9951228,72.7515287
Restaurant 82,Mumbai,Goregaon,Beverage / Main Course,Main Dish 10; Beverage 4,2,247.6,Main Dish 10; Beverage 4,mumbai,goregaon,47,12442373,19.1492123,72.9545888
Restaurant 82,Mumbai,Juhu,Beverage / Main Course,Main Dish 40; Beverage 15; Main Dish 18,3,390.2,Main Dish 40; Beverage 15; Main Dish 18,mumbai,juhu,51,12442373,19.0796757,72.717474
Restaurant 82,New Delhi,Connaught Place,Appetizer / Main Course / Snack,Main Dish 24; Snack 14; Appetizer 8,3,264.4,Main Dish 24; Snack 14; Appetizer 8,new delhi,connaught place,14,5000000,28.5000024,77.2223241
Restaurant 82,New Delhi,Hauz Khas,Beverage / Dessert / Main Course,Beverage 1; Main Dish 28; Main Dish 40; Dessert 3,4,368.4,Beverage 1; Main Dish 28; Main Dish 40; Dessert 3,new delhi,hauz khas,33,5000000,28.4911904,77.3292601
Restaurant 82,New Delhi,Karol Bagh,Beverage / Snack,Beverage 8; Snack 5,2,116.0,Beverage 8; Snack 5,new delhi,karol bagh,13,5000000,28.7873484,77.2116159
Restaurant 82,New Delhi,Rajouri Garden,Appetizer / Beverage / Dessert / Main Course,Dessert 4; Beverage 9; Main Dish 43; Appetizer 18; Appetizer 12,5,211.9,Dessert 4; Beverage 9; Main Dish 43; Appetizer 18; Appetizer 12,new delhi,rajouri garden,35,5000000,28.5355471,77.1958906
Restaurant 82,New Delhi,Saket,Appetizer / Beverage,Beverage 19; Appetizer 1,2,170.5,Beverage 19; Appetizer 1,new delhi,saket,55,5000000,28.6507555,77.1537346
Restaurant 82,Pune,Hinjawadi,Beverage,Beverage 15,1,285.7,Beverage 15,pune,hinjawadi,13,9429408,18.5770967,73.8432547
Restaurant 82,Pune,Kothrud,Main Course,Main Dish 29,1,795.8,Main Dish 29,pune,kothrud,32,9429408,18.6120864,73.8308199
Restaurant 82,Pune,Viman Nagar,Appetizer / Beverage,Appetizer 2; Beverage 13,2,180.0,Appetizer 2; Beverage 13,pune,viman nagar,44,9429408,18.5547312,74.0183732
Restaurant 83,Bangalore,Indiranagar,Appetizer,Appetizer 6; Appetizer 17,2,137.9,Appetizer 6; Appetizer 17,bangalore,indiranagar,50,9621551,13.0393302,77.7609563
Restaurant 83,Bangalore,Jayanagar,Dessert / Main Course,Main Dish 21; Dessert 3,2,583.1,Main Dish 21; Dessert 3,bangalore,jayanagar,40,9621551,12.8728664,77.7103382
Restaurant 83,Bangalore,Koramangala,Main Course,Main Dish 21; Main Dish 6,2,392.3,Main Dish 21; Main Dish 6,bangalore,koramangala,26,9621551,13.0618392,77.5988601
Restaurant 83,Bangalore,Mg Road,Main Course / Snack,Snack 11; Main Dish 11; Main Dish 29,3,418.9,Snack 11; Main Dish 11; Main Dish 29,bangalore,mg road,54,9621551,12.9668356,77.7399068
Restaurant 83,Bangalore,Whitefield,Appetizer / Beverage / Main Course,Appetizer 14; Appetizer 9; Main Dish 35; Beverage 11,4,333.3,Appetizer 14; Appetizer 9; Main Dish 35; Beverage 11,bangalore,whitefield,19,9621551,12.9393361,77.8858642
Restaurant 83,Chennai,Adyar,Main Course / Snack,Main Dish 43; Snack 11,2,294.6,Main Dish 43; Snack 11,chennai,adyar,32,4646732,12.9977592,80.3908957
Restaurant 83,Chennai,Anna Nagar,Appetizer / Beverage / Dessert / Main Course,Dessert 13; Main Dish 46; Main Dish 47; Appetizer 11; Beverage 9; Dessert 16,6,289.7,Dessert 13; Main Dish 46; Main Dish 47; Appetizer 11; Beverage 9; Dessert 16,chennai,anna nagar,50,4646732,12.9564819,80.2102835
Restaurant 83,Chennai,Nungambakkam,Main Course,Main Dish 25,1,345.4,Main Dish 25,chennai,nungambakkam,30,4646732,13.1281015,80.3609761
Restaurant 83,Chennai,T. Nagar,Appetizer / Beverage / Main Course,Appetizer 5; Appetizer 3; Main Dish 32; Beverage 3,4,252.9,Appetizer 5; Appetizer 3; Main Dish 32; Beverage 3,chennai,t. nagar,34,4646732,12.9814222,80.3597513
Restaurant 83,Chennai,Velachery,Appetizer,Appetizer 1,1,177.6,Appetizer 1,chennai,velachery,22,4646732,13.1135941,80.2433885
Restaurant 83,Mumbai,Andheri,Beverage,Beverage 7,1,31.0,Beverage 7,mumbai,andheri,22,12442373,19.2148685,72.9095406
Restaurant 83,Mumbai,Goregaon,Snack,Snack 12,1,87.4,Snack 12,mumbai,goregaon,47,12442373,19.1050124,72.7608576
Restaurant 83,Mumbai,Juhu,Appetizer,Appetizer 13,1,164.4,Appetizer 13,mumbai,juhu,51,12442373,19.2021924,72.8906476
Restaurant 83,Mumbai,Powai,Beverage,Beverage 7,1,151.1,Beverage 7,mumbai,powai,35,12442373,19.1534471,72.8036058
Restaurant 83,New Delhi,Connaught Place,Main Course,Main Dish 30; Main Dish 42,2,369.0,Main Dish 30; Main Dish 42,new delhi,connaught place,14,5000000,28.7275194,77.1276487
Restaurant 83,New Delhi,Hauz Khas,Appetizer,Appetizer 13,1,151.2,Appetizer 13,new delhi,hauz khas,33,5000000,28.5025273,77.0681642
Restaurant 83,New Delhi,Karol Bagh,Main Course,Main Dish 42,1,166.1,Main Dish 42,new delhi,karol bagh,13,5000000,28.5409955,77.2665084
Restaurant 83,New Delhi,Saket,Beverage / Dessert / Main Course,Dessert 10; Beverage 18; Main Dish 47,3,282.9,Dessert 10; Beverage 18; Main Dish 47,new delhi,saket,55,5000000,28.467083,77.3375463
Restaurant 83,Pune,Aundh,Appetizer / Main Course,Main Dish 36; Appetizer 5,2,278.6,Main Dish 36; Appetizer 5,pune,aundh,41,9429408,18.666708,73.835348
Restaurant 83,Pune,Baner,Main Course / Snack,Snack 13; Main Dish 22,2,489.1,Snack 13; Main Dish 22,pune,baner,49,9429408,18.5790322,73.8822908
Restaurant 83,Pune,Hinjawadi,Snack,Snack 9,1,84.7,Snack 9,pune,hinjawadi,13,9429408,18.5328968,73.6495235
Restaurant 83,Pune,Kothrud,Main Course,Main Dish 46,1,215.6,Main Dish 46,pune,kothrud,32,9429408,18.4122777,73.8583172
Restaurant 83,Pune,Viman Nagar,Appetizer / Main Course,Appetizer 4; Main Dish 20,2,215.5,Appetizer 4; Main Dish 20,pune,viman nagar,44,9429408,18.5105313,73.824642
Restaurant 84,Bangalore,Indiranagar,Appetizer / Dessert,Appetizer 8; Dessert 3; Dessert 4; Appetizer 19,4,175.9,Appetizer 8; Dessert 3; Dessert 4; Appetizer 19,bangalore,indiranagar,50,9621551,12.8424495,77.5959738
Restaurant 84,Bangalore,Jayanagar,Beverage / Dessert / Main Course,Dessert 12; Beverage 10; Main Dish 31; Main Dish 43; Main Dish 21,5,410.4,Dessert 12; Beverage 10; Main Dish 31; Main Dish 43; Main Dish 21,bangalore,jayanagar,40,9621551,12.8842033,77.4492423
Restaurant 84,Bangalore,Koramangala,Appetizer / Dessert / Main Course,Appetizer 14; Dessert 5; Main Dish 17; Main Dish 49,4,486.6,Appetizer 14; Dessert 5; Main Dish 17; Main Dish 49,bangalore,koramangala,26,9621551,12.8593168,77.728505
Restaurant 84,Bangalore,Mg Road,Beverage,Beverage 5,1,289.6,Beverage 5,bangalore,mg road,54,9621551,12.8915146,77.50214
Restaurant 84,Bangalore,Whitefield,Dessert / Main Course,Main Dish 50; Dessert 14,2,441.9,Main Dish 50; Dessert 14,bangalore,whitefield,19,9621551,12.950673,77.6247683
Restaurant 84,Chennai,Adyar,Appetizer / Main Course,Main Dish 44; Appetizer 3; Main Dish 14,3,415.5,Main Dish 44; Appetizer 3; Main Dish 14,chennai,adyar,32,4646732,12.9224382,80.1531289
Restaurant 84,Chennai,Nungambakkam,Beverage / Main Course,Main Dish 21; Beverage 18; Main Dish 30; Main Dish 37,4,429.6,Main Dish 21; Beverage 18; Main Dish 30; Main Dish 37,chennai,nungambakkam,30,4646732,12.9312208,80.1959936
Restaurant 84,Chennai,T. Nagar,Beverage / Snack,Beverage 10; Snack 7,2,60.4,Beverage 10; Snack 7,chennai,t. nagar,34,4646732,12.9927591,80.0986554
Restaurant 84,Chennai,Velachery,Beverage / Main Course,Main Dish 18; Beverage 7,2,412.3,Main Dish 18; Beverage 7,chennai,velachery,22,4646732,12.8672412,80.298281
Restaurant 84,Mumbai,Andheri,Main Course,Main Dish 13,1,676.3,Main Dish 13,mumbai,andheri,22,12442373,19.0060943,72.8642894
Restaurant 84,Mumbai,Juhu,Main Course,Main Dish 24; Main Dish 28,2,450.8,Main Dish 24; Main Dish 28,mumbai,juhu,51,12442373,18.9934182,72.8453964
Restaurant 84,Mumbai,Powai,Main Course,Main Dish 22,1,495.4,Main Dish 22,mumbai,powai,35,12442373,19.1635145,73.0080325
Restaurant 84,New Delhi,Connaught Place,Appetizer / Main Course,Main Dish 19; Appetizer 3,2,293.0,Main Dish 19; Appetizer 3,new delhi,connaught place,14,5000000,28.6230787,77.352497
Restaurant 84,New Delhi,Hauz Khas,Beverage / Dessert / Main Course,Main Dish 33; Beverage 20; Main Dish 26; Dessert 6; Dessert 15,5,285.1,Main Dish 33; Beverage 20; Main Dish 26; Dessert 6; Dessert 15,new delhi,hauz khas,33,5000000,28.6714936,77.2694889
Restaurant 84,New Delhi,Karol Bagh,Appetizer / Main Course,Main Dish 44; Appetizer 15; Main Dish 2,3,390.4,Main Dish 44; Appetizer 15; Main Dish 2,new delhi,karol bagh,13,5000000,28.686424,77.0584016
Restaurant 84,New Delhi,Rajouri Garden,Dessert / Main Course,Main Dish 29; Dessert 17; Main Dish 34,3,472.3,Main Dish 29; Dessert 17; Main Dish 34,new delhi,rajouri garden,35,5000000,28.6809756,76.9877838
Restaurant 84,New Delhi,Saket,Beverage / Main Course,Beverage 14; Main Dish 10,2,233.8,Beverage 14; Main Dish 10,new delhi,saket,55,5000000,28.4784199,77.0764504
Restaurant 84,Pune,Aundh,Main Course,Main Dish 28; Main Dish 9,2,615.6,Main Dish 28; Main Dish 9,pune,aundh,41,9429408,18.4668993,73.8628453
Restaurant 84,Pune,Baner,Beverage / Snack,Snack 11; Beverage 3,2,72.3,Snack 11; Beverage 3,pune,baner,49,9429408,18.4775289,73.7254991
Restaurant 84,Pune,Kothrud,Dessert / Main Course,Dessert 8; Main Dish 39,2,226.1,Dessert 8; Main Dish 39,pune,kothrud,32,9429408,18.5419894,73.7019258
Restaurant 85,Bangalore,Indiranagar,Beverage,Beverage 1,1,124.8,Beverage 1,bangalore,indiranagar,50,9621551,13.1005571,77.5845708
Restaurant 85,Bangalore,Jayanagar,Main Course,Main Dish 2; Main Dish 42; Main Dish 12,3,458.7,Main Dish 2; Main Dish 42; Main Dish 12,bangalore,jayanagar,40,9621551,13.0531696,77.650567
Restaurant 85,Bangalore,Koramangala,Appetizer / Beverage / Dessert / Main Course,Appetizer 19; Dessert 17; Beverage 3; Main Dish 27; Main Dish 21,5,330.5,Appetizer 19; Dessert 17; Beverage 3; Main Dish 27; Main Dish 21,bangalore,koramangala,26,9621551,12.9214606,77.494666
Restaurant 85,Bangalore,Mg Road,Dessert / Main Course,Main Dish 34; Dessert 10; Main Dish 27; Main Dish 15,4,304.4,Main Dish 34; Dessert 10; Main Dish 27; Main Dish 15,bangalore,mg road,54,9621551,13.108955,77.6273281
Restaurant 85,Bangalore,Whitefield,Dessert / Main Course,Dessert 4; Main Dish 5,2,308.0,Dessert 4; Main Dish 5,bangalore,whitefield,19,9621551,13.1196393,77.826093
Restaurant 85,Chennai,Adyar,Main Course,Main Dish 29,1,421.0,Main Dish 29,chennai,adyar,32,4646732,13.1398786,80.278317
Restaurant 85,Chennai,Anna Nagar,Beverage / Main Course,Main Dish 50; Beverage 13,2,367.9,Main Dish 50; Beverage 13,chennai,anna nagar,50,4646732,13.1839989,80.1156081
Restaurant 85,Chennai,Nungambakkam,Snack,Snack 8,1,120.6,Snack 8,chennai,nungambakkam,30,4646732,13.1893284,80.1845906
Restaurant 85,Chennai,T. Nagar,Beverage / Snack,Snack 14; Snack 10; Beverage 11,3,118.8,Snack 14; Snack 10; Beverage 11,chennai,t. nagar,34,4646732,13.1617254,80.2999801
Restaurant 85,Chennai,Velachery,Beverage / Snack,Snack 2; Beverage 20,2,112.3,Snack 2; Beverage 20,chennai,velachery,22,4646732,13.0126697,80.0901742
Restaurant 85,Mumbai,Andheri,Beverage,Beverage 9,1,34.8,Beverage 9,mumbai,andheri,22,12442373,19.1918933,72.7558809
Restaurant 85,Mumbai,Bandra,Main Course,Main Dish 20,1,386.5,Main Dish 20,mumbai,bandra,35,12442373,19.1598038,72.8653726
Restaurant 85,Mumbai,Goregaon,Appetizer,Appetizer 14,1,65.4,Appetizer 14,mumbai,goregaon,47,12442373,19.2696934,72.8747015
Restaurant 85,New Delhi,Connaught Place,Beverage / Dessert / Main Course,Dessert 12; Main Dish 5; Main Dish 39; Beverage 10; Dessert 20,5,273.1,Dessert 12; Main Dish 5; Main Dish 39; Beverage 10; Dessert 20,new delhi,connaught place,14,5000000,28.5477577,77.1147302
Restaurant 85,New Delhi,Hauz Khas,Beverage / Dessert,Dessert 12; Beverage 4,2,75.0,Dessert 12; Beverage 4,new delhi,hauz khas,33,5000000,28.4094318,77.234978
Restaurant 85,New Delhi,Karol Bagh,Dessert,Dessert 5; Dessert 1,2,230.5,Dessert 5; Dessert 1,new delhi,karol bagh,13,5000000,28.7199587,77.3115671
Restaurant 85,New Delhi,Rajouri Garden,Main Course / Snack,Snack 11; Main Dish 24,2,410.1,Snack 11; Main Dish 24,new delhi,rajouri garden,35,5000000,28.7145103,77.2409493
Restaurant 85,New Delhi,Saket,Beverage / Main Course / Snack,Beverage 6; Main Dish 23; Snack 9,3,137.4,Beverage 6; Main Dish 23; Snack 9,new delhi,saket,55,5000000,28.6473862,77.2777751
Restaurant 85,Pune,Aundh,Main Course,Main Dish 14,1,567.8,Main Dish 14,pune,aundh,41,9429408,18.596611,73.7064539
Restaurant 85,Pune,Baner,Main Course,Main Dish 25,1,187.1,Main Dish 25,pune,baner,49,9429408,18.6597282,73.7729252
Restaurant 85,Pune,Hinjawadi,Main Course,Main Dish 8,1,155.2,Main Dish 8,pune,hinjawadi,13,9429408,18.6975778,73.7633674
Restaurant 85,Pune,Kothrud,Beverage,Beverage 18,1,84.0,Beverage 18,pune,kothrud,32,9429408,18.5520568,73.9063525
Restaurant 85,Pune,Viman Nagar,Appetizer,Appetizer 6,1,175.4,Appetizer 6,pune,viman nagar,44,9429408,18.6752123,73.9384859
Restaurant 86,Bangalore,Indiranagar,Appetizer / Dessert / Main Course,Dessert 16; Main Dish 3; Appetizer 15,3,239.5,Dessert 16; Main Dish 3; Appetizer 15,bangalore,indiranagar,50,9621551,12.9168846,77.7683825
Restaurant 86,Bangalore,Jayanagar,Appetizer / Dessert,Dessert 11; Appetizer 14,2,201.0,Dessert 11; Appetizer 14,bangalore,jayanagar,40,9621551,12.7911078,77.6160561
Restaurant 86,Bangalore,Koramangala,Appetizer / Beverage / Dessert,Beverage 10; Dessert 7; Appetizer 18,3,219.0,Beverage 10; Dessert 7; Appetizer 18,bangalore,koramangala,26,9621551,13.0342839,77.7103911
Restaurant 86,Bangalore,Mg Road,Dessert,Dessert 13,1,166.8,Dessert 13,bangalore,mg road,54,9621551,12.8626021,77.6822206
Restaurant 86,Bangalore,Whitefield,Appetizer / Dessert / Main Course,Dessert 9; Appetizer 20; Main Dish 5; Main Dish 33,4,444.8,Dessert 9; Appetizer 20; Main Dish 5; Main Dish 33,bangalore,whitefield,19,9621551,12.8575775,77.7915821
Restaurant 86,Chennai,Adyar,Appetizer / Beverage / Main Course / Snack,Main Dish 40; Appetizer 6; Beverage 14; Snack 12,4,144.0,Main Dish 40; Appetizer 6; Beverage 14; Snack 12,chennai,adyar,32,4646732,12.8935257,80.3332095
Restaurant 86,Chennai,Anna Nagar,Appetizer / Beverage,Appetizer 12; Appetizer 17; Beverage 4; Appetizer 16,4,168.5,Appetizer 12; Appetizer 17; Beverage 4; Appetizer 16,chennai,anna nagar,50,4646732,13.0795582,80.3404564
Restaurant 86,Chennai,Nungambakkam,Dessert / Main Course,Dessert 7; Main Dish 22,2,432.2,Dessert 7; Main Dish 22,chennai,nungambakkam,30,4646732,13.0056559,80.3684023
Restaurant 86,Chennai,T. Nagar,Main Course,Main Dish 37; Main Dish 26; Main Dish 15; Main Dish 34,4,443.9,Main Dish 37; Main Dish 26; Main Dish 15; Main Dish 34,chennai,t. nagar,34,4646732,12.8996636,80.2654692
Restaurant 86,Chennai,Velachery,Appetizer / Main Course / Snack,Appetizer 16; Snack 2; Main Dish 23,3,153.0,Appetizer 16; Snack 2; Main Dish 23,chennai,velachery,22,4646732,13.0462044,80.3433397
Restaurant 86,Mumbai,Andheri,Appetizer,Appetizer 4,1,193.2,Appetizer 4,mumbai,andheri,22,12442373,19.1276765,72.9627472
Restaurant 86,Mumbai,Bandra,Appetizer / Beverage,Beverage 9; Appetizer 19,2,111.6,Beverage 9; Appetizer 19,mumbai,bandra,35,12442373,18.9599951,72.8928699
Restaurant 86,Mumbai,Goregaon,Appetizer,Appetizer 17; Appetizer 6,2,92.5,Appetizer 17; Appetizer 6,mumbai,goregaon,47,12442373,19.0698847,72.9021988
Restaurant 86,Mumbai,Juhu,Appetizer / Beverage / Main Course,Appetizer 20; Beverage 12; Main Dish 15; Appetizer 16,4,317.5,Appetizer 20; Beverage 12; Main Dish 15; Appetizer 16,mumbai,juhu,51,12442373,19.1792172,72.7369879
Restaurant 86,Mumbai,Powai,Appetizer / Dessert / Main Course,Main Dish 22; Appetizer 1; Dessert 18,3,357.9,Main Dish 22; Appetizer 1; Dessert 18,mumbai,powai,35,12442373,19.0169437,72.8630453
Restaurant 86,New Delhi,Connaught Place,Dessert / Main Course / Snack,Snack 7; Dessert 18; Main Dish 29; Main Dish 30,4,200.1,Snack 7; Dessert 18; Main Dish 29; Main Dish 30,new delhi,connaught place,14,5000000,28.7651981,77.2399183
Restaurant 86,New Delhi,Hauz Khas,Beverage / Main Course,Main Dish 48; Main Dish 35; Main Dish 38; Beverage 11; Main Dish 9,5,389.0,Main Dish 48; Main Dish 35; Main Dish 38; Beverage 11; Main Dish 9,new delhi,hauz khas,33,5000000,28.627202,77.0825506
Restaurant 86,New Delhi,Karol Bagh,Appetizer / Main Course,Main Dish 26; Appetizer 8,2,235.7,Main Dish 26; Appetizer 8,new delhi,karol bagh,13,5000000,28.523078,77.1465846
Restaurant 86,New Delhi,Rajouri Garden,Dessert,Dessert 12,1,330.9,Dessert 12,new delhi,rajouri garden,35,5000000,28.5176296,77.0759668
Restaurant 86,New Delhi,Saket,Appetizer / Snack,Appetizer 9; Snack 8; Appetizer 6,3,106.1,Appetizer 9; Snack 8; Appetizer 6,new delhi,saket,55,5000000,28.3853244,77.2432642
Restaurant 86,Pune,Aundh,Main Course,Main Dish 10; Main Dish 38,2,336.4,Main Dish 10; Main Dish 38,pune,aundh,41,9429408,18.6066784,73.9108806
Restaurant 86,Pune,Hinjawadi,Dessert / Main Course,Main Dish 3; Dessert 7,2,295.0,Main Dish 3; Dessert 7,pune,hinjawadi,13,9429408,18.4977691,73.7908647
Restaurant 86,Pune,Kothrud,Snack,Snack 3,1,98.2,Snack 3,pune,kothrud,32,9429408,18.405486,73.7613653
Restaurant 86,Pune,Viman Nagar,Appetizer / Main Course,Main Dish 39; Appetizer 18; Appetizer 9,3,182.4,Main Dish 39; Appetizer 18; Appetizer 9,pune,viman nagar,44,9429408,18.4754036,73.9659832
Restaurant 87,Bangalore,Indiranagar,Appetizer / Main Course,Main Dish 42; Appetizer 17,2,437.7,Main Dish 42; Appetizer 17,bangalore,indiranagar,50,9621551,12.9282215,77.5072866
Restaurant 87,Bangalore,Jayanagar,Appetizer,Appetizer 18; Appetizer 19,2,151.1,Appetizer 18; Appetizer 19,bangalore,jayanagar,40,9621551,13.008878,77.4636287
Restaurant 87,Bangalore,Koramangala,Appetizer / Dessert / Main Course,Appetizer 9; Appetizer 5; Main Dish 21; Dessert 10,4,265.3,Appetizer 9; Appetizer 5; Main Dish 21; Dessert 10,bangalore,koramangala,26,9621551,12.8039695,77.6270247
Restaurant 87,Bangalore,Mg Road,Beverage / Dessert / Main Course,Beverage 8; Main Dish 40; Dessert 17,3,256.8,Beverage 8; Main Dish 40; Dessert 17,bangalore,mg road,54,9621551,13.0080306,77.4741138
Restaurant 87,Bangalore,Whitefield,Beverage / Main Course / Snack,Main Dish 4; Beverage 18; Main Dish 28; Snack 4; Beverage 19,5,261.6,Main Dish 4; Beverage 18; Main Dish 28; Snack 4; Beverage 19,bangalore,whitefield,19,9621551,13.0753477,77.6391547
Restaurant 87,Chennai,Adyar,Main Course,Main Dish 40; Main Dish 5,2,373.5,Main Dish 40; Main Dish 5,chennai,adyar,32,4646732,13.0389542,80.1251027
Restaurant 87,Chennai,Nungambakkam,Beverage / Dessert / Main Course,Main Dish 10; Beverage 19; Dessert 17,3,217.6,Main Dish 10; Beverage 19; Dessert 17,chennai,nungambakkam,30,4646732,13.0169928,80.1073064
Restaurant 87,Chennai,T. Nagar,Appetizer / Beverage / Main Course,Appetizer 2; Main Dish 44; Appetizer 4; Appetizer 9; Beverage 9; Main Dish 30; Beverage 12,7,248.1,Appetizer 2; Main Dish 44; Appetizer 4; Appetizer 9; Beverage 9; Main Dish 30; Beverage 12,chennai,t. nagar,34,4646732,13.1174338,80.1130418
Restaurant 87,Chennai,Velachery,Appetizer / Main Course / Snack,Snack 2; Snack 10; Appetizer 8; Main Dish 34,4,253.7,Snack 2; Snack 10; Appetizer 8; Main Dish 34,chennai,velachery,22,4646732,12.8493237,80.1783572
Restaurant 87,Mumbai,Bandra,Main Course,Main Dish 16,1,668.3,Main Dish 16,mumbai,bandra,35,12442373,19.0897068,72.7364785
Restaurant 87,Mumbai,Goregaon,Main Course / Snack,Snack 12; Main Dish 48,2,405.3,Snack 12; Main Dish 48,mumbai,goregaon,47,12442373,19.1995964,72.7458074
Restaurant 87,Mumbai,Juhu,Appetizer,Appetizer 3,1,81.4,Appetizer 3,mumbai,juhu,51,12442373,19.1150004,72.9438542
Restaurant 87,Mumbai,Powai,Beverage / Main Course,Main Dish 38; Beverage 15,2,325.2,Main Dish 38; Beverage 15,mumbai,powai,35,12442373,19.224448,72.8710058
Restaurant 87,New Delhi,Connaught Place,Beverage / Dessert / Main Course,Main Dish 19; Dessert 12; Beverage 10,3,382.6,Main Dish 19; Dessert 12; Beverage 10,new delhi,connaught place,14,5000000,28.5188452,77.2948108
Restaurant 87,New Delhi,Hauz Khas,Beverage / Main Course / Snack,Main Dish 28; Snack 10; Beverage 14; Beverage 19,4,207.0,Main Dish 28; Snack 10; Beverage 14; Beverage 19,new delhi,hauz khas,33,5000000,28.5692643,77.3435031
Restaurant 87,New Delhi,Karol Bagh,Beverage / Dessert / Main Course,Main Dish 32; Beverage 16; Beverage 12; Dessert 17,4,256.9,Main Dish 32; Beverage 16; Beverage 12; Dessert 17,new delhi,karol bagh,13,5000000,28.7811856,77.1351816
Restaurant 87,New Delhi,Rajouri Garden,Appetizer / Main Course,Appetizer 20; Main Dish 45; Appetizer 11,3,198.4,Appetizer 20; Main Dish 45; Appetizer 11,new delhi,rajouri garden,35,5000000,28.7757372,77.0645638
Restaurant 87,New Delhi,Saket,Appetizer / Beverage / Dessert / Main Course,Main Dish 9; Beverage 11; Appetizer 8; Dessert 15; Appetizer 10,5,258.3,Main Dish 9; Beverage 11; Appetizer 8; Dessert 15; Appetizer 10,new delhi,saket,55,5000000,28.6030946,77.0908368
Restaurant 87,Pune,Aundh,Main Course / Snack,Snack 10; Main Dish 28; Main Dish 25,3,453.8,Snack 10; Main Dish 28; Main Dish 25,pune,aundh,41,9429408,18.4601076,73.7658934
Restaurant 87,Pune,Baner,Main Course,Main Dish 39,1,644.0,Main Dish 39,pune,baner,49,9429408,18.4920256,73.8617249
Restaurant 87,Pune,Hinjawadi,Appetizer / Main Course,Main Dish 43; Appetizer 12,2,298.3,Main Dish 43; Appetizer 12,pune,hinjawadi,13,9429408,18.6274808,73.6344733
Restaurant 88,Bangalore,Indiranagar,Dessert / Main Course,Dessert 17; Main Dish 30,2,384.6,Dessert 17; Main Dish 30,bangalore,indiranagar,50,9621551,13.0971878,77.7086113
Restaurant 88,Bangalore,Jayanagar,Main Course,Main Dish 46,1,653.3,Main Dish 46,bangalore,jayanagar,40,9621551,12.9509403,77.7245812
Restaurant 88,Bangalore,Koramangala,Appetizer / Dessert / Main Course,Main Dish 45; Dessert 14; Appetizer 17; Dessert 6; Dessert 10,5,255.2,Main Dish 45; Dessert 14; Appetizer 17; Dessert 6; Dessert 10,bangalore,koramangala,26,9621551,13.0314865,77.5323493
Restaurant 88,Bangalore,Mg Road,Dessert,Dessert 4,1,146.0,Dessert 4,bangalore,mg road,54,9621551,13.0415653,77.7272793
Restaurant 88,Bangalore,Whitefield,Appetizer / Main Course / Snack,Main Dish 12; Snack 7; Appetizer 2; Appetizer 7,4,163.4,Main Dish 12; Snack 7; Appetizer 2; Appetizer 7,bangalore,whitefield,19,9621551,13.01741,77.9001072
Restaurant 88,Chennai,Adyar,Appetizer / Beverage,Appetizer 2; Beverage 19,2,203.3,Appetizer 2; Beverage 19,chennai,adyar,32,4646732,13.0724889,80.3782682
Restaurant 88,Chennai,Anna Nagar,Appetizer / Beverage / Main Course / Snack,Snack 2; Beverage 11; Appetizer 6; Main Dish 50,4,305.6,Snack 2; Beverage 11; Appetizer 6; Main Dish 50,chennai,anna nagar,50,4646732,13.0042372,80.1026896
Restaurant 88,Chennai,Nungambakkam,Main Course,Main Dish 50; Main Dish 32,2,414.7,Main Dish 50; Main Dish 32,chennai,nungambakkam,30,4646732,13.1859591,80.3086311
Restaurant 88,Chennai,T. Nagar,Appetizer / Main Course / Snack,Main Dish 27; Snack 4; Appetizer 10,3,298.0,Main Dish 27; Snack 4; Appetizer 10,chennai,t. nagar,34,4646732,13.0594961,80.3739943
Restaurant 88,Chennai,Velachery,Appetizer / Main Course,Main Dish 23; Appetizer 10; Main Dish 12,3,435.3,Main Dish 23; Appetizer 10; Main Dish 12,chennai,velachery,22,4646732,13.1074313,80.1669542
Restaurant 88,Mumbai,Andheri,Beverage,Beverage 12,1,242.2,Beverage 12,mumbai,andheri,22,12442373,19.0346569,72.7654832
Restaurant 88,Mumbai,Bandra,Main Course,Main Dish 44,1,174.6,Main Dish 44,mumbai,bandra,35,12442373,19.0997742,72.9409052
Restaurant 88,Mumbai,Goregaon,Appetizer,Appetizer 18,1,240.3,Appetizer 18,mumbai,goregaon,47,12442373,19.2096638,72.9502341
Restaurant 88,Mumbai,Juhu,Appetizer,Appetizer 17,1,193.9,Appetizer 17,mumbai,juhu,51,12442373,19.0219808,72.7465902
Restaurant 88,Mumbai,Powai,Appetizer,Appetizer 5,1,53.4,Appetizer 5,mumbai,powai,35,12442373,19.0649252,73.0062664
Restaurant 88,New Delhi,Connaught Place,Main Course,Main Dish 43,1,459.9,Main Dish 43,new delhi,connaught place,14,5000000,28.6642737,77.086704
Restaurant 88,New Delhi,Hauz Khas,Main Course,Main Dish 32,1,514.2,Main Dish 32,new delhi,hauz khas,33,5000000,28.4349705,77.1106563
Restaurant 88,New Delhi,Karol Bagh,Appetizer / Dessert / Main Course,Main Dish 17; Dessert 5; Appetizer 1,3,306.6,Main Dish 17; Dessert 5; Appetizer 1,new delhi,karol bagh,13,5000000,28.5975131,77.3189933
Restaurant 88,New Delhi,Rajouri Garden,Dessert / Main Course,Dessert 1; Main Dish 28,2,385.7,Dessert 1; Main Dish 28,new delhi,rajouri garden,35,5000000,28.5920647,77.2483755
Restaurant 88,New Delhi,Saket,Main Course,Main Dish 36,1,607.7,Main Dish 36,new delhi,saket,55,5000000,28.5451569,77.3517893
Restaurant 88,Pune,Aundh,Appetizer / Main Course,Main Dish 23; Main Dish 21; Appetizer 13; Appetizer 18,4,284.0,Main Dish 23; Main Dish 21; Appetizer 13; Appetizer 18,pune,aundh,41,9429408,18.6676119,73.7738539
Restaurant 88,Pune,Baner,Appetizer / Beverage,Appetizer 19; Beverage 11,2,212.2,Appetizer 19; Beverage 11,pune,baner,49,9429408,18.5562029,73.681561
Restaurant 88,Pune,Viman Nagar,Dessert,Dessert 4,1,396.7,Dessert 4,pune,viman nagar,44,9429408,18.6051153,73.8095918
Restaurant 89,Bangalore,Indiranagar,Beverage / Main Course,Main Dish 20; Beverage 10; Main Dish 42; Main Dish 30; Main Dish 12,5,310.2,Main Dish 20; Beverage 10; Main Dish 42; Main Dish 30; Main Dish 12,bangalore,indiranagar,50,9621551,12.835126,77.6741004
Restaurant 89,Bangalore,Jayanagar,Beverage,Beverage 14,1,50.5,Beverage 14,bangalore,jayanagar,40,9621551,12.8166465,77.4917344
Restaurant 89,Bangalore,Koramangala,Appetizer / Dessert / Main Course / Snack,Appetizer 8; Main Dish 3; Snack 9; Dessert 13,4,226.9,Appetizer 8; Main Dish 3; Snack 9; Dessert 13,bangalore,koramangala,26,9621551,12.9270458,77.7571976
Restaurant 89,Bangalore,Mg Road,Appetizer / Main Course,Main Dish 4; Appetizer 14,2,143.7,Main Dish 4; Appetizer 14,bangalore,mg road,54,9621551,12.8446846,77.5622968
Restaurant 89,Bangalore,Whitefield,Beverage / Dessert,Beverage 3; Beverage 4; Dessert 3,3,152.5,Beverage 3; Beverage 4; Dessert 3,bangalore,whitefield,19,9621551,12.8831162,77.6672604
Restaurant 89,Chennai,Adyar,Appetizer,Appetizer 20,1,174.4,Appetizer 20,chennai,adyar,32,4646732,12.8756082,80.2132857
Restaurant 89,Chennai,Anna Nagar,Appetizer / Main Course,Appetizer 11; Main Dish 42,2,275.6,Appetizer 11; Main Dish 42,chennai,anna nagar,50,4646732,13.2216776,80.2278777
Restaurant 89,Chennai,Nungambakkam,Beverage / Dessert,Beverage 11; Dessert 9,2,229.9,Beverage 11; Dessert 9,chennai,nungambakkam,30,4646732,12.9238973,80.2741202
Restaurant 89,Chennai,T. Nagar,Appetizer / Beverage / Dessert / Snack,Dessert 20; Appetizer 19; Snack 9; Beverage 17; Dessert 4; Dessert 7,6,179.0,Dessert 20; Appetizer 19; Snack 9; Beverage 17; Dessert 4; Dessert 7,chennai,t. nagar,34,4646732,12.9252023,80.1411475
Restaurant 89,Chennai,Velachery,Main Course,Main Dish 8; Main Dish 50; Main Dish 9,3,583.4,Main Dish 8; Main Dish 50; Main Dish 9,chennai,velachery,22,4646732,12.9237588,80.3507659
Restaurant 89,Mumbai,Andheri,Appetizer,Appetizer 17,1,205.0,Appetizer 17,mumbai,andheri,22,12442373,19.2378762,72.8486718
Restaurant 89,Mumbai,Bandra,Snack,Snack 6,1,62.4,Snack 6,mumbai,bandra,35,12442373,18.9532034,72.795918
Restaurant 89,Mumbai,Goregaon,Appetizer / Main Course,Appetizer 12; Main Dish 4; Appetizer 16,3,252.7,Appetizer 12; Main Dish 4; Appetizer 16,mumbai,goregaon,47,12442373,19.063093,72.8052469
Restaurant 89,New Delhi,Connaught Place,Main Course,Main Dish 29,1,410.7,Main Dish 29,new delhi,connaught place,14,5000000,28.6978084,77.3398695
Restaurant 89,New Delhi,Hauz Khas,Appetizer / Beverage,Beverage 13; Appetizer 10,2,202.9,Beverage 13; Appetizer 10,new delhi,hauz khas,33,5000000,28.692702,77.1920861
Restaurant 89,New Delhi,Karol Bagh,Beverage,Beverage 9,1,121.1,Beverage 9,new delhi,karol bagh,13,5000000,28.60885,77.0578974
Restaurant 89,New Delhi,Rajouri Garden,Beverage / Dessert,Beverage 20; Dessert 12; Dessert 2,3,224.6,Beverage 20; Dessert 12; Dessert 2,new delhi,rajouri garden,35,5000000,28.6034016,76.9872796
Restaurant 89,New Delhi,Saket,Main Course,Main Dish 37; Main Dish 5,2,230.9,Main Dish 37; Main Dish 5,new delhi,saket,55,5000000,28.4108631,77.1189425
Restaurant 89,Pune,Baner,Appetizer / Main Course,Main Dish 48; Appetizer 2,2,339.3,Main Dish 48; Appetizer 2,pune,baner,49,9429408,18.6311579,73.859134
Restaurant 89,Pune,Viman Nagar,Appetizer / Main Course,Main Dish 17; Appetizer 15; Main Dish 13,3,323.7,Main Dish 17; Appetizer 15; Main Dish 13,pune,viman nagar,44,9429408,18.6151827,74.0140185
Restaurant 9,Bangalore,Indiranagar,Beverage / Dessert / Main Course,Main Dish 1; Dessert 2; Beverage 6,3,369.2,Main Dish 1; Dessert 2; Beverage 6,bangalore,indiranagar,50,9621551,13.0528962,77.521673
Restaurant 9,Bangalore,Jayanagar,Appetizer / Snack,Appetizer 7; Snack 5,2,131.9,Appetizer 7; Snack 5,bangalore,jayanagar,40,9621551,13.074378,77.5731642
Restaurant 9,Bangalore,Koramangala,Appetizer / Dessert / Main Course,Main Dish 41; Main Dish 6; Main Dish 17; Dessert 20; Appetizer 3; Appetizer 1,6,330.4,Main Dish 41; Main Dish 6; Main Dish 17; Dessert 20; Appetizer 3; Appetizer 1,bangalore,koramangala,26,9621551,12.8517248,77.5194308
Restaurant 9,Bangalore,Mg Road,Main Course,Main Dish 23; Main Dish 39,2,470.6,Main Dish 23; Main Dish 39,bangalore,mg road,54,9621551,13.1027922,77.5508938
Restaurant 9,Bangalore,Whitefield,Beverage / Main Course,Main Dish 34; Beverage 4; Main Dish 48,3,367.4,Main Dish 34; Beverage 4; Main Dish 48,bangalore,whitefield,19,9621551,13.1408477,77.7486902
Restaurant 9,Chennai,Adyar,Main Course,Main Dish 30,1,722.3,Main Dish 30,chennai,adyar,32,4646732,13.1337158,80.2018827
Restaurant 9,Chennai,Anna Nagar,Main Course,Main Dish 44,1,757.1,Main Dish 44,chennai,anna nagar,50,4646732,12.9753247,80.2827702
Restaurant 9,Chennai,Nungambakkam,Beverage,Beverage 13,1,57.8,Beverage 13,chennai,nungambakkam,30,4646732,13.1416675,80.1216928
Restaurant 9,Chennai,T. Nagar,Appetizer / Dessert / Snack,Snack 12; Dessert 2; Appetizer 11,3,166.9,Snack 12; Dessert 2; Appetizer 11,chennai,t. nagar,34,4646732,13.1829338,80.2225773
Restaurant 9,Chennai,Velachery,Main Course,Main Dish 24,1,231.1,Main Dish 24,chennai,velachery,22,4646732,12.9350957,80.08967
Restaurant 9,Mumbai,Andheri,Main Course / Snack,Snack 7; Main Dish 39,2,329.1,Snack 7; Main Dish 39,mumbai,andheri,22,12442373,19.0304358,72.9251182
Restaurant 9,Mumbai,Bandra,Main Course / Snack,Snack 11; Main Dish 47; Main Dish 44; Snack 8,4,307.7,Snack 11; Main Dish 47; Main Dish 44; Snack 8,mumbai,bandra,35,12442373,19.1607077,72.8038785
Restaurant 9,Mumbai,Goregaon,Dessert / Main Course,Main Dish 9; Dessert 3,2,216.2,Main Dish 9; Dessert 3,mumbai,goregaon,47,12442373,19.2705973,72.8132074
Restaurant 9,Mumbai,Juhu,Main Course,Main Dish 5,1,544.5,Main Dish 5,mumbai,juhu,51,12442373,19.2252001,72.8297788
Restaurant 9,Mumbai,Powai,Dessert / Snack,Dessert 11; Snack 6,2,218.5,Dessert 11; Snack 6,mumbai,powai,35,12442373,19.0913737,72.7972941
Restaurant 9,New Delhi,Connaught Place,Appetizer / Beverage,Beverage 13; Appetizer 2,2,193.3,Beverage 13; Appetizer 2,new delhi,connaught place,14,5000000,28.5009277,77.174887
Restaurant 9,New Delhi,Hauz Khas,Appetizer / Dessert,Appetizer 6; Dessert 12,2,189.6,Appetizer 6; Dessert 12,new delhi,hauz khas,33,5000000,28.4463015,77.3067661
Restaurant 9,New Delhi,Karol Bagh,Dessert / Main Course,Dessert 8; Main Dish 46,2,419.0,Dessert 8; Main Dish 46,new delhi,karol bagh,13,5000000,28.7778163,77.2592221
Restaurant 9,New Delhi,Rajouri Garden,Main Course,Main Dish 27,1,778.0,Main Dish 27,new delhi,rajouri garden,35,5000000,28.7723679,77.1886043
Restaurant 9,New Delhi,Saket,Dessert / Main Course,Dessert 12; Main Dish 25,2,314.8,Dessert 12; Main Dish 25,new delhi,saket,55,5000000,28.6685946,77.2003723
Restaurant 9,Pune,Aundh,Main Course / Snack,Main Dish 40; Snack 5; Main Dish 2,3,262.8,Main Dish 40; Snack 5; Main Dish 2,pune,aundh,41,9429408,18.5080891,73.9091145
Restaurant 9,Pune,Baner,Appetizer / Dessert,Appetizer 10; Dessert 19,2,84.0,Appetizer 10; Dessert 19,pune,baner,49,9429408,18.4545846,73.7782058
Restaurant 9,Pune,Hinjawadi,Main Course,Main Dish 2,1,409.2,Main Dish 2,pune,hinjawadi,13,9429408,18.6375482,73.8389
Restaurant 9,Pune,Kothrud,Main Course / Snack,Snack 1; Main Dish 29,2,203.3,Snack 1; Main Dish 29,pune,kothrud,32,9429408,18.6129903,73.7693258
Restaurant 90,Bangalore,Indiranagar,Appetizer / Dessert / Main Course,Dessert 20; Appetizer 4; Main Dish 20,3,192.3,Dessert 20; Appetizer 4; Main Dish 20,bangalore,indiranagar,50,9621551,12.9949585,77.7826255
Restaurant 90,Bangalore,Jayanagar,Main Course,Main Dish 2; Main Dish 36,2,581.8,Main Dish 2; Main Dish 36,bangalore,jayanagar,40,9621551,12.8279775,77.6878442
Restaurant 90,Bangalore,Koramangala,Dessert / Main Course,Dessert 13; Main Dish 47; Main Dish 3,3,565.4,Dessert 13; Main Dish 47; Main Dish 3,bangalore,koramangala,26,9621551,13.0691652,77.6446189
Restaurant 90,Bangalore,Mg Road,Snack,Snack 6,1,50.3,Snack 6,bangalore,mg road,54,9621551,12.9191197,77.7347055
Restaurant 90,Bangalore,Whitefield,Appetizer / Beverage / Dessert,Appetizer 13; Beverage 6; Dessert 2,3,167.9,Appetizer 13; Beverage 6; Dessert 2,bangalore,whitefield,19,9621551,12.8944472,77.8633702
Restaurant 90,Chennai,Adyar,Appetizer / Dessert / Main Course,Main Dish 23; Appetizer 15; Dessert 3; Main Dish 50,4,346.4,Main Dish 23; Appetizer 15; Dessert 3; Main Dish 50,chennai,adyar,32,4646732,12.9500433,80.3856944
Restaurant 90,Chennai,Anna Nagar,Beverage / Main Course / Snack,Snack 3; Beverage 9; Main Dish 9,3,265.9,Snack 3; Beverage 9; Main Dish 9,chennai,anna nagar,50,4646732,13.1207532,80.0746634
Restaurant 90,Chennai,Nungambakkam,Main Course,Main Dish 42,1,302.0,Main Dish 42,chennai,nungambakkam,30,4646732,13.0837298,80.3826453
Restaurant 90,Chennai,T. Nagar,Dessert / Main Course,Dessert 16; Main Dish 9; Main Dish 2,3,437.0,Dessert 16; Main Dish 9; Main Dish 2,chennai,t. nagar,34,4646732,12.9365333,80.3372573
Restaurant 90,Chennai,Velachery,Main Course,Main Dish 50,1,760.9,Main Dish 50,chennai,velachery,22,4646732,13.104062,80.2909947
Restaurant 90,Mumbai,Andheri,Appetizer / Beverage,Beverage 9; Appetizer 3,2,199.4,Beverage 9; Appetizer 3,mumbai,andheri,22,12442373,19.1324416,72.7273003
Restaurant 90,Mumbai,Bandra,Appetizer,Appetizer 1,1,223.0,Appetizer 1,mumbai,bandra,35,12442373,19.0011849,72.9391391
Restaurant 90,Mumbai,Juhu,Appetizer / Main Course,Main Dish 6; Appetizer 11,2,497.9,Main Dish 6; Appetizer 11,mumbai,juhu,51,12442373,19.0177597,72.9062252
Restaurant 90,Mumbai,Powai,Beverage / Dessert,Beverage 4; Dessert 15,2,236.1,Beverage 4; Dessert 15,mumbai,powai,35,12442373,19.2138904,72.9704677
Restaurant 90,New Delhi,Connaught Place,Appetizer,Appetizer 18,1,75.6,Appetizer 18,new delhi,connaught place,14,5000000,28.7590353,77.163484
Restaurant 90,New Delhi,Hauz Khas,Snack,Snack 2,1,105.4,Snack 2,new delhi,hauz khas,33,5000000,28.5510969,77.0543865
Restaurant 90,New Delhi,Karol Bagh,Main Course / Snack,Snack 5; Main Dish 22,2,353.0,Snack 5; Main Dish 22,new delhi,karol bagh,13,5000000,28.5157545,77.2247112
Restaurant 90,New Delhi,Rajouri Garden,Appetizer / Main Course,Appetizer 11; Main Dish 9,2,358.1,Appetizer 11; Main Dish 9,new delhi,rajouri garden,35,5000000,28.5103061,77.1540934
Restaurant 90,Pune,Aundh,Beverage,Beverage 2,1,150.1,Beverage 2,pune,aundh,41,9429408,18.5345376,73.7001422
Restaurant 90,Pune,Baner,Appetizer / Dessert,Dessert 8; Appetizer 18,2,252.1,Dessert 8; Appetizer 18,pune,baner,49,9429408,18.6408703,73.7181501
Restaurant 90,Pune,Hinjawadi,Main Course,Main Dish 2,1,670.5,Main Dish 2,pune,hinjawadi,13,9429408,18.4909774,73.6939128
Restaurant 90,Pune,Kothrud,Snack,Snack 7,1,181.1,Snack 7,pune,kothrud,32,9429408,18.4534675,73.9045864
Restaurant 90,Pune,Viman Nagar,Appetizer / Dessert,Appetizer 4; Dessert 9,2,161.3,Appetizer 4; Dessert 9,pune,viman nagar,44,9429408,18.4686119,73.8690313
Restaurant 91,Bangalore,Indiranagar,Appetizer,Appetizer 17,1,82.9,Appetizer 17,bangalore,indiranagar,50,9621551,12.8606647,77.5497787
Restaurant 91,Bangalore,Jayanagar,Appetizer,Appetizer 12,1,190.8,Appetizer 12,bangalore,jayanagar,40,9621551,12.9327729,77.4354646
Restaurant 91,Bangalore,Koramangala,Main Course,Main Dish 43,1,225.2,Main Dish 43,bangalore,koramangala,26,9621551,12.8228123,77.6995114
Restaurant 91,Bangalore,Mg Road,Beverage / Main Course,Beverage 19; Main Dish 33,2,258.4,Beverage 19; Main Dish 33,bangalore,mg road,54,9621551,12.9304566,77.4736096
Restaurant 91,Bangalore,Whitefield,Main Course,Main Dish 16,1,502.1,Main Dish 16,bangalore,whitefield,19,9621551,12.9992426,77.6109906
Restaurant 91,Chennai,Adyar,Main Course,Main Dish 37; Main Dish 18,2,292.3,Main Dish 37; Main Dish 18,chennai,adyar,32,4646732,12.9613802,80.1245985
Restaurant 91,Chennai,Anna Nagar,Dessert / Main Course,Dessert 6; Main Dish 3; Main Dish 38,3,588.8,Dessert 6; Main Dish 3; Main Dish 38,chennai,anna nagar,50,4646732,13.1542879,80.3278289
Restaurant 91,Chennai,Nungambakkam,Beverage,Beverage 8,1,98.5,Beverage 8,chennai,nungambakkam,30,4646732,12.949436,80.1497985
Restaurant 91,Chennai,T. Nagar,Beverage / Snack,Snack 1; Beverage 20; Beverage 12,3,164.3,Snack 1; Beverage 20; Beverage 12,chennai,t. nagar,34,4646732,13.0413287,80.0848777
Restaurant 91,Chennai,Velachery,Appetizer / Main Course,Main Dish 17; Appetizer 4; Appetizer 9,3,224.1,Main Dish 17; Appetizer 4; Appetizer 9,chennai,velachery,22,4646732,12.8420002,80.2564838
Restaurant 91,Mumbai,Andheri,Appetizer / Main Course,Appetizer 14; Main Dish 8,2,380.9,Appetizer 14; Main Dish 8,mumbai,andheri,22,12442373,19.19124,72.9435083
Restaurant 91,Mumbai,Goregaon,Appetizer,Appetizer 6,1,127.5,Appetizer 6,mumbai,goregaon,47,12442373,19.1110745,72.948468
Restaurant 91,Mumbai,Juhu,Beverage / Dessert / Main Course,Main Dish 11; Dessert 4; Main Dish 19; Beverage 12; Main Dish 31,5,462.7,Main Dish 11; Dessert 4; Main Dish 19; Beverage 12; Main Dish 31,mumbai,juhu,51,12442373,19.1197655,72.7084073
Restaurant 91,New Delhi,Connaught Place,Appetizer / Beverage / Main Course,Main Dish 42; Beverage 2; Appetizer 1; Main Dish 6; Appetizer 19,5,289.1,Main Dish 42; Beverage 2; Appetizer 1; Main Dish 6; Appetizer 19,new delhi,connaught place,14,5000000,28.5753628,77.3472957
Restaurant 91,New Delhi,Hauz Khas,Dessert,Dessert 6,1,313.8,Dessert 6,new delhi,hauz khas,33,5000000,28.644812,77.3126736
Restaurant 91,New Delhi,Karol Bagh,Dessert,Dessert 16,1,341.4,Dessert 16,new delhi,karol bagh,13,5000000,28.7335247,77.0722838
Restaurant 91,New Delhi,Rajouri Garden,Main Course / Snack,Snack 13; Main Dish 15; Main Dish 33,3,412.3,Snack 13; Main Dish 15; Main Dish 33,new delhi,rajouri garden,35,5000000,28.7280763,77.001666
Restaurant 91,New Delhi,Saket,Appetizer / Dessert / Main Course,Dessert 6; Main Dish 10; Appetizer 13,3,276.4,Dessert 6; Main Dish 10; Appetizer 13,new delhi,saket,55,5000000,28.4221941,77.3150523
Restaurant 91,Pune,Aundh,Main Course,Main Dish 22,1,720.6,Main Dish 22,pune,aundh,41,9429408,18.6570543,73.8733158
Restaurant 91,Pune,Baner,Dessert,Dessert 4,1,102.7,Dessert 4,pune,baner,49,9429408,18.5433372,73.8895628
Restaurant 91,Pune,Kothrud,Main Course,Main Dish 34,1,525.6,Main Dish 34,pune,kothrud,32,9429408,18.479916,73.6956141
Restaurant 91,Pune,Viman Nagar,Appetizer,Appetizer 6,1,158.6,Appetizer 6,pune,viman nagar,44,9429408,18.6761162,73.8769918
Restaurant 92,Bangalore,Indiranagar,Main Course,Main Dish 11,1,228.1,Main Dish 11,bangalore,indiranagar,50,9621551,13.1183962,77.6312085
Restaurant 92,Bangalore,Jayanagar,Beverage / Main Course,Beverage 16; Main Dish 6,2,244.2,Beverage 16; Main Dish 6,bangalore,jayanagar,40,9621551,13.026488,77.6937517
Restaurant 92,Bangalore,Koramangala,Main Course,Main Dish 17,1,420.0,Main Dish 17,bangalore,koramangala,26,9621551,12.9682408,77.4914046
Restaurant 92,Bangalore,Mg Road,Dessert,Dessert 20,1,236.7,Dessert 20,bangalore,mg road,54,9621551,13.0994229,77.6749343
Restaurant 92,Chennai,Anna Nagar,Appetizer,Appetizer 4,1,52.7,Appetizer 4,chennai,anna nagar,50,4646732,12.9574072,80.1628464
Restaurant 92,Chennai,Nungambakkam,Dessert / Main Course,Dessert 6; Main Dish 38,2,381.0,Dessert 6; Main Dish 38,chennai,nungambakkam,30,4646732,13.2071675,80.2312283
Restaurant 92,Chennai,T. Nagar,Beverage / Dessert / Main Course,Main Dish 36; Dessert 19; Beverage 5,3,208.2,Main Dish 36; Dessert 19; Beverage 5,chennai,t. nagar,34,4646732,13.1350438,80.3431648
Restaurant 92,Chennai,Velachery,Appetizer / Beverage / Main Course,Appetizer 19; Beverage 8; Main Dish 8; Main Dish 24,4,340.9,Appetizer 19; Beverage 8; Main Dish 8; Main Dish 24,chennai,velachery,22,4646732,13.0597704,80.1040564
Restaurant 92,Mumbai,Bandra,Main Course,Main Dish 43,1,286.6,Main Dish 43,mumbai,bandra,35,12442373,19.0276334,72.7301668
Restaurant 92,Mumbai,Goregaon,Snack,Snack 10,1,194.2,Snack 10,mumbai,goregaon,47,12442373,19.137523,72.7394957
Restaurant 92,Mumbai,Powai,Dessert / Snack,Dessert 15; Snack 7,2,145.4,Dessert 15; Snack 7,mumbai,powai,35,12442373,19.0051162,72.9252165
Restaurant 92,New Delhi,Connaught Place,Beverage / Dessert / Snack,Snack 14; Dessert 5; Beverage 18; Snack 11,4,187.8,Snack 14; Dessert 5; Beverage 18; Snack 11,new delhi,connaught place,14,5000000,28.5866997,77.0861998
Restaurant 92,New Delhi,Hauz Khas,Appetizer / Dessert / Main Course,Dessert 13; Main Dish 18; Appetizer 11,3,242.7,Dessert 13; Main Dish 18; Appetizer 11,new delhi,hauz khas,33,5000000,28.3999172,77.1848337
Restaurant 92,New Delhi,Karol Bagh,Dessert / Main Course,Main Dish 48; Main Dish 8; Main Dish 36; Main Dish 33; Dessert 9,5,479.4,Main Dish 48; Main Dish 8; Main Dish 36; Main Dish 33; Dessert 9,new delhi,karol bagh,13,5000000,28.675587,77.3332363
Restaurant 92,New Delhi,Rajouri Garden,Appetizer / Beverage / Dessert / Main Course,Main Dish 49; Dessert 14; Beverage 12; Appetizer 1; Appetizer 9,5,255.3,Main Dish 49; Dessert 14; Beverage 12; Appetizer 1; Appetizer 9,new delhi,rajouri garden,35,5000000,28.6701386,77.2626185
Restaurant 92,New Delhi,Saket,Dessert / Main Course / Snack,Main Dish 19; Main Dish 31; Dessert 7; Snack 10,4,258.3,Main Dish 19; Main Dish 31; Dessert 7; Snack 10,new delhi,saket,55,5000000,28.5269895,77.0626727
Restaurant 92,Pune,Baner,Beverage / Main Course,Beverage 7; Main Dish 17; Main Dish 48,3,353.9,Beverage 7; Main Dish 17; Main Dish 48,pune,baner,49,9429408,18.4991373,73.6958316
Restaurant 92,Pune,Hinjawadi,Beverage,Beverage 14,1,105.9,Beverage 14,pune,hinjawadi,13,9429408,18.6984817,73.7018733
Restaurant 92,Pune,Kothrud,Main Course,Main Dish 41,1,485.8,Main Dish 41,pune,kothrud,32,9429408,18.6024327,73.8687877
Restaurant 93,Bangalore,Indiranagar,Beverage,Beverage 18,1,255.3,Beverage 18,bangalore,indiranagar,50,9621551,12.8719957,77.7458885
Restaurant 93,Bangalore,Jayanagar,Appetizer,Appetizer 9; Appetizer 4,2,90.6,Appetizer 9; Appetizer 4,bangalore,jayanagar,40,9621551,12.7815932,77.5659118
Restaurant 93,Bangalore,Koramangala,Beverage / Dessert / Main Course,Beverage 3; Dessert 8; Main Dish 41,3,274.1,Beverage 3; Dessert 8; Main Dish 41,bangalore,koramangala,26,9621551,13.0017755,77.7445701
Restaurant 93,Bangalore,Whitefield,Appetizer / Dessert / Main Course,Appetizer 2; Appetizer 6; Main Dish 27; Main Dish 49; Dessert 2,5,241.6,Appetizer 2; Appetizer 6; Main Dish 27; Main Dish 49; Dessert 2,bangalore,whitefield,19,9621551,13.0929577,77.8692777
Restaurant 93,Chennai,Adyar,Dessert / Snack,Snack 13; Dessert 4,2,234.0,Snack 13; Dessert 4,chennai,adyar,32,4646732,13.1303465,80.3259232
Restaurant 93,Chennai,Anna Nagar,Appetizer / Main Course / Snack,Main Dish 10; Snack 14; Appetizer 16; Main Dish 44,4,323.9,Main Dish 10; Snack 14; Appetizer 16; Main Dish 44,chennai,anna nagar,50,4646732,13.2155148,80.1514434
Restaurant 93,Chennai,Nungambakkam,Appetizer / Main Course,Main Dish 50; Appetizer 4,2,366.9,Main Dish 50; Appetizer 4,chennai,nungambakkam,30,4646732,12.960767,80.3459083
Restaurant 93,Chennai,T. Nagar,Main Course,Main Dish 31,1,746.5,Main Dish 31,chennai,t. nagar,34,4646732,12.890149,80.2153249
Restaurant 93,Chennai,Velachery,Main Course,Main Dish 36; Main Dish 46; Main Dish 11,3,562.5,Main Dish 36; Main Dish 46; Main Dish 11,chennai,velachery,22,4646732,13.0018327,80.3650089
Restaurant 93,Mumbai,Andheri,Main Course,Main Dish 13,1,514.4,Main Dish 13,mumbai,andheri,22,12442373,19.0005775,72.8230032
Restaurant 93,Mumbai,Bandra,Appetizer / Beverage / Main Course,Main Dish 32; Main Dish 33; Beverage 14; Appetizer 4; Appetizer 3,5,263.8,Main Dish 32; Main Dish 33; Beverage 14; Appetizer 4; Appetizer 3,mumbai,bandra,35,12442373,19.1501501,72.9033404
Restaurant 93,Mumbai,Goregaon,Dessert / Main Course,Main Dish 49; Dessert 9,2,411.9,Main Dish 49; Dessert 9,mumbai,goregaon,47,12442373,19.2600397,72.9126693
Restaurant 93,Mumbai,Juhu,Main Course,Main Dish 20,1,275.4,Main Dish 20,mumbai,juhu,51,12442373,19.1785639,72.9246153
Restaurant 93,Mumbai,Powai,Appetizer / Main Course,Appetizer 14; Main Dish 45,2,344.6,Appetizer 14; Main Dish 45,mumbai,powai,35,12442373,19.1909152,72.816808
Restaurant 93,New Delhi,Connaught Place,Appetizer / Beverage / Dessert / Main Course,Main Dish 31; Appetizer 18; Beverage 20; Dessert 6,4,213.6,Main Dish 31; Appetizer 18; Beverage 20; Dessert 6,new delhi,connaught place,14,5000000,28.755666,77.2875245
Restaurant 93,New Delhi,Hauz Khas,Main Course / Snack,Main Dish 17; Snack 6,2,274.1,Main Dish 17; Snack 6,new delhi,hauz khas,33,5000000,28.6682907,77.1132914
Restaurant 93,New Delhi,Karol Bagh,Appetizer / Dessert,Dessert 17; Appetizer 10,2,242.6,Dessert 17; Appetizer 10,new delhi,karol bagh,13,5000000,28.5412932,77.1003895
Restaurant 93,New Delhi,Rajouri Garden,Appetizer / Dessert / Main Course,Main Dish 48; Dessert 13; Dessert 10; Dessert 9; Appetizer 12,5,392.3,Main Dish 48; Dessert 13; Dessert 10; Dessert 9; Appetizer 12,new delhi,rajouri garden,35,5000000,28.5358448,77.0297717
Restaurant 93,New Delhi,Saket,Dessert / Main Course,Dessert 9; Main Dish 28; Main Dish 12,3,389.6,Dessert 9; Main Dish 28; Main Dish 12,new delhi,saket,55,5000000,28.6207046,77.3209598
Restaurant 93,Pune,Aundh,Dessert,Dessert 16,1,227.2,Dessert 16,pune,aundh,41,9429408,18.4482801,73.8280646
Restaurant 93,Pune,Hinjawadi,Snack,Snack 2,1,64.0,Snack 2,pune,hinjawadi,13,9429408,18.5389589,73.8371339
Restaurant 93,Pune,Viman Nagar,Main Course,Main Dish 48,1,163.9,Main Dish 48,pune,viman nagar,44,9429408,18.5165934,74.0122524
Restaurant 94,Bangalore,Indiranagar,Main Course,Main Dish 10,1,300.6,Main Dish 10,bangalore,indiranagar,50,9621551,12.9767911,77.4935089
Restaurant 94,Bangalore,Jayanagar,Dessert,Dessert 15,1,200.7,Dessert 15,bangalore,jayanagar,40,9621551,13.0499667,77.4943695
Restaurant 94,Bangalore,Koramangala,Main Course,Main Dish 43; Main Dish 20,2,522.2,Main Dish 43; Main Dish 20,bangalore,koramangala,26,9621551,12.8048948,77.5795876
Restaurant 94,Bangalore,Mg Road,Appetizer / Dessert / Main Course,Appetizer 19; Appetizer 7; Main Dish 31; Dessert 20,4,244.2,Appetizer 19; Appetizer 7; Main Dish 31; Dessert 20,bangalore,mg road,54,9621551,12.8373611,77.6404234
Restaurant 94,Bangalore,Whitefield,Appetizer / Main Course,Main Dish 27; Appetizer 11,2,399.9,Main Dish 27; Appetizer 11,bangalore,whitefield,19,9621551,12.8480629,77.7414378
Restaurant 94,Chennai,Adyar,Beverage / Main Course,Main Dish 17; Beverage 9,2,439.5,Main Dish 17; Beverage 9,chennai,adyar,32,4646732,12.8682847,80.2914123
Restaurant 94,Chennai,Anna Nagar,Appetizer / Main Course,Main Dish 11; Appetizer 19,2,290.0,Main Dish 11; Appetizer 19,chennai,anna nagar,50,4646732,13.0318423,80.3352551
Restaurant 94,Chennai,Nungambakkam,Appetizer,Appetizer 8; Appetizer 7,2,179.2,Appetizer 8; Appetizer 7,chennai,nungambakkam,30,4646732,13.0655624,80.0935287
Restaurant 94,Chennai,T. Nagar,Appetizer / Dessert / Main Course / Snack,Appetizer 4; Snack 7; Dessert 9; Main Dish 14; Appetizer 19,5,283.0,Appetizer 4; Snack 7; Dessert 9; Main Dish 14; Appetizer 19,chennai,t. nagar,34,4646732,13.1585225,80.1437826
Restaurant 94,Chennai,Velachery,Snack,Snack 15,1,163.0,Snack 15,chennai,velachery,22,4646732,12.8675389,80.1321621
Restaurant 94,Mumbai,Andheri,Dessert / Main Course,Main Dish 12; Dessert 14; Dessert 17,3,372.8,Main Dish 12; Dessert 14; Dessert 17,mumbai,andheri,22,12442373,19.224034,72.7828064
Restaurant 94,Mumbai,Bandra,Main Course,Main Dish 14; Main Dish 18,2,450.7,Main Dish 14; Main Dish 18,mumbai,bandra,35,12442373,18.9413759,72.8580892
Restaurant 94,Mumbai,Goregaon,Main Course,Main Dish 47,1,320.2,Main Dish 47,mumbai,goregaon,47,12442373,19.0512655,72.8674181
Restaurant 94,Mumbai,Juhu,Beverage,Beverage 2,1,43.0,Beverage 2,mumbai,juhu,51,12442373,18.9879014,72.8041102
Restaurant 94,Mumbai,Powai,Beverage / Main Course,Main Dish 36; Beverage 1,2,263.0,Main Dish 36; Beverage 1,mumbai,powai,35,12442373,19.1266984,73.0236743
Restaurant 94,New Delhi,Connaught Place,Main Course,Main Dish 36,1,515.5,Main Dish 36,new delhi,connaught place,14,5000000,28.4936042,77.2530136
Restaurant 94,New Delhi,Hauz Khas,Appetizer,Appetizer 12,1,208.1,Appetizer 12,new delhi,hauz khas,33,5000000,28.517923,77.3485844
Restaurant 94,New Delhi,Rajouri Garden,Appetizer,Appetizer 17,1,119.3,Appetizer 17,new delhi,rajouri garden,35,5000000,28.7935763,77.1112015
Restaurant 94,New Delhi,Saket,Appetizer / Main Course,Main Dish 4; Main Dish 21; Main Dish 11; Main Dish 27; Main Dish 15; Appetizer 16,6,446.2,Main Dish 4; Main Dish 21; Main Dish 11; Main Dish 27; Main Dish 15; Appetizer 16,new delhi,saket,55,5000000,28.3758098,77.1931199
Restaurant 94,Pune,Aundh,Beverage / Main Course,Main Dish 21; Beverage 9; Main Dish 34,3,558.6,Main Dish 21; Beverage 9; Main Dish 34,pune,aundh,41,9429408,18.6340791,73.7196561
Restaurant 94,Pune,Hinjawadi,Dessert,Dessert 7,1,124.4,Dessert 7,pune,hinjawadi,13,9429408,18.5654074,73.6281616
Restaurant 94,Pune,Kothrud,Appetizer,Appetizer 3,1,227.8,Appetizer 3,pune,kothrud,32,9429408,18.3936585,73.8235365
Restaurant 94,Pune,Viman Nagar,Main Course,Main Dish 45,1,165.0,Main Dish 45,pune,viman nagar,44,9429408,18.5430419,73.8032801
Restaurant 95,Bangalore,Indiranagar,Appetizer / Beverage,Appetizer 5; Beverage 14,2,238.1,Appetizer 5; Beverage 14,bangalore,indiranagar,50,9621551,13.0705062,77.751796
Restaurant 95,Bangalore,Jayanagar,Appetizer / Beverage / Main Course / Snack,Main Dish 27; Snack 15; Beverage 8; Appetizer 15; Main Dish 4; Appetizer 13,6,264.8,Main Dish 27; Snack 15; Beverage 8; Appetizer 15; Main Dish 4; Appetizer 13,bangalore,jayanagar,40,9621551,12.899599,77.7296625
Restaurant 95,Bangalore,Koramangala,Appetizer / Beverage,Beverage 13; Appetizer 1; Appetizer 6,3,136.7,Beverage 13; Appetizer 1; Appetizer 6,bangalore,koramangala,26,9621551,13.0630024,77.5681846
Restaurant 95,Bangalore,Mg Road,Dessert / Main Course / Snack,Dessert 8; Snack 11; Main Dish 5; Main Dish 10,4,418.9,Dessert 8; Snack 11; Main Dish 5; Main Dish 10,bangalore,mg road,54,9621551,13.0551313,77.487996
Restaurant 95,Bangalore,Whitefield,Dessert / Main Course,Dessert 4; Main Dish 4; Dessert 12,3,449.5,Dessert 4; Main Dish 4; Dessert 12,bangalore,whitefield,19,9621551,13.1164364,77.6698955
Restaurant 95,Chennai,Adyar,Main Course,Main Dish 48,1,541.1,Main Dish 48,chennai,adyar,32,4646732,13.0860549,80.1389849
Restaurant 95,Chennai,Anna Nagar,Beverage / Main Course,Main Dish 43; Main Dish 27; Main Dish 23; Beverage 16,4,343.3,Main Dish 43; Main Dish 27; Main Dish 23; Beverage 16,chennai,anna nagar,50,4646732,13.0431792,80.0741592
Restaurant 95,Chennai,Nungambakkam,Beverage,Beverage 3,1,105.3,Beverage 3,chennai,nungambakkam,30,4646732,13.1592775,80.3518158
Restaurant 95,Chennai,T. Nagar,Appetizer / Dessert / Main Course,Dessert 2; Dessert 1; Main Dish 34; Main Dish 32; Appetizer 20,5,251.1,Dessert 2; Dessert 1; Main Dish 34; Main Dish 32; Appetizer 20,chennai,t. nagar,34,4646732,13.0081548,80.3790756
Restaurant 95,Chennai,Velachery,Appetizer,Appetizer 2,1,57.9,Appetizer 2,chennai,velachery,22,4646732,13.1252704,80.2135919
Restaurant 95,Mumbai,Bandra,Appetizer,Appetizer 6; Appetizer 4,2,137.9,Appetizer 6; Appetizer 4,mumbai,bandra,35,12442373,19.1271749,72.7496807
Restaurant 95,Mumbai,Goregaon,Main Course,Main Dish 2,1,772.8,Main Dish 2,mumbai,goregaon,47,12442373,19.2370645,72.7590096
Restaurant 95,Mumbai,Juhu,Beverage,Beverage 5,1,143.7,Beverage 5,mumbai,juhu,51,12442373,19.2113579,72.7639134
Restaurant 95,Mumbai,Powai,Appetizer,Appetizer 14,1,205.6,Appetizer 14,mumbai,powai,35,12442373,19.0336788,72.8264103
Restaurant 95,New Delhi,Connaught Place,Main Course,Main Dish 45,1,167.6,Main Dish 45,new delhi,connaught place,14,5000000,28.7113744,77.1005862
Restaurant 95,New Delhi,Hauz Khas,Appetizer / Dessert / Main Course,Dessert 20; Main Dish 48; Main Dish 29; Appetizer 3,4,375.9,Dessert 20; Main Dish 48; Main Dish 29; Appetizer 3,new delhi,hauz khas,33,5000000,28.4696053,77.0720456
Restaurant 95,New Delhi,Rajouri Garden,Main Course,Main Dish 21; Main Dish 48,2,649.3,Main Dish 21; Main Dish 48,new delhi,rajouri garden,35,5000000,28.5471758,77.2258815
Restaurant 95,New Delhi,Saket,Appetizer / Dessert,Appetizer 2; Dessert 13,2,155.4,Appetizer 2; Dessert 13,new delhi,saket,55,5000000,28.6441833,77.1215776
Restaurant 95,Pune,Aundh,Beverage / Main Course,Beverage 2; Main Dish 48,2,244.5,Beverage 2; Main Dish 48,pune,aundh,41,9429408,18.5698623,73.9265224
Restaurant 95,Pune,Baner,Main Course,Main Dish 30,1,325.2,Main Dish 30,pune,baner,49,9429408,18.6638183,73.8096755
Restaurant 95,Pune,Hinjawadi,Main Course,Main Dish 45,1,664.7,Main Dish 45,pune,hinjawadi,13,9429408,18.6879241,73.8013352
Restaurant 95,Pune,Kothrud,Dessert / Main Course,Dessert 11; Main Dish 27,2,342.5,Dessert 11; Main Dish 27,pune,kothrud,32,9429408,18.5794575,73.715128
Restaurant 95,Pune,Viman Nagar,Beverage / Dessert / Main Course,Dessert 4; Beverage 12; Main Dish 1,3,180.5,Dessert 4; Beverage 12; Main Dish 1,pune,viman nagar,44,9429408,18.6655586,73.9764537
Restaurant 96,Bangalore,Indiranagar,Appetizer / Main Course,Appetizer 15; Main Dish 37,2,315.5,Appetizer 15; Main Dish 37,bangalore,indiranagar,50,9621551,12.8256114,77.6239561
Restaurant 96,Bangalore,Koramangala,Dessert,Dessert 10,1,375.3,Dessert 10,bangalore,koramangala,26,9621551,12.8793299,77.7519963
Restaurant 96,Bangalore,Mg Road,Beverage / Snack,Beverage 3; Snack 14,2,220.8,Beverage 3; Snack 14,bangalore,mg road,54,9621551,12.9971936,77.7489485
Restaurant 96,Bangalore,Whitefield,Appetizer / Main Course,Appetizer 3; Appetizer 4; Main Dish 26,3,240.8,Appetizer 3; Appetizer 4; Main Dish 26,bangalore,whitefield,19,9621551,12.9660687,77.9051885
Restaurant 96,Chennai,Adyar,Main Course,Main Dish 46; Main Dish 38; Main Dish 14,3,471.9,Main Dish 46; Main Dish 38; Main Dish 14,chennai,adyar,32,4646732,13.0281172,80.3999374
Restaurant 96,Chennai,Anna Nagar,Main Course / Snack,Main Dish 36; Main Dish 15; Snack 11,3,389.6,Main Dish 36; Main Dish 15; Snack 11,chennai,anna nagar,50,4646732,13.2121455,80.2754839
Restaurant 96,Chennai,Nungambakkam,Appetizer / Dessert,Dessert 10; Appetizer 2; Appetizer 15,3,104.5,Dessert 10; Appetizer 2; Appetizer 15,chennai,nungambakkam,30,4646732,12.9143827,80.2239759
Restaurant 96,Chennai,T. Nagar,Dessert / Snack,Dessert 2; Snack 7,2,215.1,Dessert 2; Snack 7,chennai,t. nagar,34,4646732,12.9598371,80.1025368
Restaurant 96,Chennai,Velachery,Appetizer / Dessert / Main Course,Appetizer 18; Main Dish 16; Main Dish 38; Dessert 14,4,332.6,Appetizer 18; Main Dish 16; Main Dish 38; Dessert 14,chennai,velachery,22,4646732,12.8788699,80.3282719
Restaurant 96,Mumbai,Andheri,Dessert,Dessert 12,1,144.7,Dessert 12,mumbai,andheri,22,12442373,19.0855119,72.9645744
Restaurant 96,Mumbai,Goregaon,Main Course,Main Dish 34,1,179.2,Main Dish 34,mumbai,goregaon,47,12442373,19.1728477,72.9658759
Restaurant 96,Mumbai,Powai,Appetizer,Appetizer 12,1,96.2,Appetizer 12,mumbai,powai,35,12442373,19.2368981,72.9095989
Restaurant 96,New Delhi,Connaught Place,Beverage / Main Course / Snack,Main Dish 41; Main Dish 28; Snack 12; Beverage 14,4,316.5,Main Dish 41; Main Dish 28; Snack 12; Beverage 14,new delhi,connaught place,14,5000000,28.6534367,77.3615387
Restaurant 96,New Delhi,Hauz Khas,Appetizer / Main Course,Main Dish 8; Appetizer 8; Main Dish 16; Main Dish 39,4,354.2,Main Dish 8; Appetizer 8; Main Dish 16; Main Dish 39,new delhi,hauz khas,33,5000000,28.6932137,77.2442289
Restaurant 96,New Delhi,Karol Bagh,Appetizer / Main Course / Snack,Main Dish 6; Appetizer 17; Snack 14,3,243.5,Main Dish 6; Appetizer 17; Snack 14,new delhi,karol bagh,13,5000000,28.7990247,77.1818193
Restaurant 96,New Delhi,Rajouri Garden,Dessert / Main Course,Dessert 20; Dessert 16; Main Dish 44,3,391.0,Dessert 20; Dessert 16; Main Dish 44,new delhi,rajouri garden,35,5000000,28.6519712,76.9735019
Restaurant 96,New Delhi,Saket,Main Course,Main Dish 37; Main Dish 45; Main Dish 34,3,268.3,Main Dish 37; Main Dish 45; Main Dish 34,new delhi,saket,55,5000000,28.4938156,77.3568706
Restaurant 96,Pune,Aundh,Main Course,Main Dish 27,1,768.2,Main Dish 27,pune,aundh,41,9429408,18.4768427,73.7292584
Restaurant 96,Pune,Baner,Appetizer / Beverage,Beverage 1; Appetizer 20,2,149.5,Beverage 1; Appetizer 20,pune,baner,49,9429408,18.4640096,73.8371728
Restaurant 97,Bangalore,Jayanagar,Appetizer / Dessert / Main Course,Appetizer 18; Dessert 20; Main Dish 6; Main Dish 29; Main Dish 22,5,274.1,Appetizer 18; Dessert 20; Main Dish 6; Main Dish 29; Main Dish 22,bangalore,jayanagar,40,9621551,12.8512813,77.4531237
Restaurant 97,Bangalore,Koramangala,Dessert / Snack,Snack 13; Dessert 15,2,210.5,Snack 13; Dessert 15,bangalore,koramangala,26,9621551,12.8906668,77.4909004
Restaurant 97,Bangalore,Mg Road,Appetizer / Main Course,Main Dish 3; Appetizer 11; Main Dish 47,3,229.5,Main Dish 3; Appetizer 11; Main Dish 47,bangalore,mg road,54,9621551,12.8628998,77.5161017
Restaurant 97,Bangalore,Whitefield,Dessert / Main Course / Snack,Snack 12; Dessert 1; Main Dish 15; Main Dish 4,4,284.5,Snack 12; Dessert 1; Main Dish 15; Main Dish 4,bangalore,whitefield,19,9621551,12.917751,77.6286497
Restaurant 97,Chennai,Adyar,Beverage,Beverage 10; Beverage 20,2,195.7,Beverage 10; Beverage 20,chennai,adyar,32,4646732,12.8938234,80.1670906
Restaurant 97,Chennai,Anna Nagar,Dessert / Main Course,Dessert 16; Main Dish 32,2,347.5,Dessert 16; Main Dish 32,chennai,anna nagar,50,4646732,12.9500837,80.240973
Restaurant 97,Chennai,Nungambakkam,Beverage / Main Course,Beverage 15; Main Dish 31,2,435.4,Beverage 15; Main Dish 31,chennai,nungambakkam,30,4646732,13.1827562,80.1524336
Restaurant 97,Chennai,T. Nagar,Main Course,Main Dish 23,1,767.3,Main Dish 23,chennai,t. nagar,34,4646732,13.1834455,80.2747201
Restaurant 97,Chennai,Velachery,Beverage / Dessert / Main Course,Dessert 8; Main Dish 23; Beverage 11; Main Dish 27; Dessert 6; Beverage 3,6,273.0,Dessert 8; Main Dish 23; Beverage 11; Main Dish 27; Dessert 6; Beverage 3,chennai,velachery,22,4646732,12.9836653,80.0758923
Restaurant 97,Mumbai,Andheri,Main Course,Main Dish 9,1,536.8,Main Dish 9,mumbai,andheri,22,12442373,19.0647378,72.7354887
Restaurant 97,Mumbai,Bandra,Main Course,Main Dish 25,1,731.1,Main Dish 25,mumbai,bandra,35,12442373,19.0629581,72.956547
Restaurant 97,Mumbai,Goregaon,Main Course,Main Dish 1; Main Dish 34,2,2324.3,Main Dish 1; Main Dish 34,mumbai,goregaon,47,12442373,19.0798281,72.7686119
Restaurant 97,Mumbai,Juhu,Appetizer / Dessert / Snack,Appetizer 1; Snack 12; Dessert 1,3,90.4,Appetizer 1; Snack 12; Dessert 1,mumbai,juhu,51,12442373,19.0728358,72.9456814
Restaurant 97,Mumbai,Powai,Beverage,Beverage 3,1,256.2,Beverage 3,mumbai,powai,35,12442373,19.0294577,72.9860453
Restaurant 97,New Delhi,Connaught Place,Main Course,Main Dish 37,1,267.5,Main Dish 37,new delhi,connaught place,14,5000000,28.5191429,77.1286919
Restaurant 97,New Delhi,Hauz Khas,Appetizer / Dessert / Main Course,Appetizer 4; Dessert 7; Main Dish 43; Main Dish 8; Dessert 19; Main Dish 23,6,300.3,Appetizer 4; Dessert 7; Main Dish 43; Main Dish 8; Dessert 19; Main Dish 23,new delhi,hauz khas,33,5000000,28.4105379,77.2684382
Restaurant 97,New Delhi,Karol Bagh,Main Course,Main Dish 47; Main Dish 30,2,568.9,Main Dish 47; Main Dish 30,new delhi,karol bagh,13,5000000,28.5526242,77.2964993
Restaurant 97,New Delhi,Rajouri Garden,Appetizer / Main Course,Appetizer 2; Main Dish 1; Appetizer 4,3,326.0,Appetizer 2; Main Dish 1; Appetizer 4,new delhi,rajouri garden,35,5000000,28.7456863,77.231789
Restaurant 97,New Delhi,Saket,Dessert / Main Course,Dessert 16; Main Dish 30,2,480.6,Dessert 16; Main Dish 30,new delhi,saket,55,5000000,28.4454979,77.0803318
Restaurant 97,Pune,Hinjawadi,Main Course,Main Dish 14,1,157.3,Main Dish 14,pune,hinjawadi,13,9429408,18.4791499,73.756084
Restaurant 97,Pune,Kothrud,Beverage / Main Course,Main Dish 35; Beverage 9; Main Dish 1,3,302.2,Main Dish 35; Beverage 9; Main Dish 1,pune,kothrud,32,9429408,18.5152407,73.9219943
Restaurant 98,Bangalore,Indiranagar,Appetizer / Main Course,Appetizer 2; Main Dish 11,2,210.3,Appetizer 2; Main Dish 11,bangalore,indiranagar,50,9621551,13.0939849,77.5524138
Restaurant 98,Bangalore,Jayanagar,Appetizer,Appetizer 16,1,63.8,Appetizer 16,bangalore,jayanagar,40,9621551,13.0748897,77.625307
Restaurant 98,Bangalore,Koramangala,Appetizer / Main Course,Main Dish 17; Main Dish 8; Appetizer 20,3,374.7,Main Dish 17; Main Dish 8; Appetizer 20,bangalore,koramangala,26,9621551,13.0596331,77.6922251
Restaurant 98,Bangalore,Whitefield,Dessert / Main Course,Main Dish 26; Dessert 17,2,510.9,Main Dish 26; Dessert 17,bangalore,whitefield,19,9621551,13.1413594,77.800833
Restaurant 98,Chennai,Adyar,Appetizer,Appetizer 3,1,89.6,Appetizer 3,chennai,adyar,32,4646732,13.1515549,80.2485204
Restaurant 98,Chennai,Nungambakkam,Main Course / Snack,Main Dish 2; Main Dish 39; Snack 11,3,339.3,Main Dish 2; Main Dish 39; Snack 11,chennai,nungambakkam,30,4646732,13.0323885,80.3877266
Restaurant 98,Chennai,T. Nagar,Main Course,Main Dish 40,1,236.4,Main Dish 40,chennai,t. nagar,34,4646732,12.9007697,80.2989294
Restaurant 98,Chennai,Velachery,Main Course / Snack,Snack 6; Main Dish 50,2,265.9,Snack 6; Main Dish 50,chennai,velachery,22,4646732,13.0773804,80.3341794
Restaurant 98,Mumbai,Andheri,Dessert,Dessert 15; Dessert 14,2,247.5,Dessert 15; Dessert 14,mumbai,andheri,22,12442373,19.2359028,72.8913816
Restaurant 98,Mumbai,Bandra,Main Course,Main Dish 43,1,293.0,Main Dish 43,mumbai,bandra,35,12442373,18.9699385,72.759283
Restaurant 98,New Delhi,Connaught Place,Main Course,Main Dish 44,1,458.8,Main Dish 44,new delhi,connaught place,14,5000000,28.7768744,77.2101217
Restaurant 98,New Delhi,Hauz Khas,Main Course,Main Dish 30; Main Dish 27; Main Dish 3; Main Dish 4,4,465.4,Main Dish 30; Main Dish 27; Main Dish 3; Main Dish 4,new delhi,hauz khas,33,5000000,28.6036311,77.0585451
Restaurant 98,New Delhi,Karol Bagh,Main Course,Main Dish 37,1,779.6,Main Dish 37,new delhi,karol bagh,13,5000000,28.6574196,77.0441197
Restaurant 98,New Delhi,Rajouri Garden,Appetizer / Main Course,Appetizer 14; Main Dish 29,2,465.2,Appetizer 14; Main Dish 29,new delhi,rajouri garden,35,5000000,28.5007915,77.1039491
Restaurant 98,New Delhi,Saket,Appetizer,Appetizer 17,1,82.8,Appetizer 17,new delhi,saket,55,5000000,28.6691063,77.2525151
Restaurant 98,Pune,Aundh,Main Course,Main Dish 21,1,292.2,Main Dish 21,pune,aundh,41,9429408,18.680062,73.812447
Restaurant 98,Pune,Baner,Dessert,Dessert 1; Dessert 2,2,191.5,Dessert 1; Dessert 2,pune,baner,49,9429408,18.5937213,73.6807814
Restaurant 98,Pune,Hinjawadi,Main Course,Main Dish 33,1,683.8,Main Dish 33,pune,hinjawadi,13,9429408,18.6649489,73.6476755
Restaurant 98,Pune,Kothrud,Dessert,Dessert 9,1,270.9,Dessert 9,pune,kothrud,32,9429408,18.4222211,73.7247303
Restaurant 98,Pune,Viman Nagar,Beverage / Dessert,Dessert 16; Beverage 7,2,215.8,Dessert 16; Beverage 7,pune,viman nagar,44,9429408,18.4567844,73.9312025
Restaurant 99,Bangalore,Indiranagar,Dessert,Dessert 10,1,315.5,Dessert 10,bangalore,indiranagar,50,9621551,12.9436172,77.7877068
Restaurant 99,Bangalore,Koramangala,Main Course,Main Dish 6,1,709.0,Main Dish 6,bangalore,koramangala,26,9621551,12.7975713,77.6577142
Restaurant 99,Bangalore,Mg Road,Main Course,Main Dish 8,1,296.4,Main Dish 8,bangalore,mg road,54,9621551,13.1206313,77.5975315
Restaurant 99,Bangalore,Whitefield,Beverage / Dessert / Main Course,Beverage 3; Beverage 13; Dessert 16; Main Dish 12,4,295.3,Beverage 3; Beverage 13; Dessert 16; Main Dish 12,bangalore,whitefield,19,9621551,12.8586836,77.8250423
Restaurant 99,Chennai,Adyar,Beverage / Main Course,Beverage 16; Main Dish 3,2,208.6,Beverage 16; Main Dish 3,chennai,adyar,32,4646732,12.9051544,80.3632004
Restaurant 99,Chennai,Anna Nagar,Dessert / Main Course,Dessert 8; Main Dish 34,2,469.6,Dessert 8; Main Dish 34,chennai,anna nagar,50,4646732,13.1678539,80.0885456
Restaurant 99,Chennai,Nungambakkam,Appetizer / Main Course,Main Dish 42; Appetizer 19; Main Dish 36,3,357.6,Main Dish 42; Appetizer 19; Main Dish 36,chennai,nungambakkam,30,4646732,12.9840708,80.1111878
Restaurant 99,Chennai,T. Nagar,Dessert / Main Course,Main Dish 23; Main Dish 9; Dessert 8,3,514.0,Main Dish 23; Main Dish 9; Dessert 8,chennai,t. nagar,34,4646732,13.0938629,80.0890363
Restaurant 99,Chennai,Velachery,Beverage / Main Course,Main Dish 31; Beverage 5,2,412.2,Main Dish 31; Beverage 5,chennai,velachery,22,4646732,12.8324856,80.2063395
Restaurant 99,Mumbai,Goregaon,Appetizer / Main Course,Main Dish 14; Appetizer 14; Main Dish 7,3,215.2,Main Dish 14; Appetizer 14; Main Dish 7,mumbai,goregaon,47,12442373,19.2830474,72.8518005
Restaurant 99,Mumbai,Powai,Appetizer / Beverage,Appetizer 20; Beverage 5,2,262.7,Appetizer 20; Beverage 5,mumbai,powai,35,12442373,19.1314635,72.7882274
Restaurant 99,New Delhi,Connaught Place,Appetizer / Beverage,Appetizer 18; Beverage 2,2,92.1,Appetizer 18; Beverage 2,new delhi,connaught place,14,5000000,28.5304739,77.3248017
Restaurant 99,New Delhi,Hauz Khas,Main Course,Main Dish 23; Main Dish 6,2,669.7,Main Dish 23; Main Dish 6,new delhi,hauz khas,33,5000000,28.6030272,77.3452376
Restaurant 99,New Delhi,Karol Bagh,Main Course,Main Dish 41; Main Dish 21,2,285.0,Main Dish 41; Main Dish 21,new delhi,karol bagh,13,5000000,28.7511347,77.3024068
Restaurant 99,New Delhi,Saket,Main Course / Snack,Snack 10; Main Dish 42,2,302.0,Snack 10; Main Dish 42,new delhi,saket,55,5000000,28.3864305,77.2767244
Restaurant 99,Pune,Baner,Main Course,Main Dish 30,1,472.6,Main Dish 30,pune,baner,49,9429408,18.6037887,73.8852081
Restaurant 99,Pune,Kothrud,Dessert,Dessert 10,1,228.4,Dessert 10,pune,kothrud,32,9429408,18.6254404,73.8079189
